Date,SX5E,VSTOXX,FR_10Y,IT_10Y,ES_10Y,AAA_10Y,spread_FR,spread_IT,spread_ES,Refi,ret_sx5e,delta_vstoxx,delta_refi,delta_spread_FR,delta_spread_IT,delta_spread_ES
2019-01-04,3041.85009765625,20.48,0.695,2.892,1.478,0.2746611771045129,42.03388228954871,261.7338822895487,120.33388228954873,0.0,0.02908235979073425,-2.5199999999999996,0.0,1.0566407844235357,-2.443359215576436,1.1566407844235584
2019-01-07,3033.639892578125,20.15,0.721,2.904,1.507,0.2888748335790811,43.212516642091884,261.5125166420919,121.81251664209188,0.0,-0.002702731825455765,-0.33000000000000185,0.0,1.1786343525431775,-0.22136564745682108,1.4786343525431533
2019-01-08,3054.93994140625,19.48,0.737,2.965,1.527,0.3105817908749722,42.64182091250278,265.44182091250275,121.64182091250278,0.0,0.006996750080740116,-0.6699999999999982,0.0,-0.5706957295891044,3.929304270410853,-0.17069572958909873
2019-01-09,3070.239990234375,19.0,0.713,2.899,1.497,0.3011134769877213,41.18865230122787,259.7886523012279,119.58865230122788,0.0,0.004995797942399764,-0.4800000000000004,0.0,-1.4531686112749114,-5.65316861127485,-2.0531686112748986
2019-01-10,3075.72998046875,18.69,0.678,2.894,1.457,0.2674735772420931,41.052642275790696,262.6526422757907,118.9526422757907,0.0,0.0017865338492528064,-0.3099999999999987,0.0,-0.136010025437173,2.8639899745627986,-0.6360100254371872
2019-01-11,3070.0400390625,17.42,0.664,2.865,1.453,0.2487008781019892,41.52991218980108,261.6299121898011,120.42991218980109,0.0,-0.0018516615538500102,-1.2699999999999996,0.0,0.4772699140103853,-1.0227300859896218,1.4772699140103924
2019-01-14,3055.179931640625,17.9,0.642,2.849,1.425,0.2426070715739641,39.93929284260359,260.6392928426036,118.2392928426036,0.0,-0.004852115237414933,0.4799999999999969,0.0,-1.5906193471974888,-0.9906193471974802,-2.190619347197483
2019-01-15,3068.050048828125,16.93,0.624,2.869,1.4,0.2388592302140466,38.51407697859534,263.01407697859537,116.11407697859532,0.0,0.0042037082327598925,-0.9699999999999989,0.0,-1.4252158640082513,2.3747841359917743,-2.1252158640082826
2019-01-16,3077.219970703125,15.72,0.634,2.759,1.379,0.2580422898655383,37.595771013446175,250.09577101344613,112.09577101344615,0.0,0.002984385926702165,-1.209999999999999,0.0,-0.9183059651491661,-12.918305965149244,-4.0183059651491675
2019-01-17,3069.35009765625,15.41,0.647,2.76,1.373,0.2672090339938258,37.979096600617424,249.2790966006174,110.57909660061742,0.0,-0.002560737861873269,-0.3100000000000005,0.0,0.38332558717124954,-0.8166744128287178,-1.5166744128287348
2019-01-18,3134.919921875,14.28,0.659,2.734,1.356,0.2811071406436354,37.789285935636464,245.28928593563649,107.48928593563647,0.0,0.021137785882951204,-1.1300000000000008,0.0,-0.18981066498096055,-3.989810664980922,-3.089810664980945
2019-01-21,3125.070068359375,15.38,0.661,2.758,1.377,0.2881681561761904,37.283184382380966,246.98318438238093,108.88318438238096,0.0,-0.0031469256850880545,1.1000000000000014,0.0,-0.5061015532554975,1.6938984467444413,1.3938984467444868
2019-01-22,3112.800048828125,16.0,0.643,2.751,1.348,0.2680802570460607,37.49197429539393,248.2919742953939,107.99197429539392,0.0,-0.003934046437552616,0.6199999999999992,0.0,0.20878991301296423,1.308789913012987,-0.8912100869870443
2019-01-23,3112.1298828125,16.48,0.635,2.755,1.326,0.2652459915527392,36.97540084472608,248.97540084472607,106.07540084472608,0.0,-0.00021531680695961887,0.4800000000000004,0.0,-0.516573450667849,0.6834265493321539,-1.9165734506678405
2019-01-24,3126.31005859375,15.56,0.585,2.671,1.244,0.2159525970341627,36.904740296583725,245.5047402965837,102.80474029658372,0.0,0.00454607252324938,-0.9199999999999999,0.0,-0.07066054814235656,-3.4706605481423765,-3.2706605481423594
2019-01-25,3163.239990234375,14.78,0.6,2.649,1.242,0.2245224257989444,37.54775742010556,242.44775742010555,101.74775742010556,0.0,0.011743401598662159,-0.7800000000000011,0.0,0.6430171235218367,-3.056982876478145,-1.056982876478159
2019-01-28,3137.27001953125,16.16,0.608,2.668,1.23,0.2289868402934871,37.90131597065129,243.9013159706513,100.10131597065129,0.0,-0.008243814465920539,1.3800000000000008,0.0,0.3535585505457277,1.4535585505457504,-1.6464414494542723
2019-01-29,3153.419921875,16.05,0.61,2.634,1.242,0.2268015997158632,38.31984002841368,240.71984002841367,101.51984002841368,0.0,0.005134552163591746,-0.10999999999999943,0.0,0.4185240577623901,-3.1814759422376255,1.4185240577623972
2019-01-30,3161.739990234375,16.02,0.595,2.6,1.266,0.2152586627451107,37.974133725488926,238.4741337254889,105.07413372548892,0.0,0.002634952491782735,-0.030000000000001137,0.0,-0.3457063029247536,-2.2457063029247593,3.554293697075238
2019-01-31,3159.429931640625,15.11,0.558,2.592,1.201,0.1876074798881903,37.03925201118098,240.43925201118097,101.33925201118096,0.0,-0.0007308959338661556,-0.9100000000000001,0.0,-0.9348817143079486,1.965118285692057,-3.73488171430796
2019-02-01,3171.1201171875,13.99,0.572,2.734,1.227,0.1876056777856991,38.43943222143009,254.63943222143007,103.9394322214301,0.0,0.003693264801556981,-1.1199999999999992,0.0,1.4001802102491112,14.200180210249101,2.6001802102491354
2019-02-04,3165.199951171875,14.21,0.584,2.753,1.256,0.2057848207517945,37.82151792482055,254.72151792482055,105.02151792482056,0.0,-0.0018686454201941745,0.22000000000000064,0.0,-0.6179142966095412,0.08208570339047583,1.0820857033904616
2019-02-05,3215.0400390625,13.58,0.579,2.795,1.26,0.2156275055677969,36.33724944322031,257.9372494432203,104.43724944322032,0.0,0.015623582115390725,-0.6300000000000008,0.0,-1.484268481600239,3.215731518399764,-0.5842684816002333
2019-02-06,3212.75,13.62,0.578,2.837,1.262,0.1950841126159166,38.291588738408336,264.1915887384084,106.69158873840834,0.0,-0.0007125432366254678,0.03999999999999915,0.0,1.9543392951880278,6.254339295188117,2.254339295188018
2019-02-07,3150.760009765625,16.17,0.554,2.948,1.245,0.1473309502632198,40.66690497367802,280.066904973678,109.76690497367802,0.0,-0.019483571527738813,2.5500000000000025,0.0,2.375316235269686,15.875316235269565,3.075316235269682
2019-02-08,3135.6201171875,16.31,0.539,2.977,1.24,0.1209066788765658,41.80933211234342,285.6093321123434,111.90933211234342,0.0,-0.004816737627708068,0.13999999999999702,0.0,1.142427138665397,5.542427138665403,2.142427138665397
2019-02-11,3165.610107421875,15.22,0.571,2.89,1.25,0.1494672097430349,42.153279025696506,274.0532790256965,110.0532790256965,0.0,0.009518844927248676,-1.089999999999998,0.0,0.34394691335308636,-11.556053086646898,-1.8560530866469236
2019-02-12,3190.75,14.28,0.566,2.844,1.246,0.1776718162281163,38.83281837718836,266.6328183771884,106.83281837718836,0.0,0.007910194903747813,-0.9400000000000013,0.0,-3.3204606485081456,-7.420460648508083,-3.220460648508137
2019-02-13,3202.3701171875,13.97,0.553,2.785,1.244,0.1779687473438458,37.503125265615424,260.7031252656154,106.60312526561542,0.0,0.003635198391655212,-0.3099999999999987,0.0,-1.3296931115729365,-5.929693111572988,-0.22969311157294214
2019-02-14,3182.659912109375,15.76,0.528,2.806,1.245,0.1346361223007073,39.33638776992928,267.1363877699293,111.03638776992928,0.0,-0.006173899761014132,1.7899999999999991,0.0,1.8332625043138577,6.433262504313859,4.433262504313859
2019-02-15,3241.25,14.29,0.537,2.8,1.248,0.1493039042508019,38.76960957491982,265.0696095749198,109.8696095749198,0.0,0.018241760359433,-1.4700000000000006,0.0,-0.5667781950094621,-2.0667781950094763,-1.1667781950094707
2019-02-18,3244.7900390625,14.54,0.546,2.768,1.234,0.156501247709333,38.94987522906671,261.14987522906665,107.74987522906667,0.0,0.0010915872836722747,0.25,0.0,0.18026565414689344,-3.9197343458531577,-2.119734345853132
2019-02-19,3239.409912109375,14.61,0.533,2.787,1.22,0.1541121528490903,37.88878471509097,263.28878471509097,106.58878471509097,0.0,-0.0016594578292738738,0.07000000000000028,0.0,-1.061090513975742,2.1389094860243176,-1.161090513975708
2019-02-20,3259.489990234375,14.27,0.528,2.86,1.21,0.1454993038550047,38.25006961449953,271.4500696144995,106.45006961449953,0.0,0.006179551101348188,-0.33999999999999986,0.0,0.36128489940855957,8.161284899408543,-0.13871510059144043
2019-02-21,3263.699951171875,14.34,0.543,2.829,1.215,0.1839394969591405,35.90605030408596,264.506050304086,103.10605030408595,0.0,0.0012907677255535534,0.07000000000000028,0.0,-2.3440193104135716,-6.944019310413523,-3.3440193104135716
2019-02-22,3270.550048828125,13.98,0.516,2.853,1.18,0.1479103895348381,36.8089610465162,270.5089610465162,103.20896104651618,0.0,0.002096675262102332,-0.35999999999999943,0.0,0.9029107424302438,6.002910742430231,0.10291074243022535
2019-02-25,3280.010009765625,13.85,0.525,2.765,1.167,0.1583176480177206,36.66823519822794,260.66823519822793,100.86823519822794,0.0,0.00288829273506868,-0.13000000000000078,0.0,-0.1407258482882625,-9.840725848288287,-2.340725848288244
2019-02-26,3289.320068359375,13.89,0.524,2.711,1.148,0.1601038119487405,36.38961880512596,255.08961880512592,98.78961880512594,0.0,0.0028344031175147177,0.040000000000000924,0.0,-0.27861639310197717,-5.57861639310201,-2.0786163931019956
2019-02-27,3282.77001953125,14.35,0.55,2.784,1.162,0.1967485204224011,35.325147957759896,258.7251479577599,96.52514795775988,0.0,-0.0019932931257057003,0.4599999999999991,0.0,-1.0644708473660671,3.63552915263395,-2.2644708473660558
2019-02-28,3298.260009765625,13.59,0.575,2.76,1.181,0.2281325209626938,34.68674790373062,253.18674790373055,95.28674790373064,0.0,0.004707475507838866,-0.7599999999999998,0.0,-0.638400054029276,-5.538400054029324,-1.238400054029242
2019-03-01,3312.10009765625,13.37,0.582,2.733,1.21,0.2549494461534891,32.70505538465109,247.8050553846511,95.50505538465109,0.0,0.00418739913975763,-0.22000000000000064,0.0,-1.9816925190795303,-5.381692519079451,0.21830748092044416
2019-03-04,3317.1201171875,13.65,0.555,2.736,1.18,0.2247227033646335,33.027729663536654,251.12772966353668,95.52772966353665,0.0,0.0015145131186214444,0.28000000000000114,0.0,0.32267427888556455,3.322674278885586,0.022674278885560284
2019-03-05,3327.18994140625,13.51,0.56,2.707,1.166,0.216517984050184,34.34820159498161,249.0482015949816,94.9482015949816,0.0,0.003031114394056127,-0.14000000000000057,0.0,1.3204719314449562,-2.079528068555078,-0.5795280685550495
2019-03-06,3324.669921875,13.44,0.512,2.614,1.123,0.1811138541074211,33.088614589257894,243.2886145892579,94.1886145892579,0.0,-0.0007576887377681633,-0.07000000000000028,0.0,-1.2595870057237164,-5.759587005723716,-0.7595870057237022
2019-03-07,3308.85009765625,13.87,0.423,2.487,1.05,0.1309803509597036,29.201964904029644,235.60196490402964,91.90196490402964,0.0,-0.0047696710535570916,0.4299999999999997,0.0,-3.8866496852282495,-7.686649685228247,-2.286649685228255
2019-03-08,3283.60009765625,14.41,0.41,2.506,1.063,0.1219710544043821,28.802894559561786,238.40289455956176,94.10289455956178,0.0,-0.0076603152773874784,0.5400000000000009,0.0,-0.3990703444678587,2.8009296555321157,2.2009296555321356
2019-03-11,3304.43994140625,14.15,0.473,2.563,1.164,0.1090820490458961,36.39179509541039,245.3917950954104,105.49179509541038,0.0,0.006326589740569409,-0.2599999999999998,0.0,7.588900535848602,6.988900535848643,11.388900535848606
2019-03-12,3303.949951171875,13.84,0.476,2.539,1.185,0.1147251635682842,36.12748364317157,242.4274836431716,107.02748364317158,0.0,-0.00014829337954865037,-0.3100000000000005,0.0,-0.2643114522388146,-2.964311452238803,1.5356885477611968
2019-03-13,3323.449951171875,13.95,0.467,2.56,1.202,0.1147251635682797,35.22748364317203,244.527483643172,108.72748364317202,0.0,0.005884677719809334,0.10999999999999943,0.0,-0.8999999999995438,2.100000000000392,1.7000000000004434
2019-03-14,3342.030029296875,13.65,0.471,2.499,1.209,0.1300044644419218,34.099553555807816,236.89955355580784,107.89955355580784,0.0,0.0055750302463771885,-0.29999999999999893,0.0,-1.1279300873642129,-7.627930087364149,-0.8279300873641802
2019-03-15,3386.080078125,12.92,0.462,2.498,1.201,0.1310416737271214,33.09583262728786,236.69583262728787,106.99583262728788,0.0,0.013094517642622764,-0.7300000000000004,0.0,-1.0037209285199538,-0.2037209285199708,-0.9037209285199594
2019-03-18,3387.93994140625,13.21,0.454,2.462,1.168,0.1340795395141767,31.99204604858233,232.79204604858236,103.39204604858232,0.0,0.0005491165726175592,0.2900000000000009,0.0,-1.103786578705531,-3.903786578705507,-3.6037865787055665
2019-03-19,3409.0,13.0,0.476,2.487,1.183,0.1571049543599576,31.889504564004238,232.98950456400425,102.58950456400424,0.0,0.0061969433807400115,-0.21000000000000085,0.0,-0.10254148457809364,0.19745851542188575,-0.8025414845780716
2019-03-20,3372.3798828125,14.48,0.458,2.511,1.177,0.1368180909245189,32.11819090754811,237.4181909075481,104.01819090754812,0.0,-0.010800301350769714,1.4800000000000004,0.0,0.22868634354387396,4.428686343543859,1.4286863435438732
2019-03-21,3367.39990234375,15.69,0.402,2.443,1.114,0.0926855715652252,30.931442843477484,235.03144284347744,102.13144284347749,0.0,-0.0014777875639244182,1.209999999999999,0.0,-1.1867480640706276,-2.386748064070673,-1.8867480640706304
2019-03-22,3305.72998046875,17.68,0.347,2.449,1.079,0.0155754714761329,33.142452852386704,243.34245285238669,106.3424528523867,0.0,-0.01848358377716195,1.9900000000000002,0.0,2.21101000890922,8.31101000890925,4.211010008909213
2019-03-25,3300.47998046875,17.34,0.35,2.516,1.111,0.032600052838323,31.739994716167697,248.3399947161677,107.8399947161677,0.0,-0.0015894139412073556,-0.33999999999999986,0.0,-1.402458136219007,4.997541863781009,1.4975418637809952
2019-03-26,3319.530029296875,15.85,0.354,2.47,1.104,0.0280913337258392,32.59086662741608,244.19086662741609,107.59086662741608,0.0,0.005755308944794314,-1.4900000000000002,0.0,0.8508719112483796,-4.14912808875161,-0.2491280887516183
2019-03-27,3322.0400390625,16.33,0.299,2.438,1.059,-0.0336564559057279,33.26564559057279,247.1656455905728,109.2656455905728,0.0,0.0007558483488961682,0.47999999999999865,0.0,0.6747789631567116,2.974778963156723,1.6747789631567258
2019-03-28,3320.2900390625,16.67,0.313,2.477,1.107,-0.0232666246051294,33.62666246051294,250.0266624605129,113.02666246051294,0.0,-0.0005269235403563518,0.3400000000000034,0.0,0.36101686994015125,2.8610168699401015,3.7610168699401356
2019-03-29,3351.7099609375,15.27,0.316,2.483,1.105,-0.0134294349958481,32.94294349958481,249.6429434995848,111.8429434995848,0.0,0.009418511433491846,-1.4000000000000021,0.0,-0.6837189609281324,-0.3837189609281211,-1.1837189609281324
2019-04-01,3385.3798828125,14.79,0.372,2.516,1.143,0.0081585304100282,36.38414695899719,250.7841469589972,113.48414695899716,0.0,0.00999547370872878,-0.4800000000000004,0.0,3.4412034594123853,1.1412034594124236,1.6412034594123526
2019-04-02,3395.699951171875,14.78,0.355,2.53,1.12,0.0113446890750634,34.365531092493654,251.86553109249363,110.86553109249368,0.0,0.0030437855266909836,-0.009999999999999787,0.0,-2.018615866503538,1.0813841334964138,-2.6186158665034753
2019-04-03,3435.56005859375,14.19,0.39,2.545,1.145,0.055835304364467,33.4164695635533,248.91646956355328,108.91646956355328,0.0,0.011670046153357415,-0.5899999999999999,0.0,-0.949061528940355,-2.949061528940348,-1.9490615289404047
2019-04-04,3441.929931640625,14.25,0.369,2.509,1.113,0.0442018633669638,32.47981366330362,246.4798136633036,106.8798136633036,0.0,0.0018523836101092637,0.0600000000000005,0.0,-0.9366559002496828,-2.43665590024969,-2.0366559002496842
2019-04-05,3447.469970703125,13.55,0.364,2.47,1.111,0.0499743692716569,31.40256307283431,242.00256307283436,106.1025630728343,0.0,0.001608279483022389,-0.6999999999999993,0.0,-1.0772505904693048,-4.477250590469225,-0.7772505904692935
2019-04-08,3438.06005859375,14.6,0.36,2.638,1.089,0.051849131345627,30.815086865437294,258.61508686543726,103.71508686543729,0.0,-0.0027332443334054375,1.049999999999999,0.0,-0.5874762073970174,16.6125237926029,-2.3874762073970146
2019-04-09,3417.219970703125,14.52,0.346,2.577,1.083,0.0394865855229134,30.651341447708656,253.75134144770865,104.35134144770866,0.0,-0.006080029408201862,-0.08000000000000007,0.0,-0.16374541772863793,-4.863745417728609,0.636254582271377
2019-04-10,3424.64990234375,14.28,0.317,2.556,1.045,0.0127112752718345,30.428872472816547,254.32887247281656,103.22887247281652,0.0,0.0021719017459172697,-0.2400000000000002,0.0,-0.22246897489210937,0.577531025107902,-1.1224689748921435
2019-04-11,3435.340087890625,12.6,0.332,2.513,1.004,0.0308424818041777,30.115751819582236,248.2157518195822,97.31575181958225,0.0,0.0031166792416666934,-1.6799999999999997,0.0,-0.3131206532343107,-6.113120653234347,-5.913120653234273
2019-04-12,3447.830078125,11.88,0.396,2.544,1.051,0.090170766985913,30.582923301408705,245.3829233014087,96.0829233014087,0.0,0.0036291428634174575,-0.7199999999999989,0.0,0.46717148182646895,-2.8328285181735,-1.232828518173548
2019-04-15,3450.4599609375,11.49,0.422,2.585,1.087,0.1150477302503643,30.695226974963568,246.9952269749636,97.19522697496356,0.0,0.000762473866717285,-0.39000000000000057,0.0,0.11230367355486237,1.6123036735548908,1.1123036735548624
2019-04-16,3463.360107421875,11.3,0.418,2.596,1.086,0.1072378389019834,31.076216109801656,248.87621610980167,97.87621610980166,0.0,0.003731702973759952,-0.1899999999999995,0.0,0.3809891348380887,1.8809891348380745,0.6809891348381001
2019-04-17,3477.72998046875,11.27,0.426,2.616,1.113,0.1274962291361352,29.85037708638648,248.8503770863865,98.55037708638648,0.0,0.004140529338951248,-0.030000000000001137,0.0,-1.2258390234151761,-0.025839023415187512,0.6741609765848153
2019-04-18,3499.22998046875,11.01,0.368,2.612,1.063,0.0725736382141772,29.54263617858228,253.9426361785823,99.04263617858228,0.0,0.006163162229973141,-0.2599999999999998,0.0,-0.3077409078041988,5.092259092195803,0.492259092195809
2019-04-23,3503.85009765625,12.2,0.398,2.68,1.12,0.0845989246841316,31.34010753158684,259.54010753158684,103.54010753158684,0.0,0.001319453099563155,1.1899999999999995,0.0,1.797471353004557,5.597471353004551,4.497471353004556
2019-04-24,3502.6298828125,12.54,0.348,2.68,1.075,0.0390836468344439,30.89163531655561,264.0916353165556,103.5916353165556,0.0,-0.00034831038110090095,0.33999999999999986,0.0,-0.44847221503122725,4.551527784968755,0.051527784968754986
2019-04-25,3491.919921875,12.96,0.371,2.692,1.096,0.0391228593352925,33.187714066470754,265.2877140664708,105.68771406647076,0.0,-0.0030623755942903925,0.4200000000000017,0.0,2.296078749915143,1.1960787499152161,2.096078749915165
2019-04-26,3500.409912109375,12.6,0.352,2.581,1.026,0.0304865472921314,32.151345270786855,255.05134527078687,99.55134527078688,0.0,0.0024283735487511562,-0.3600000000000012,0.0,-1.0363687956838987,-10.236368795683944,-6.136368795683879
2019-04-29,3501.93994140625,13.03,0.366,2.588,1.02,0.0561914214297303,30.980857857026965,253.18085785702695,96.38085785702695,0.0,0.00043700453511518074,0.4299999999999997,0.0,-1.17048741375989,-1.8704874137599177,-3.170487413759929
2019-04-30,3514.6201171875,13.26,0.37,2.565,1.008,0.0761878544554783,29.38121455445217,248.88121455445216,93.18121455445215,0.0,0.0036143607350106488,0.23000000000000043,0.0,-1.599643302574794,-4.299643302574793,-3.199643302574799
2019-05-02,3488.929931640625,14.34,0.374,2.554,0.998,0.0593398053985803,31.46601946014197,249.46601946014195,93.86601946014196,0.0,-0.007336365298447954,1.08,0.0,2.084804905689797,0.5848049056897935,0.684804905689802
2019-05-03,3502.47998046875,13.38,0.37,2.555,0.988,0.0651605071425143,30.48394928574857,248.9839492857486,92.28394928574856,0.0,0.0038762040744869403,-0.9599999999999991,0.0,-0.9820701743933995,-0.48207017439335687,-1.5820701743933938
2019-05-06,3462.949951171875,15.74,0.359,2.598,0.984,0.0617863578319615,29.72136421680385,253.62136421680384,92.22136421680383,0.0,-0.011350470561675938,2.3599999999999994,0.0,-0.7625850689447198,4.637414931055247,-0.0625850689447276
2019-05-07,3401.159912109375,18.04,0.33,2.632,0.971,0.0193468238560781,31.06531761439219,261.2653176143922,95.16531761439218,0.0,-0.01800428880376624,2.299999999999999,0.0,1.34395339758834,7.643953397588348,2.943953397588345
2019-05-08,3417.260009765625,17.64,0.327,2.604,0.958,0.0019885055598809,32.501149444011915,260.2011494440119,95.6011494440119,0.0,0.0047225391698514484,-0.3999999999999986,0.0,1.435831829619726,-1.0641681703802988,0.43583182961971545
2019-05-09,3350.7099609375,20.04,0.346,2.677,0.997,-0.0053698785817859,35.136987858178585,268.2369878581786,100.23698785817858,0.0,-0.019666811212396784,2.3999999999999986,0.0,2.6358384141666704,8.035838414166733,4.635838414166685
2019-05-10,3361.050048828125,18.51,0.346,2.685,0.978,0.0210306412591094,32.496935874089054,266.3969358740891,95.69693587408906,0.0,0.0030811876634647896,-1.5299999999999976,0.0,-2.6400519840895313,-1.8400519840895413,-4.540051984089516
2019-05-13,3320.780029296875,19.43,0.333,2.719,0.996,-0.0012420114929847,33.42420114929847,272.02420114929845,99.72420114929848,0.0,-0.012053735769100852,0.9199999999999982,0.0,0.9272652752094146,5.627265275209368,4.027265275209416
2019-05-14,3364.3798828125,17.56,0.329,2.739,0.978,-0.0172238039155092,34.62238039155092,275.6223803915509,99.52238039155093,0.0,0.013043957744589892,-1.870000000000001,0.0,1.1981792422524506,3.5981792422524563,-0.20182075774755504
2019-05-15,3385.780029296875,16.75,0.306,2.747,0.962,-0.053947157757741,35.9947157757741,280.0947157757741,101.5947157757741,0.0,0.006340655172745262,-0.8099999999999987,0.0,1.3723353842231774,4.472335384223186,2.07233538422318
2019-05-16,3438.56005859375,15.06,0.292,2.685,0.907,-0.0280312101331166,32.003121013311656,271.3031210133117,93.50312101331168,0.0,0.015468479301926191,-1.6899999999999995,0.0,-3.991594762462441,-8.79159476246241,-8.091594762462421
2019-05-17,3425.639892578125,14.98,0.285,2.673,0.883,-0.0446204000615271,32.96204000615271,271.7620400061527,92.76204000615272,0.0,-0.0037645119214941175,-0.08000000000000007,0.0,0.9589189928410562,0.45891899284100646,-0.741081007158968
2019-05-20,3369.780029296875,17.38,0.313,2.705,0.889,-0.0279463745283292,34.09463745283292,273.29463745283294,91.69463745283292,0.0,-0.01644081518525763,2.3999999999999986,0.0,1.132597446680208,1.5325974466802563,-1.0674025533197948
2019-05-21,3386.510009765625,15.83,0.33,2.643,0.877,-0.0110129223581578,34.101292235815784,265.4012922358158,88.80129223581578,0.0,0.004952426425164069,-1.549999999999999,0.0,0.006654782982863594,-7.893345217017156,-2.893345217017142
2019-05-22,3386.719970703125,15.45,0.306,2.634,0.87,-0.0156953901877687,32.169539018776874,264.96953901877686,88.56953901877687,0.0,6.199728583633241e-05,-0.3800000000000008,0.0,-1.93175321703891,-0.4317532170389313,-0.23175321703891427
2019-05-23,3327.199951171875,17.64,0.283,2.639,0.857,-0.050595377300898,33.3595377300898,268.9595377300898,90.7595377300898,0.0,-0.017730797968082964,2.1900000000000013,0.0,1.1899987113129242,3.9899987113129214,2.1899987113129384
2019-05-24,3350.699951171875,16.71,0.282,2.55,0.827,-0.0461320958908424,32.81320958908424,259.61320958908425,87.31320958908424,0.0,0.007038169889114234,-0.9299999999999997,0.0,-0.54632814100556,-9.346328141005529,-3.4463281410055657
2019-05-27,3364.0400390625,16.24,0.263,2.658,0.81,-0.0727535517885158,33.57535517885158,273.0753551788516,88.27535517885158,0.0,0.003973379597973264,-0.4700000000000024,0.0,0.7621455897673428,13.462145589767374,0.9621455897673457
2019-05-28,3348.860107421875,16.17,0.254,2.688,0.792,-0.0850865484653629,33.908654846536294,277.3086548465363,87.70865484653629,0.0,-0.004522622766229335,-0.06999999999999673,0.0,0.3332996676847131,4.233299667684662,-0.5667003323152926
2019-05-29,3297.81005859375,17.78,0.227,2.645,0.733,-0.1100936805507961,33.709368055079615,275.5093680550796,84.3093680550796,0.0,-0.015361391919796507,1.6099999999999994,0.0,-0.1992867914566787,-1.799286791456666,-3.3992867914566887
2019-05-31,3280.429931640625,17.42,0.211,2.663,0.716,-0.1317339566911721,34.273395669117214,279.4733956691172,84.7733956691172,0.0,-0.005284139046233651,-0.35999999999999943,0.0,0.5640276140375988,3.9640276140376045,0.4640276140376045
2019-06-03,3300.219970703125,17.24,0.202,2.574,0.695,-0.1439480990346955,34.594809903469546,271.7948099034695,83.89480990346955,0.0,0.006014633513776111,-0.18000000000000327,0.0,0.3214142343523321,-7.678585765647711,-0.8785857656476566
2019-06-04,3333.489990234375,16.42,0.186,2.525,0.668,-0.1462880655729286,33.228806557292856,267.1288065572929,81.42880655729286,0.0,0.010030676252192191,-0.8199999999999967,0.0,-1.36600334617669,-4.6660033461766375,-2.4660033461766915
2019-06-05,3339.949951171875,16.1,0.158,2.487,0.634,-0.1671417480833614,32.514174808336136,265.41417480833616,80.11417480833613,0.0,0.0019360219053373904,-0.3200000000000003,0.0,-0.7146317489567195,-1.7146317489567195,-1.314631748956728
2019-06-06,3338.409912109375,15.63,0.117,2.491,0.611,-0.1668102519763499,28.38102519763499,265.781025197635,77.78102519763499,0.0,-0.00046120278670987614,-0.47000000000000064,0.0,-4.133149610701146,0.36685038929886105,-2.333149610701142
2019-06-07,3378.3798828125,14.91,0.085,2.361,0.551,-0.2058512388002991,29.08512388002991,256.68512388002995,75.68512388002992,0.0,0.01190165055992911,-0.7200000000000006,0.0,0.7040986823949211,-9.095901317605069,-2.095901317605069
2019-06-11,3401.10009765625,14.8,0.119,2.382,0.578,-0.1732442800768798,29.22442800768798,255.524428007688,75.12442800768797,0.0,0.006702667452184589,-0.10999999999999943,0.0,0.1393041276580682,-1.160695872341961,-0.5606958723419524
2019-06-12,3386.6298828125,14.95,0.117,2.369,0.576,-0.1754792559113274,29.24792559113274,254.4479255911328,75.14792559113273,0.0,-0.004263645373682966,0.14999999999999858,0.0,0.023497583444761716,-1.0765024165552006,0.02349758344476527
2019-06-13,3390.5,14.37,0.109,2.37,0.546,-0.184136216280125,29.3136216280125,255.4136216280125,73.0136216280125,0.0,0.0011421110927804824,-0.5800000000000001,0.0,0.065696036879757,0.9656960368797058,-2.1343039631202316
2019-06-14,3379.18994140625,14.36,0.093,2.34,0.501,-0.192624006520115,28.562400652011497,253.26240065201148,69.3624006520115,0.0,-0.0033413846762753085,-0.009999999999999787,0.0,-0.7512209760010009,-2.1512209760010137,-3.6512209760009995
2019-06-17,3383.2099609375,14.03,0.11,2.289,0.529,-0.1801843625105217,29.01843625105217,246.91843625105216,70.91843625105217,0.0,0.001188932941810127,-0.33000000000000007,0.0,0.45603559904067126,-6.343964400959322,1.5560355990406691
2019-06-18,3452.889892578125,13.27,0.011,2.105,0.392,-0.2541286667618458,26.512866676184583,235.9128666761846,64.61286667618458,0.0,0.020386579025630014,-0.7599999999999998,0.0,-2.505569574867586,-11.005569574867565,-6.30556957486759
2019-06-19,3454.699951171875,13.66,0.049,2.121,0.409,-0.2283185907642408,27.73185907642408,234.93185907642408,63.73185907642408,0.0,0.0005240782027082539,0.39000000000000057,0.0,1.2189924002394967,-0.9810075997605168,-0.8810075997605011
2019-06-20,3468.080078125,13.35,0.011,2.151,0.39,-0.2589806351735197,26.998063517351973,240.998063517352,64.89806351735197,0.0,0.0038655405942223196,-0.3100000000000005,0.0,-0.7337955590721066,6.066204440927919,1.166204440927892
2019-06-21,3466.919921875,13.39,0.047,2.163,0.444,-0.220985780612763,26.798578061276302,238.39857806127628,66.4985780612763,0.0,-0.0003345800319603544,0.040000000000000924,0.0,-0.1994854560756707,-2.599485456075712,1.6005145439243336
2019-06-24,3455.570068359375,13.97,0.025,2.16,0.411,-0.236256178446395,26.1256178446395,239.62561784463952,64.72561784463949,0.0,-0.003279127510980501,0.5800000000000001,0.0,-0.6729602166368025,1.2270397833632387,-1.7729602166368181
2019-06-25,3444.360107421875,13.98,-0.006,2.157,0.38,-0.2668973850955889,26.08973850955889,242.3897385095589,64.6897385095589,0.0,-0.003249299779784712,0.009999999999999787,0.0,-0.035879335080608143,2.764120664919375,-0.03587933508059393
2019-06-26,3442.949951171875,14.06,0.019,2.143,0.394,-0.2551530776744495,27.41530776744495,239.8153077674449,64.91530776744496,0.0,-0.00040949405724687813,0.08000000000000007,0.0,1.325569257886059,-2.5744307421140036,0.22556925788606463
2019-06-27,3442.3798828125,14.12,0.0,2.133,0.398,-0.2476540647390281,24.76540647390281,238.0654064739028,64.56540647390281,0.0,-0.0001655892671586578,0.05999999999999872,0.0,-2.6499012935421398,-1.7499012935420808,-0.34990129354214616
2019-06-28,3473.68994140625,13.73,-0.006,2.09,0.395,-0.2588942841047439,25.28942841047439,234.8894284104744,65.3894284104744,0.0,0.009054354074669209,-0.3899999999999988,0.0,0.5240219365715788,-3.1759780634284027,0.8240219365715831
2019-07-01,3497.590087890625,12.38,-0.049,2.001,0.336,-0.2822507044178106,23.325070441781055,228.3250704417811,61.82507044178106,0.0,0.006856772364126666,-1.3499999999999996,0.0,-1.964357968693335,-6.564357968693315,-3.5643579686933364
2019-07-02,3507.97998046875,11.84,-0.058,1.857,0.295,-0.295684715854378,23.7684715854378,215.2684715854378,59.0684715854378,0.0,0.002966182650225708,-0.5400000000000009,0.0,0.44340114365674665,-13.0565988563433,-2.7565988563432597
2019-07-03,3540.6298828125,11.7,-0.098,1.612,0.218,-0.3233026522007147,22.53026522007147,193.5302652200715,54.13026522007147,0.0,0.009264276643620627,-0.14000000000000057,0.0,-1.2382063653663309,-21.738206365366295,-4.938206365366327
2019-07-04,3544.14990234375,11.77,-0.13,1.669,0.249,-0.3386541676528445,20.86541676528445,200.76541676528444,58.76541676528445,0.0,0.0009936850340124745,0.07000000000000028,0.0,-1.6648484547870197,7.235151545212943,4.6351515452129775
2019-07-05,3527.97998046875,12.42,-0.083,1.746,0.329,-0.2811771411426611,19.81771411426611,202.7177141142661,61.017714114266106,0.0,-0.004572865691242527,0.6500000000000004,0.0,-1.0477026510183407,1.9522973489816593,2.2522973489816565
2019-07-08,3523.760009765625,12.62,-0.069,1.78,0.44,-0.3185665538172992,24.95665538172992,209.8566553817299,75.85665538172992,0.0,-0.0011968595588375316,0.1999999999999993,0.0,5.13894126746381,7.138941267463792,14.838941267463817
2019-07-09,3509.75,12.75,-0.052,1.741,0.421,-0.2828982478013682,23.08982478013682,202.3898247801368,70.38982478013682,0.0,-0.003983794229374947,0.13000000000000078,0.0,-1.8668306015931009,-7.466830601593102,-5.466830601593102
2019-07-10,3501.52001953125,12.82,-0.015,1.741,0.444,-0.2322518805097879,21.72518805097879,197.3251880509788,67.62518805097879,0.0,-0.0023476443570821215,0.07000000000000028,0.0,-1.364636729158029,-5.064636729157996,-2.7646367291580276
2019-07-11,3496.72998046875,12.47,0.02,1.715,0.481,-0.2050963058150006,22.50963058150006,192.0096305815001,68.60963058150006,0.0,-0.001368925034266224,-0.34999999999999964,0.0,0.7844425305212681,-5.315557469478705,0.9844425305212638
2019-07-12,3497.6298828125,12.39,0.063,1.733,0.57,-0.1802300406916455,24.32300406916455,191.32300406916457,75.02300406916454,0.0,0.00025732229004675163,-0.08000000000000007,0.0,1.8133734876644922,-0.686626512335522,6.413373487664487
2019-07-15,3502.219970703125,12.61,0.013,1.64,0.513,-0.2239930439373068,23.69930439373068,186.39930439373063,73.69930439373069,0.0,0.0013114820016394049,0.21999999999999886,0.0,-0.6236996754338691,-4.923699675433937,-1.3236996754338577
2019-07-16,3521.360107421875,12.16,0.002,1.612,0.491,-0.2301979167969126,23.21979167969126,184.21979167969127,72.11979167969126,0.0,0.005450264362689077,-0.4499999999999993,0.0,-0.47951271403942286,-2.1795127140393618,-1.5795127140394243
2019-07-17,3501.580078125,12.6,-0.037,1.604,0.459,-0.2663176698717433,22.93176698717433,187.03176698717436,72.53176698717434,0.0,-0.0056329916180202794,0.4399999999999995,0.0,-0.2880246925169274,2.8119753074830953,0.4119753074830754
2019-07-18,3482.830078125,13.33,-0.062,1.558,0.409,-0.2732295241437557,21.12295241437557,183.1229524143756,68.22295241437557,0.0,-0.005369113389189768,0.7300000000000004,0.0,-1.808814572798763,-3.908814572798775,-4.308814572798767
2019-07-19,3480.179931640625,13.7,-0.072,1.604,0.398,-0.2942121540578526,22.221215405785266,189.82121540578527,69.22121540578526,0.0,-0.000761207181556337,0.3699999999999992,0.0,1.0982629914096975,6.698262991409678,0.998262991409689
2019-07-22,3489.919921875,13.55,-0.082,1.667,0.407,-0.308391021670733,22.6391021670733,197.5391021670733,71.5391021670733,0.0,0.002794793985420721,-0.14999999999999858,0.0,0.4178867612880346,7.717886761288042,2.3178867612880367
2019-07-23,3532.8701171875,12.71,-0.089,1.603,0.406,-0.3188229363477268,22.98229363477268,192.1822936347727,72.48229363477267,0.0,0.012231814016895727,-0.8399999999999999,0.0,0.3431914676993806,-5.356808532300619,0.9431914676993784
2019-07-24,3532.89990234375,13.12,-0.114,1.497,0.351,-0.3556120516892473,24.16120516892473,185.2612051689248,70.66120516892474,0.0,8.430830940725079e-06,0.40999999999999837,0.0,1.17891153415205,-6.921088465847902,-1.8210884658479358
2019-07-25,3510.14990234375,13.27,-0.111,1.524,0.372,-0.3128483573934599,20.184835739345992,183.684835739346,68.48483573934598,0.0,-0.0064602919911525255,0.15000000000000036,0.0,-3.976369429578739,-1.57636942957879,-2.176369429578756
2019-07-26,3524.469970703125,12.67,-0.12,1.575,0.385,-0.3435090809685244,22.35090809685244,191.85090809685244,72.85090809685244,0.0,0.004071318251206608,-0.5999999999999996,0.0,2.1660723575064473,8.166072357506437,4.366072357506454
2019-07-29,3523.580078125,12.64,-0.138,1.581,0.362,-0.3699780393391343,23.19780393391343,195.09780393391344,73.19780393391343,0.0,-0.00025252164121671554,-0.02999999999999936,0.0,0.8468958370609911,3.246895837061004,0.34689583706099825
2019-07-30,3462.85009765625,14.47,-0.14,1.583,0.36,-0.3727334858910356,23.27334858910356,195.57334858910357,73.27334858910356,0.0,-0.017385562757756146,1.83,0.0,0.07554465519012865,0.47554465519013434,0.07554465519012865
2019-07-31,3466.85009765625,14.39,-0.183,1.547,0.289,-0.3904594031654613,20.74594031654613,193.74594031654613,67.94594031654613,0.0,0.0011544512263195112,-0.08000000000000007,0.0,-2.5274082725574303,-1.8274082725574488,-5.3274082725574345
2019-08-02,3376.1201171875,18.35,-0.234,1.541,0.256,-0.4522644373659639,21.82644373659639,199.3264437365964,70.82644373659639,0.0,-0.026519273028441145,3.960000000000001,0.0,1.0805034200502597,5.580503420050263,2.8805034200502604
2019-08-05,3310.929931640625,21.06,-0.235,1.564,0.257,-0.4904111160493314,25.541111604933143,205.4411116049332,74.74111160493314,0.0,-0.019498059790406343,2.7099999999999973,0.0,3.714667868336754,6.114667868336824,3.9146678683367497
2019-08-06,3291.659912109375,21.38,-0.264,1.509,0.241,-0.5044519797708062,24.045197977080623,201.3451979770806,74.54519797708062,0.0,-0.005837125946429015,0.3200000000000003,0.0,-1.49591362785252,-4.09591362785261,-0.1959136278525193
2019-08-07,3309.989990234375,21.04,-0.313,1.433,0.169,-0.5782931035842056,26.52931035842056,201.12931035842053,74.72931035842056,0.0,0.005553195186457326,-0.33999999999999986,0.0,2.484112381339937,-0.21588761866007644,0.18411238133994345
2019-08-08,3375.3798828125,18.0,-0.279,1.538,0.243,-0.5273443492965746,24.83443492965745,206.53443492965744,77.03443492965746,0.0,0.01956271057467883,-3.039999999999999,0.0,-1.6948754287631083,5.405124571236911,2.3051245712369024
2019-08-09,3333.739990234375,18.95,-0.266,1.826,0.273,-0.5389426225725074,27.294262257250736,236.49426225725077,81.19426225725074,0.0,-0.012413081905490593,0.9499999999999993,0.0,2.4598273275932847,29.95982732759333,4.159827327593277
2019-08-12,3326.550048828125,19.25,-0.284,1.736,0.238,-0.55705653084746,27.305653084746,229.305653084746,79.505653084746,0.0,-0.0021590483768927143,0.3000000000000007,0.0,0.011390827495265654,-7.188609172504755,-1.6886091725047407
2019-08-13,3357.159912109375,18.62,-0.312,1.62,0.213,-0.566503042976227,25.4503042976227,218.6503042976227,77.9503042976227,0.0,0.009159606706369968,-0.629999999999999,0.0,-1.855348787123301,-10.655348787123302,-1.5553487871233074
2019-08-14,3288.699951171875,22.06,-0.37,1.515,0.15,-0.6154969419987606,24.54969419987606,213.0496941998761,76.54969419987606,0.0,-0.020603017219872934,3.4399999999999977,0.0,-0.9006100977466396,-5.600610097746625,-1.400610097746636
2019-08-15,3282.780029296875,22.54,-0.433,1.342,0.044,-0.6560361272580888,22.30361272580888,199.80361272580888,70.00361272580888,0.0,-0.0018017017457246593,0.4800000000000004,0.0,-2.246081474067182,-13.24608147406721,-6.546081474067179
2019-08-16,3329.080078125,20.38,-0.41,1.354,0.096,-0.6694386680997124,25.943866809971244,202.34386680997125,76.54386680997123,0.0,0.014005379693108387,-2.16,0.0,3.6402540841623647,2.5402540841623704,6.540254084162356
2019-08-19,3369.18994140625,18.26,-0.366,1.431,0.139,-0.6035549201196875,23.755492011968748,203.45549201196877,74.25549201196876,0.0,0.011976328987782793,-2.1199999999999974,0.0,-2.1883747980024957,1.1116252019975263,-2.2883747980024793
2019-08-20,3350.22998046875,18.43,-0.412,1.372,0.106,-0.6591605838044821,24.716058380448207,203.11605838044815,76.5160583804482,0.0,-0.005643347633177132,0.16999999999999815,0.0,0.9605663684794585,-0.33943363152062034,2.260566368479445
2019-08-21,3394.889892578125,16.77,-0.402,1.337,0.106,-0.6324653342967186,23.046533429671857,196.94653342967183,73.84653342967185,0.0,0.013242333887616543,-1.6600000000000001,0.0,-1.6695249507763492,-6.169524950776321,-2.669524950776349
2019-08-22,3373.669921875,18.23,-0.359,1.332,0.147,-0.6009931155429968,24.199311554299683,193.2993115542997,74.79931155429969,0.0,-0.006270178828869566,1.4600000000000009,0.0,1.152778124627826,-3.6472218753721393,0.9527781246278408
2019-08-23,3334.25,20.15,-0.371,1.318,0.146,-0.6068446041662208,23.58446041662208,192.48446041662208,75.28446041662208,0.0,-0.011753382905184963,1.9199999999999982,0.0,-0.6148511376776042,-0.8148511376776071,0.4851488623223901
2019-08-26,3348.840087890625,20.25,-0.375,1.333,0.144,-0.6197477039190202,24.474770391902023,195.274770391902,76.37477039190202,0.0,0.004366276940152436,0.10000000000000142,0.0,0.8903099752799442,2.7903099752799108,1.0903099752799363
2019-08-27,3370.469970703125,19.44,-0.417,1.138,0.086,-0.6423986973704445,22.53986973704445,178.03986973704446,72.83986973704445,0.0,0.00643814836243856,-0.8099999999999987,0.0,-1.9349006548575716,-17.23490065485754,-3.534900654857566
2019-08-28,3365.3798828125,19.33,-0.435,1.048,0.072,-0.6803128383431969,24.53128383431969,172.8312838343197,75.23128383431968,0.0,-0.001511342731859848,-0.11000000000000298,0.0,1.9914140972752392,-5.208585902724764,2.3914140972752307
2019-08-29,3411.330078125,17.6,-0.411,0.99,0.115,-0.6567194182117428,24.57194182117429,164.67194182117427,77.17194182117429,0.0,0.013561418389799615,-1.7299999999999969,0.0,0.04065798685459754,-8.15934201314542,1.9406579868546032
2019-08-30,3426.760009765625,17.67,-0.409,1.033,0.123,-0.6526805405710738,24.368054057107383,168.56805405710736,77.56805405710739,0.0,0.004512943710980414,0.07000000000000028,0.0,-0.20388776406690567,3.8961122359330886,0.39611223593310285
2019-09-02,3432.5400390625,17.54,-0.393,0.971,0.141,-0.6459338318807459,25.293383188074596,161.6933831880746,78.69338318807459,0.0,0.0016853120941797257,-0.13000000000000256,0.0,0.9253291309672136,-6.874670869032769,1.1253291309672022
2019-09-03,3420.739990234375,18.24,-0.4,0.862,0.12,-0.6558821046502317,25.588210465023163,151.78821046502318,77.58821046502317,0.0,-0.003443624202902063,0.6999999999999993,0.0,0.2948272769485669,-9.905172723051408,-1.1051727230514246
2019-09-04,3450.830078125,16.58,-0.375,0.822,0.169,-0.6093422921739715,23.434229217397156,143.13422921739715,77.83422921739715,0.0,0.00875790537508064,-1.6600000000000001,0.0,-2.1539812476260067,-8.653981247626035,0.24601875237398474
2019-09-05,3484.699951171875,15.51,-0.281,0.938,0.257,-0.5401369927529736,25.913699275297358,147.81369927529735,79.71369927529736,0.0,0.009767138822959258,-1.0699999999999985,0.0,2.479470057900201,4.679470057900204,1.8794700579002068
2019-09-06,3495.18994140625,14.63,-0.341,0.883,0.181,-0.587504400343394,24.6504400343394,147.0504400343394,76.85044003433941,0.0,0.0030057775390850932,-0.879999999999999,0.0,-1.2632592409579573,-0.7632592409579502,-2.8632592409579445
2019-09-09,3495.02001953125,14.94,-0.279,0.955,0.228,-0.5297917094533093,25.07917094533093,148.47917094533094,75.77917094533093,0.0,-4.8617101913433956e-05,0.3099999999999987,0.0,0.42873091099152916,1.4287309109915327,-1.0712690890084815
2019-09-10,3498.989990234375,15.26,-0.245,1.026,0.267,-0.5259884867446023,28.098848674460232,155.19884867446024,79.29884867446023,0.0,0.0011352489126990608,0.3200000000000003,0.0,3.0196777291293024,6.719677729129302,3.519677729129299
2019-09-11,3516.820068359375,15.44,-0.26,0.976,0.274,-0.5217154825725316,26.171548257253164,149.77154825725316,79.57154825725317,0.0,0.005082839005936374,0.17999999999999972,0.0,-1.9273004172070678,-5.4273004172070785,0.2726995827929386
2019-09-12,3538.860107421875,14.41,-0.242,0.844,0.229,-0.5264382987596723,28.443829875967232,137.04382987596722,75.54382987596723,0.0,0.006247480101262014,-1.0299999999999994,0.0,2.272281618714068,-12.72771838128594,-4.027718381285936
2019-09-13,3550.110107421875,13.74,-0.175,0.87,0.313,-0.4428530465877127,26.78530465877127,131.28530465877125,75.58530465877126,0.0,0.0031739474432443326,-0.6699999999999999,0.0,-1.6585252171959617,-5.758525217195967,0.0414747828040305
2019-09-16,3518.449951171875,15.25,-0.201,0.853,0.272,-0.4300552577409258,22.905525774092578,128.3055257740926,70.20552577409258,0.0,-0.008958081336859713,1.5099999999999998,0.0,-3.879778884678693,-2.979778884678666,-5.379778884678686
2019-09-17,3521.260009765625,15.55,-0.18,0.929,0.302,-0.4355409695901002,25.55409695901002,136.45409695901003,73.75409695901001,0.0,0.0007983450336996804,0.3000000000000007,0.0,2.6485711849174436,8.148571184917444,3.548571184917435
2019-09-18,3528.0400390625,15.21,-0.223,0.868,0.239,-0.4555477016382112,23.25477016382112,132.35477016382112,69.45477016382111,0.0,0.0019236041424152616,-0.33999999999999986,0.0,-2.2993267951889003,-4.099326795188915,-4.299326795188904
2019-09-19,3552.64990234375,14.5,-0.21,0.888,0.267,-0.4564759425948046,24.647594259480464,134.44759425948044,72.34759425948046,0.0,0.006951289374737932,-0.7100000000000009,0.0,1.3928240956593427,2.0928240956593243,2.89282409565935
2019-09-20,3571.389892578125,13.97,-0.22,0.921,0.246,-0.4734546186223682,25.345461862236817,139.44546186223684,71.94546186223683,0.0,0.005261069280614557,-0.5299999999999994,0.0,0.6978676027563537,4.997867602756401,-0.4021323972436335
2019-09-23,3536.969970703125,15.58,-0.289,0.834,0.163,-0.539055426277939,25.005542627793904,137.3055426277939,70.2055426277939,0.0,-0.009684425535993671,1.6099999999999994,0.0,-0.33991923444291317,-2.1399192344429423,-1.7399192344429224
2019-09-24,3532.050048828125,15.97,-0.3,0.831,0.121,-0.5412999510699241,24.12999510699241,137.22999510699242,66.22999510699242,0.0,-0.0013919673889164544,0.39000000000000057,0.0,-0.8755475208014936,-0.07554752080147864,-3.9755475208014843
2019-09-25,3513.030029296875,17.23,-0.275,0.835,0.14,-0.5625564984968463,28.755649849684627,139.75564984968463,70.25564984968463,0.0,-0.0053995314548410415,1.2599999999999998,0.0,4.625654742692216,2.525654742692211,4.025654742692211
2019-09-26,3532.179931640625,16.59,-0.287,0.829,0.156,-0.5330093327805128,24.60093327805128,136.20093327805128,68.90093327805128,0.0,0.005436303420893501,-0.6400000000000006,0.0,-4.154716571633347,-3.5547165716333495,-1.3547165716333467
2019-09-27,3545.8798828125,15.88,-0.281,0.829,0.159,-0.540628427520967,25.96284275209669,136.9628427520967,69.9628427520967,0.0,0.00387110836567334,-0.7099999999999991,0.0,1.3619094740454116,0.7619094740454102,1.0619094740454216
2019-09-30,3569.449951171875,15.83,-0.273,0.828,0.149,-0.5210200593301089,24.80200593301089,134.90200593301088,67.00200593301089,0.0,0.006625175535800722,-0.05000000000000071,0.0,-1.1608368190858016,-2.0608368190858073,-2.960836819085813
2019-10-01,3518.25,17.26,-0.263,0.856,0.164,-0.4911456205732021,22.81456205732021,134.7145620573202,65.51456205732022,0.0,-0.014447801724193129,1.4300000000000015,0.0,-1.9874438756906798,-0.18744387569068977,-1.4874438756906727
2019-10-02,3413.31005859375,21.01,-0.25,0.896,0.179,-0.4890583508045334,23.905835080453343,138.50583508045332,66.80583508045335,0.0,-0.030281194745898233,3.75,0.0,1.0912730231331338,3.7912730231331295,1.2912730231331295
2019-10-03,3417.3701171875,20.5,-0.286,0.828,0.147,-0.545025068308433,25.902506830843304,137.3025068308433,69.2025068308433,0.0,0.001188771532965912,-0.5100000000000016,0.0,1.996671750389961,-1.2033282496100242,2.396671750389956
2019-10-04,3446.7099609375,18.52,-0.281,0.831,0.14,-0.5395014143504913,25.850141435049125,137.0501414350491,67.95014143504913,0.0,0.008548857852109609,-1.9800000000000004,0.0,-0.05236539579417965,-0.25236539579418604,-1.2523653957941718
2019-10-07,3471.239990234375,17.86,-0.275,0.955,0.152,-0.5358568620820776,26.08568620820776,149.08568620820776,68.78568620820776,0.0,0.0070917344810837,-0.6600000000000001,0.0,0.23554477315863664,12.035544773158648,0.835544773158631
2019-10-08,3432.760009765625,19.23,-0.301,0.948,0.135,-0.5463180468511566,24.53180468511566,149.43180468511565,68.13180468511565,0.0,-0.011147270838182023,1.370000000000001,0.0,-1.5538815230921017,0.34611847690788977,-0.6538815230921102
2019-10-09,3462.110107421875,18.39,-0.258,0.974,0.164,-0.5196653222910337,26.166532229103368,149.36653222910337,68.36653222910337,0.0,0.008513655641798316,-0.8399999999999999,0.0,1.634727543987708,-0.0652724560122806,0.23472754398771656
2019-10-10,3493.9599609375,17.42,-0.187,1.059,0.229,-0.4355530911837086,24.85530911837086,149.45530911837085,66.45530911837086,0.0,0.00915749145099939,-0.9699999999999989,0.0,-1.3112231107325059,0.08877688926747851,-1.9112231107325073
2019-10-11,3569.919921875,15.89,-0.165,1.056,0.257,-0.404815146088354,23.9815146088354,146.0815146088354,66.1815146088354,0.0,0.02150741242321663,-1.5300000000000011,0.0,-0.8737945095354611,-3.3737945095354576,-0.27379450953546325
2019-10-14,3556.260009765625,15.92,-0.181,1.02,0.223,-0.4109760015739629,22.99760015739629,143.0976001573963,63.3976001573963,0.0,-0.003833731107254259,0.02999999999999936,0.0,-0.9839144514391123,-2.983914451439091,-2.7839144514391023
2019-10-15,3598.64990234375,14.47,-0.162,1.035,0.233,-0.4199959140833309,25.79959140833309,145.4995914083331,65.29959140833309,0.0,0.01184931440968913,-1.4499999999999993,0.0,2.8019912509368012,2.4019912509367884,1.9019912509367884
2019-10-16,3599.25,14.76,-0.136,1.028,0.255,-0.3406904201441074,20.46904201441074,136.86904201441075,59.56904201441073,0.0,0.00016674242925906294,0.28999999999999915,0.0,-5.33054939392235,-8.630549393922337,-5.730549393922352
2019-10-17,3588.6201171875,14.93,-0.148,0.995,0.236,-0.3533183535963942,20.53183535963942,134.83183535963943,58.931835359639415,0.0,-0.002957730284083654,0.16999999999999993,0.0,0.06279334522868041,-2.0372066547713246,-0.6372066547713189
2019-10-18,3579.409912109375,15.37,-0.077,1.03,0.261,-0.3320884254293594,25.508842542935938,136.20884254293594,59.308842542935935,0.0,-0.0025698023331583776,0.4399999999999995,0.0,4.977007183296518,1.377007183296513,0.37700718329652005
2019-10-21,3600.080078125,14.74,-0.04,1.089,0.302,-0.2977929654352937,25.779296543529373,138.67929654352938,59.97929654352937,0.0,0.005758131331197624,-0.629999999999999,0.0,0.2704540005934355,2.470454000593435,0.6704540005934376
2019-10-22,3604.820068359375,14.17,-0.062,1.03,0.272,-0.3260065424401097,26.40065424401097,135.60065424401097,59.80065424401098,0.0,0.0013157686635057282,-0.5700000000000003,0.0,0.621357700481596,-3.078642299518407,-0.17864229951839405
2019-10-23,3606.889892578125,13.46,-0.092,1.042,0.258,-0.3528551036786362,26.08551036786362,139.48551036786364,61.08551036786363,0.0,0.0005740176149053576,-0.7099999999999991,0.0,-0.3151438761473493,3.8848561238526713,1.2848561238526486
2019-10-24,3621.3701171875,13.09,-0.105,1.01,0.254,-0.354018210845731,24.9018210845731,136.4018210845731,60.80182108457311,0.0,0.004006564224361597,-0.370000000000001,0.0,-1.1836892832905193,-3.083689283290539,-0.28368928329051357
2019-10-25,3624.679931640625,12.82,-0.071,1.047,0.273,-0.3282783360588817,25.72783360588817,137.52783360588816,60.12783360588817,0.0,0.0009135500475463428,-0.2699999999999996,0.0,0.826012521315068,1.1260125213150616,-0.6739874786849427
2019-10-28,3625.68994140625,13.2,-0.028,1.103,0.317,-0.2807901987884289,25.279019878842888,138.37901987884288,59.77901987884289,0.0,0.0002786091716267642,0.379999999999999,0.0,-0.44881372704528033,0.8511862729547204,-0.34881372704528246
2019-10-29,3622.090087890625,13.73,-0.055,1.097,0.294,-0.3011600967122811,24.616009671228117,139.8160096712281,59.51600967122811,0.0,-0.0009933672923557613,0.5300000000000011,0.0,-0.6630102076147715,1.4369897923852193,-0.26301020761477645
2019-10-30,3620.2900390625,13.8,-0.058,1.094,0.3,-0.3108008455914759,25.280084559147596,140.4800845591476,61.08008455914759,0.0,-0.0004970876517490208,0.07000000000000028,0.0,0.6640748879194796,0.6640748879194973,1.5640748879194817
2019-10-31,3604.409912109375,13.79,-0.097,1.028,0.252,-0.3645588719895603,26.75588719895603,139.25588719895603,61.65588719895603,0.0,-0.004396072538559251,-0.010000000000001563,0.0,1.4758026398084354,-1.2241973601915674,0.5758026398084368
2019-11-01,3623.739990234375,12.84,-0.069,1.097,0.289,-0.3441161750711101,27.51161750711101,144.11161750711102,63.31161750711101,0.0,0.005348567605187081,-0.9499999999999993,0.0,0.7557303081549769,4.855730308154989,1.655730308154979
2019-11-04,3665.2099609375,12.9,-0.044,1.094,0.321,-0.3021454461068025,25.81454461068025,139.61454461068027,62.31454461068024,0.0,0.011378982828876893,0.0600000000000005,0.0,-1.6970728964307575,-4.497072896430751,-0.9970728964307725
2019-11-05,3676.52001953125,12.92,-0.016,1.113,0.335,-0.2710676566086931,25.506765660869306,138.40676566086933,60.606765660869314,0.0,0.003081036096623522,0.019999999999999574,0.0,-0.30777894981094533,-1.207778949810944,-1.7077789498109226
2019-11-06,3688.739990234375,12.93,-0.031,1.124,0.312,-0.2787346063823466,24.77346063823466,140.27346063823467,59.07346063823466,0.0,0.003318275770228137,0.009999999999999787,0.0,-0.7333050226346458,1.8666949773653414,-1.5333050226346572
2019-11-07,3706.679931640625,12.75,0.049,1.25,0.389,-0.2201532546105151,26.91532546105151,147.0153254610515,60.91532546105152,0.0,0.004851645149467459,-0.17999999999999972,0.0,2.1418648228168493,6.7418648228168365,1.8418648228168664
2019-11-08,3699.64990234375,12.85,0.025,1.272,0.4,-0.2103714368814579,23.53714368814579,148.2371436881458,61.03714368814579,0.0,-0.0018983846427929106,0.09999999999999964,0.0,-3.3781817729057195,1.2218182270943032,0.12181822709426626
2019-11-11,3696.820068359375,13.09,0.052,1.342,0.436,-0.2123400482789588,26.43400482789588,155.43400482789588,64.83400482789588,0.0,-0.0007651850500733898,0.2400000000000002,0.0,2.89686113975009,7.1968611397500695,3.796861139750092
2019-11-12,3712.199951171875,12.63,0.051,1.304,0.46,-0.1979308834242665,24.89308834242665,150.19308834242665,65.79308834242666,0.0,0.004151670494359643,-0.4599999999999991,0.0,-1.5409164854692285,-5.240916485469228,0.959083514530775
2019-11-13,3699.5,12.8,0.014,1.333,0.466,-0.2515448649363168,26.55448649363168,158.45448649363166,71.75448649363167,0.0,-0.003427004245972637,0.16999999999999993,0.0,1.6613981512050273,8.261398151205015,5.961398151205017
2019-11-14,3688.81005859375,12.47,-0.022,1.433,0.465,-0.2868179394782228,26.48179394782228,171.9817939478223,75.18179394782229,0.0,-0.002893746683900256,-0.33000000000000007,0.0,-0.07269254580939943,13.527307454190634,3.4273074541906112
2019-11-15,3711.610107421875,11.54,-0.02,1.33,0.459,-0.2871831969159881,26.718319691598808,161.71831969159882,74.61831969159881,0.0,0.00616184499165898,-0.9300000000000015,0.0,0.23652574377652869,-10.263474256223475,-0.563474256223472
2019-11-18,3704.919921875,12.04,-0.027,1.294,0.426,-0.2900271193479522,26.30271193479522,158.40271193479524,71.60271193479521,0.0,-0.0018041287057676107,0.5,0.0,-0.4156077568035883,-3.315607756803587,-3.015607756803604
2019-11-19,3696.56005859375,12.37,-0.027,1.331,0.443,-0.2841604354693521,25.716043546935207,161.5160435469352,72.71604354693521,0.0,-0.0022589716808824514,0.33000000000000007,0.0,-0.5866683878600121,3.113331612139973,1.1133316121400014
2019-11-20,3683.8798828125,12.73,-0.042,1.301,0.433,-0.3109123343617468,26.891233436174684,161.19123343617468,74.39123343617469,0.0,-0.0034361605428303217,0.3600000000000012,0.0,1.1751898892394763,-0.3248101107605237,1.6751898892394763
2019-11-21,3679.659912109375,13.13,-0.014,1.282,0.465,-0.272655670494704,25.8655670494704,155.46556704947042,73.7655670494704,0.0,-0.001146180039123763,0.40000000000000036,0.0,-1.025666386704284,-5.725666386704262,-0.6256663867042818
2019-11-22,3687.320068359375,13.09,-0.044,1.297,0.42,-0.2973916357957993,25.33916357957993,159.4391635795799,71.73916357957992,0.0,0.0020795927316128475,-0.040000000000000924,0.0,-0.526403469890468,3.9735965301094893,-2.0264034698904823
2019-11-25,3707.679931640625,12.38,-0.037,1.278,0.419,-0.3061156040067034,26.911560400670343,158.41156040067034,72.51156040067033,0.0,0.005506400195960518,-0.7099999999999991,0.0,1.5723968210904111,-1.0276031789095725,0.7723968210904104
2019-11-26,3705.550048828125,12.1,-0.059,1.274,0.405,-0.3272787648525148,26.82787648525148,160.12787648525148,73.22787648525149,0.0,-0.0005746166992569041,-0.28000000000000114,0.0,-0.08368391541886311,1.7163160845811376,0.7163160845811518
2019-11-27,3712.85009765625,12.2,-0.057,1.323,0.408,-0.3124069590627201,25.54069590627201,163.540695906272,72.040695906272,0.0,0.00196809313067668,0.09999999999999964,0.0,-1.28718057897947,3.412819421020515,-1.1871805789794792
2019-11-28,3704.47998046875,12.8,-0.051,1.349,0.422,-0.3103829971593468,25.938299715934683,165.93829971593468,73.23829971593467,0.0,-0.002256909333197426,0.6000000000000014,0.0,0.39760380966267306,2.3976038096626837,1.1976038096626667
2019-11-29,3703.580078125,13.17,-0.049,1.338,0.431,-0.2973038143639779,24.83038143639779,163.5303814363978,72.8303814363978,0.0,-0.0002429522279945481,0.3699999999999992,0.0,-1.107918279536893,-2.4079182795368865,-0.4079182795368723
2019-12-02,3626.659912109375,15.89,0.028,1.446,0.497,-0.2256774051360315,25.36774051360315,167.16774051360315,72.26774051360316,0.0,-0.020987850232313147,2.7200000000000006,0.0,0.5373590772053589,3.6373590772053603,-0.5626409227946425
2019-12-03,3610.989990234375,16.91,-0.044,1.385,0.427,-0.2736879642698002,22.96879642698002,165.86879642698003,70.06879642698001,0.0,-0.004330120017021433,1.0199999999999996,0.0,-2.3989440866231284,-1.2989440866231234,-2.1989440866231433
2019-12-04,3660.02001953125,15.22,-0.005,1.381,0.458,-0.2799956118351088,27.49956118351088,166.09956118351087,73.79956118351087,0.0,0.013486646944507397,-1.6899999999999995,0.0,4.530764756530861,0.23076475653084572,3.73076475653086
2019-12-05,3648.1298828125,15.37,0.023,1.483,0.502,-0.22895993687438,25.195993687438,171.195993687438,73.095993687438,0.0,-0.0032539417961678324,0.14999999999999858,0.0,-2.30356749607288,5.096432503927133,-0.7035674960728784
2019-12-06,3692.340087890625,14.13,0.031,1.447,0.503,-0.2352510049178291,26.62510049178291,168.2251004917829,73.82510049178292,0.0,0.012045751792146425,-1.2399999999999984,0.0,1.429106804344908,-2.970893195655094,0.7291068043449229
2019-12-09,3672.179931640625,14.92,0.013,1.391,0.474,-0.2490349363125705,26.203493631257054,164.00349363125707,72.30349363125706,0.0,-0.005474954662385276,0.7899999999999991,0.0,-0.4216068605258556,-4.221606860525839,-1.5216068605258641
2019-12-10,3671.780029296875,15.02,0.017,1.348,0.475,-0.2320126396514843,24.90126396514843,158.00126396514844,70.70126396514843,0.0,-0.00010890646089370607,0.09999999999999964,0.0,-1.302229666108623,-6.002229666108633,-1.6022296661086273
2019-12-11,3687.449951171875,15.23,-0.007,1.321,0.432,-0.250099353815663,24.3099353815663,157.1099353815663,68.2099353815663,0.0,0.004258582921974286,0.21000000000000085,0.0,-0.5913285835821291,-0.8913285835821512,-2.4913285835821313
2019-12-12,3706.35009765625,14.66,0.042,1.342,0.462,-0.23276364955082,27.476364955082,157.476364955082,69.476364955082,0.0,0.00511244218824923,-0.5700000000000003,0.0,3.1664295735156998,0.3664295735157168,1.2664295735157083
2019-12-13,3731.070068359375,13.12,0.002,1.258,0.427,-0.209293288334734,21.1293288334734,146.7293288334734,63.629328833473394,0.0,0.0066474829122348264,-1.540000000000001,0.0,-6.3470361216086,-10.747036121608602,-5.84703612160861
2019-12-16,3772.739990234375,11.64,0.022,1.299,0.433,-0.2336635567080494,25.566355670804946,153.26635567080493,66.66635567080495,0.0,0.011106451227342698,-1.4799999999999986,0.0,4.437026837331544,6.537026837331524,3.0370268373315525
2019-12-17,3745.280029296875,12.15,0.009,1.275,0.406,-0.2264504818646728,23.54504818646728,150.14504818646728,63.24504818646728,0.0,-0.007305136986293546,0.5099999999999998,0.0,-2.0213074843376653,-3.121307484337649,-3.4213074843376674
2019-12-18,3739.0,11.82,0.051,1.338,0.432,-0.1954644282915549,24.64644282915549,153.3464428291555,62.74644282915549,0.0,-0.0016781923568274177,-0.33000000000000007,0.0,1.1013946426882093,3.2013946426882285,-0.49860535731178857
2019-12-19,3739.169921875,12.18,0.066,1.396,0.469,-0.1588309274253023,22.483092742530232,155.48309274253023,62.78309274253022,0.0,4.544477507317111e-05,0.35999999999999943,0.0,-2.1633500866252575,2.1366499133747254,0.03664991337473111
2019-12-20,3776.56005859375,11.08,0.055,1.421,0.46,-0.1754136474164531,23.04136474164531,159.64136474164533,63.54136474164531,0.0,0.0099499171169498,-1.0999999999999996,0.0,0.5582719991150782,4.158271999115101,0.7582719991150881
2019-12-23,3776.659912109375,11.65,0.058,1.439,0.447,-0.1836878146458915,24.168781464589152,162.26878146458915,63.06878146458915,0.0,2.6439986129828246e-05,0.5700000000000003,0.0,1.1274167229438419,2.6274167229438206,-0.47258327705615955
2019-12-27,3782.27001953125,12.09,0.047,1.396,0.419,-0.1911062849224456,23.81062849224456,158.71062849224455,61.01062849224456,0.0,0.0014843657773499928,0.4399999999999995,0.0,-0.3581529723445911,-3.558152972344601,-2.058152972344594
2019-12-30,3748.469970703125,13.95,0.12,1.422,0.476,-0.1416139923580766,26.161399235807657,156.36139923580765,61.76139923580766,0.0,-0.008976614738494943,1.8599999999999994,0.0,2.3507707435630962,-2.3492292564368995,0.7507707435631019
2020-01-03,3773.3701171875,13.96,0.02,1.345,0.395,-0.2229262874035447,24.29262874035447,156.79262874035447,61.79262874035447,0.0,0.0066207835186731885,0.010000000000001563,0.0,-1.8687704954531874,0.4312295045468204,0.031229504546814724
2020-01-06,3752.52001953125,15.14,0.022,1.358,0.405,-0.2474256713180889,26.942567131808893,160.5425671318089,65.2425671318089,0.0,-0.0055409129343987435,1.1799999999999997,0.0,2.6499383914544232,3.7499383914544353,3.449938391454424
2020-01-07,3759.25,14.21,0.021,1.389,0.415,-0.2321297946632867,25.312979466328677,162.11297946632868,64.71297946632866,0.0,0.0017918499240334369,-0.9299999999999997,0.0,-1.6295876654802157,1.570412334519773,-0.5295876654802356
2020-01-08,3772.56005859375,14.04,0.048,1.407,0.433,-0.2045804381697511,25.25804381697511,161.15804381697512,63.75804381697511,0.0,0.0035343622172246364,-0.1700000000000017,0.0,-0.05493564935356687,-0.9549356493535583,-0.9549356493535512
2020-01-09,3795.8798828125,13.04,0.065,1.38,0.455,-0.1704795188835031,23.547951888350312,155.0479518883503,62.54795188835032,0.0,0.006162405514806101,-1.0,0.0,-1.7100919286247986,-6.110091928624826,-1.2100919286247915
2020-01-10,3789.52001953125,12.39,0.049,1.332,0.443,-0.1716351285092181,22.06351285092181,150.3635128509218,61.46351285092181,0.0,-0.0016768700011599927,-0.6499999999999986,0.0,-1.4844390374285013,-4.68443903742849,-1.0844390374285098
2020-01-13,3779.679931640625,12.71,0.091,1.385,0.484,-0.1406716470596256,23.16716470596256,152.56716470596257,62.46716470596256,0.0,-0.0026000352738735277,0.3200000000000003,0.0,1.1036518550407486,2.2036518550407607,1.0036518550407507
2020-01-14,3774.8798828125,12.41,0.083,1.39,0.481,-0.1581516795862603,24.11516795862603,154.81516795862603,63.91516795862603,0.0,-0.0012707688050571857,-0.3000000000000007,0.0,0.9480032526634723,2.248003252663466,1.4480032526634687
2020-01-15,3768.9599609375,12.04,0.049,1.39,0.45,-0.1844169430166284,23.34169430166284,157.44169430166284,63.44169430166284,0.0,-0.0015694721024832195,-0.370000000000001,0.0,-0.7734736569631906,2.626526343036801,-0.47347365696318633
2020-01-16,3774.139892578125,11.02,0.045,1.438,0.468,-0.1952813726951796,24.02813726951796,163.32813726951795,66.32813726951797,0.0,0.0013734227454110601,-1.0199999999999996,0.0,0.6864429678551183,5.886442967855118,2.8864429678551247
2020-01-17,3808.260009765625,10.69,0.042,1.386,0.468,-0.1876597776975583,22.96597776975583,157.36597776975583,65.56597776975583,0.0,0.008999880758420625,-0.33000000000000007,0.0,-1.062159499762128,-5.962159499762123,-0.7621594997621344
2020-01-20,3799.030029296875,11.25,0.039,1.36,0.451,-0.1961084729175675,23.51084729175675,155.61084729175676,64.71084729175675,0.0,-0.0024266157726484457,0.5600000000000005,0.0,0.5448695220009192,-1.7551304779990744,-0.8551304779990829
2020-01-21,3789.1201171875,11.81,0.009,1.366,0.424,-0.2024295210555888,21.142952105558884,156.8429521055589,62.64295210555888,0.0,-0.002611945613112356,0.5600000000000005,0.0,-2.3678951861978668,1.2321048138021524,-2.067895186197873
2020-01-22,3769.7900390625,12.24,-0.007,1.352,0.415,-0.2413260651055151,23.43260651055151,159.33260651055153,65.63260651055151,0.0,-0.005114525735154859,0.4299999999999997,0.0,2.289654404992625,2.4896544049926206,2.989654404992635
2020-01-23,3736.85009765625,13.16,-0.061,1.255,0.362,-0.274775830234081,21.377583023408096,152.9775830234081,63.67758302340809,0.0,-0.008776270670658675,0.9199999999999999,0.0,-2.055023487143412,-6.355023487143427,-1.9550234871434213
2020-01-24,3779.159912109375,12.67,-0.077,1.23,0.347,-0.2890709559875732,21.20709559875732,151.90709559875734,63.607095598757326,0.0,0.011258702775594138,-0.4900000000000002,0.0,-0.17048742465077638,-1.0704874246507643,-0.0704874246507643
2020-01-27,3677.840087890625,17.17,-0.125,1.043,0.288,-0.3474035493063248,22.24035493063248,139.04035493063247,63.54035493063248,0.0,-0.027176092227566742,4.500000000000002,0.0,1.0332593318751613,-12.866740668124862,-0.0667406681248437
2020-01-28,3719.219970703125,15.2,-0.089,1.028,0.315,-0.3346603235730501,24.56603235730501,136.26603235730502,64.96603235730501,0.0,0.01118831377312702,-1.9700000000000024,0.0,2.3256774266725273,-2.774322573327453,1.4256774266725287
2020-01-29,3736.360107421875,14.42,-0.122,0.963,0.303,-0.3448154271763561,22.28154271763561,130.7815427176356,64.7815427176356,0.0,0.00459794321458163,-0.7799999999999994,0.0,-2.284489639669399,-5.48448963966942,-0.18448963966940823
2020-01-30,3690.780029296875,16.42,-0.147,0.939,0.273,-0.3635179596217428,21.651795962174283,130.2517959621743,63.65179596217428,0.0,-0.012274078451682482,2.0000000000000018,0.0,-0.6297467554613263,-0.5297467554613036,-1.1297467554613192
2020-01-31,3640.909912109375,17.15,-0.183,0.924,0.23,-0.3982077398358039,21.520773983580387,132.2207739835804,62.8207739835804,0.0,-0.013604199501945177,0.7299999999999969,0.0,-0.1310219785938962,1.9689780214060875,-0.8310219785938813
2020-02-03,3661.27001953125,16.28,-0.18,0.957,0.246,-0.402813896006994,22.2813896006994,135.9813896006994,64.8813896006994,0.0,0.005576460830553932,-0.8699999999999974,0.0,0.7606156171190115,3.760615617119015,2.060615617119005
2020-02-04,3732.280029296875,14.5,-0.144,0.948,0.276,-0.355814043587328,21.1814043587328,130.3814043587328,63.181404358732806,0.0,0.019209227720934866,-1.7800000000000011,0.0,-1.0999852419665999,-5.599985241966607,-1.6999852419666013
2020-02-05,3777.840087890625,13.61,-0.102,0.967,0.297,-0.3251897667994936,22.31897667994936,129.21897667994935,62.21897667994936,0.0,0.012133126181716518,-0.8900000000000006,0.0,1.1375723212165596,-1.1624276787834447,-0.9624276787834489
2020-02-06,3805.52001953125,12.99,-0.112,0.969,0.3,-0.3121010087922475,20.01010087922475,128.11010087922477,61.21010087922475,0.0,0.007300208397701242,-0.6199999999999992,0.0,-2.308875800724607,-1.1088758007245758,-1.00887580072461
2020-02-07,3798.489990234375,13.32,-0.134,0.948,0.29,-0.3566917083887873,22.26917083887873,130.4691708388787,64.66917083887873,0.0,-0.0018490326264097108,0.33000000000000007,0.0,2.259069959653978,2.3590699596539366,3.4590699596539807
2020-02-10,3793.179931640625,13.7,-0.165,0.952,0.261,-0.3609515216190782,19.595152161907816,131.29515216190782,62.19515216190782,0.0,-0.0013989173697918458,0.379999999999999,0.0,-2.6740186769709133,0.8259813230291115,-2.474018676970907
2020-02-11,3825.840087890625,12.92,-0.143,0.972,0.271,-0.3585664011272444,21.55664011272444,133.05664011272444,62.95664011272444,0.0,0.008573374585439403,-0.7799999999999994,0.0,1.9614879508166254,1.7614879508166155,0.7614879508166226
2020-02-12,3854.429931640625,12.45,-0.14,0.922,0.312,-0.3428180050697578,20.281800506975777,126.4818005069758,65.48180050697579,0.0,0.0074450444412232425,-0.47000000000000064,0.0,-1.2748396057486637,-6.574839605748636,2.525160394251344
2020-02-13,3846.739990234375,13.25,-0.145,0.896,0.304,-0.348096359725043,20.3096359725043,124.40963597250428,65.2096359725043,0.0,-0.0019970846092495238,0.8000000000000007,0.0,0.027835465528522008,-2.0721645344715256,-0.2721645344714858
2020-02-14,3840.969970703125,13.06,-0.156,0.924,0.298,-0.3705077224328503,21.45077224328503,129.45077224328503,66.85077224328502,0.0,-0.0015011025764598521,-0.1899999999999995,0.0,1.1411362707807307,5.041136270780754,1.64113627078072
2020-02-17,3853.27001953125,12.97,-0.16,0.906,0.292,-0.3642674431213324,20.42674431213324,127.02674431213326,65.62674431213324,0.0,0.003197212283863462,-0.08999999999999986,0.0,-1.0240279311517888,-2.4240279311517696,-1.224027931151781
2020-02-18,3836.5400390625,13.84,-0.168,0.929,0.289,-0.3628297946670535,19.48297946670535,129.18297946670535,65.18297946670535,0.0,-0.0043512145910202145,0.8699999999999992,0.0,-0.9437648454278929,2.1562351545720873,-0.44376484542789285
2020-02-19,3865.179931640625,12.88,-0.183,0.942,0.273,-0.3712332951487851,18.823329514878512,131.3233295148785,64.42332951487852,0.0,0.007437306134576099,-0.9599999999999991,0.0,-0.659649951826836,2.140350048173161,-0.7596499518268303
2020-02-20,3822.97998046875,14.09,-0.213,0.913,0.232,-0.3924990118510174,17.949901185101737,130.54990118510176,62.449901185101744,0.0,-0.010978016969100043,1.209999999999999,0.0,-0.8734283297767753,-0.773428329776749,-1.9734283297767732
2020-02-21,3800.3798828125,15.75,-0.205,0.907,0.228,-0.4108924274161136,20.58924274161136,131.78924274161136,63.88924274161136,0.0,-0.005929187201152059,1.6600000000000001,0.0,2.639341556509624,1.2393415565096007,1.4393415565096177
2020-02-24,3647.97998046875,22.66,-0.233,0.968,0.214,-0.4397553021274061,20.675530212740608,140.77553021274062,65.37553021274061,0.0,-0.04092744651001526,6.91,0.0,0.08628747112924628,8.986287471129259,1.486287471129252
2020-02-25,3572.510009765625,27.44,-0.246,0.982,0.217,-0.4545266652956194,20.85266652956194,143.65266652956194,67.15266652956194,0.0,-0.0209051516751585,4.780000000000001,0.0,0.17713631682133268,2.8771363168213213,1.777136316821327
2020-02-26,3577.679931640625,24.54,-0.229,0.994,0.249,-0.4496438968959015,22.06438968959015,144.36438968959015,69.86438968959014,0.0,0.0014460938292004692,-2.900000000000002,0.0,1.2117231600282103,0.7117231600282139,2.7117231600281997
2020-02-27,3455.919921875,34.7,-0.26,1.074,0.307,-0.5029516978646975,24.29516978646975,157.69516978646976,80.99516978646975,0.0,-0.034625846621365954,10.160000000000004,0.0,2.2307800968795988,13.330780096879607,11.130780096879604
2020-02-28,3329.489990234375,42.24,-0.287,1.127,0.299,-0.5719619376432523,28.496193764325238,169.89619376432523,87.09619376432522,0.0,-0.03726954374261333,7.539999999999999,0.0,4.201023977855488,12.20102397785547,6.101023977855476
2020-03-02,3338.830078125,36.12,-0.299,1.154,0.291,-0.5880763725897622,28.90763725897622,174.2076372589762,87.90763725897621,0.0,0.0028013334401708156,-6.1200000000000045,0.0,0.41144349465098173,4.311443494650973,0.8114434946509874
2020-03-03,3371.969970703125,33.45,-0.326,0.985,0.186,-0.5560707424315745,23.00707424315745,154.10707424315743,74.20707424315745,0.0,0.009876664997364467,-2.6699999999999946,0.0,-5.9005630158187685,-20.10056301581878,-13.700563015818759
2020-03-04,3420.56005859375,29.76,-0.322,1.017,0.178,-0.5861897239546017,26.41897239546017,160.31897239546015,76.41897239546016,0.0,0.014307162875548266,-3.6900000000000013,0.0,3.4118981523027188,6.211898152302723,2.211898152302709
2020-03-05,3363.580078125,33.14,-0.351,1.068,0.218,-0.6207002835710718,26.97002835710718,168.87002835710717,83.87002835710717,0.0,-0.01679839131463021,3.379999999999999,0.0,0.551055961647009,8.551055961647023,7.451055961647015
2020-03-06,3232.070068359375,43.02,-0.354,1.079,0.218,-0.6907591114368969,33.675911143689696,176.9759111436897,90.87591114368968,0.0,-0.03988308618495261,9.880000000000003,0.0,6.705882786582517,8.105882786582526,7.005882786582504
2020-03-09,2959.070068359375,54.1,-0.377,1.408,0.275,-0.8152153483803315,43.82153483803315,222.32153483803316,109.02153483803316,0.0,-0.08824776710983163,11.079999999999998,0.0,10.145623694343456,45.34562369434346,18.145623694343485
2020-03-10,2910.02001953125,53.8,-0.291,1.386,0.354,-0.739890248508448,44.8890248508448,212.5890248508448,109.3890248508448,0.0,-0.01671509215691663,-0.30000000000000426,0.0,1.0674900128116462,-9.732509987188365,0.3674900128116434
2020-03-11,2905.56005859375,53.76,-0.318,1.186,0.266,-0.7025231014419004,38.45231014419005,188.85231014419003,96.85231014419004,0.0,-0.001533797747408632,-0.03999999999999915,0.0,-6.436714706654747,-23.736714706654766,-12.536714706654763
2020-03-12,2545.22998046875,71.52,-0.139,1.895,0.477,-0.6823884534583988,54.33884534583988,257.7388453458399,115.93884534583988,0.0,-0.1324051514499897,17.759999999999998,0.0,15.886535201649828,68.88653520164985,19.086535201649838
2020-03-13,2586.02001953125,74.33,0.02,1.805,0.633,-0.4964854710742976,51.64854710742976,230.14854710742972,112.94854710742976,0.0,0.015899010298095297,2.8100000000000023,0.0,-2.690298238410115,-27.590298238410156,-2.9902982384101193
2020-03-16,2450.3701171875,85.62,0.171,2.164,0.841,-0.3928589740459123,56.38589740459123,255.68589740459123,123.38589740459123,0.0,-0.053880940437663456,11.290000000000006,0.0,4.73735029716147,25.53735029716151,10.437350297161473
2020-03-17,2530.5,77.26,0.246,2.391,1.051,-0.3574957916003418,60.34957916003418,274.8495791600342,140.84957916003418,0.0,0.03217783028522156,-8.36,0.0,3.9636817554429484,19.16368175544295,17.46368175544295
2020-03-18,2385.820068359375,84.8,0.366,2.495,1.233,-0.1780639156936012,54.40639156936011,267.30639156936013,141.10639156936014,0.0,-0.05887400225671386,7.539999999999992,0.0,-5.943187590674071,-7.5431875906740515,0.25681240932595983
2020-03-19,2454.080078125,78.35,0.251,1.819,0.907,-0.1069264996597154,35.79264996597154,192.59264996597156,101.39264996597154,0.0,0.028209068013815706,-6.450000000000003,0.0,-18.61374160338857,-74.71374160338857,-39.7137416033886
2020-03-20,2548.5,68.21,0.125,1.635,0.77,-0.2482208155816199,37.32208155816199,188.322081558162,101.822081558162,0.0,0.03775297336886199,-10.14,0.0,1.5294315921904484,-4.270568407809549,0.4294315921904541
2020-03-23,2485.5400390625,64.43,0.112,1.605,0.77,-0.291235780141823,40.323578014182296,189.6235780141823,106.1235780141823,0.0,-0.02501499531758487,-3.779999999999987,0.0,3.0014964560203055,1.3014964560202884,4.301496456020303
2020-03-24,2715.110107421875,52.53,0.185,1.592,0.895,-0.2663578457315503,45.13578457315503,185.83578457315505,116.13578457315504,0.0,0.08834255230302712,-11.900000000000006,0.0,4.812206558972733,-3.7877934410272474,10.012206558972736
2020-03-25,2800.139892578125,57.13,0.221,1.576,0.881,-0.2383652373274745,45.936523732747446,181.43652373274745,111.93652373274745,0.0,0.030836869784760492,4.600000000000001,0.0,0.8007391595924176,-4.399260840407607,-4.1992608404075895
2020-03-26,2847.780029296875,54.31,0.015,1.243,0.567,-0.2686452399296861,28.36452399296861,151.1645239929686,83.5645239929686,0.0,0.016870376094456928,-2.8200000000000003,0.0,-17.571999739778835,-30.271999739778835,-28.371999739778843
2020-03-27,2728.64990234375,60.99,-0.051,1.334,0.538,-0.3952602898250528,34.42602898250528,172.92602898250527,93.32602898250528,0.0,-0.0427328080576399,6.68,0.0,6.061504989536669,21.76150498953666,9.761504989536675
2020-03-30,2765.6201171875,55.63,-0.064,1.486,0.596,-0.4505475844329756,38.65475844329756,193.6547584432976,104.65475844329757,0.0,0.013457938070896586,-5.359999999999999,0.0,4.22872946079228,20.728729460792323,11.328729460792289
2020-03-31,2786.89990234375,48.59,0.001,1.534,0.682,-0.4142217275658404,41.52217275658404,194.82217275658405,109.62217275658404,0.0,0.007664948263532728,-7.039999999999999,0.0,2.8674143132864813,1.1674143132864572,4.9674143132864685
2020-04-01,2680.300048828125,51.14,0.005,1.547,0.696,-0.3792923258915759,38.42923258915759,192.6292325891576,107.5292325891576,0.0,-0.03900108516557309,2.549999999999997,0.0,-3.0929401674264483,-2.192940167426457,-2.092940167426434
2020-04-02,2688.489990234375,49.92,0.052,1.492,0.711,-0.3618051034749845,41.38051034749845,185.38051034749844,107.28051034749843,0.0,0.003050947308244599,-1.2199999999999989,0.0,2.951277758340858,-7.248722241659152,-0.24872224165916634
2020-04-03,2662.989990234375,45.88,0.071,1.542,0.748,-0.3678165416972803,43.88165416972803,190.98165416972805,111.58165416972804,0.0,-0.00953014608785051,-4.039999999999999,0.0,2.5011438222295794,5.601143822229602,4.301143822229605
2020-04-06,2795.969970703125,43.03,0.068,1.542,0.721,-0.3326687054384121,40.06687054384121,187.4668705438412,105.36687054384122,0.0,0.04872953622778681,-2.8500000000000014,0.0,-3.814783625886818,-3.5147836258868494,-6.214783625886824
2020-04-07,2857.669921875,46.29,0.178,1.602,0.816,-0.2487718486590724,42.67718486590724,185.07718486590724,106.47718486590722,0.0,0.021827495919923213,3.259999999999998,0.0,2.6103143220660314,-2.3896856779339544,1.110314322066003
2020-04-08,2851.27001953125,45.3,0.173,1.656,0.843,-0.2190768577083477,39.207685770834765,187.5076857708348,106.20768577083476,0.0,-0.0022420642327234362,-0.990000000000002,0.0,-3.4694990950724787,2.4305009049275554,-0.2694990950724616
2020-04-09,2892.7900390625,44.71,0.108,1.599,0.787,-0.2522837548004877,36.028375480048766,185.1283754800488,103.92837548004876,0.0,0.014456931945521905,-0.5899999999999963,0.0,-3.179310290785999,-2.379310290786009,-2.2793102907860003
2020-04-14,2917.739990234375,40.48,0.107,1.789,0.844,-0.2988593947948299,40.58593947948299,208.78593947948295,114.28593947948298,0.0,0.008587892804300277,-4.230000000000004,0.0,4.5575639994342225,23.65756399943416,10.35756399943422
2020-04-15,2808.199951171875,44.96,0.057,1.908,0.868,-0.3758689460178548,43.28689460178549,228.38689460178549,124.38689460178549,0.0,-0.03826564934832847,4.480000000000004,0.0,2.700955122302503,19.600955122302537,10.100955122302508
2020-04-16,2812.35009765625,43.26,0.047,1.857,0.834,-0.3737586621562259,42.07586621562259,223.07586621562257,120.7758662156226,0.0,0.00147677618829624,-1.7000000000000028,0.0,-1.2110283861629014,-5.311028386162917,-3.611028386162886
2020-04-17,2888.300048828125,41.2,0.034,1.79,0.817,-0.3707949403650108,40.47949403650109,216.07949403650107,118.77949403650108,0.0,0.02664764315844856,-2.059999999999995,0.0,-1.5963721791215022,-6.996372179121494,-1.996372179121522
2020-04-20,2909.5,41.3,0.084,1.952,0.901,-0.3468469364480637,43.08469364480637,229.8846936448064,124.78469364480638,0.0,0.0073131344571329086,0.09999999999999432,0.0,2.605199608305284,13.805199608305315,6.005199608305304
2020-04-21,2791.340087890625,48.22,0.076,1.978,1.007,-0.3702438109681485,44.62438109681485,234.82438109681488,137.72438109681485,0.0,-0.041459446356827814,6.920000000000002,0.0,1.5396874520084793,4.939687452008485,12.93968745200847
2020-04-22,2834.89990234375,43.96,0.131,2.107,1.139,-0.3333140192188724,46.43140192188724,244.03140192188727,147.23140192188723,0.0,0.015484829983364326,-4.259999999999998,0.0,1.8070208250723923,9.20702082507239,9.507020825072374
2020-04-23,2852.4599609375,40.35,0.078,2.006,1.051,-0.3358285909046601,41.38285909046601,234.182859090466,138.682859090466,0.0,0.006175137433300293,-3.6099999999999994,0.0,-5.04854283142123,-9.84854283142127,-8.54854283142123
2020-04-24,2809.070068359375,40.17,0.027,1.89,0.957,-0.3625937456042409,38.959374560424095,225.25937456042408,131.95937456042407,0.0,-0.015328274127259517,-0.17999999999999972,0.0,-2.423484530041918,-8.923484530041918,-6.7234845300419295
2020-04-27,2882.090087890625,34.72,0.023,1.759,0.9,-0.3555674087408658,37.85674087408658,211.45674087408656,125.55674087408656,0.0,0.025662263851690195,-5.450000000000003,0.0,-1.1026336863375121,-13.802633686337515,-6.402633686337509
2020-04-28,2932.06005859375,33.01,0.003,1.735,0.85,-0.3724736202926442,37.54736202926442,210.74736202926445,122.24736202926442,0.0,0.017189511747188226,-1.7100000000000009,0.0,-0.30937884482216305,-0.7093788448221119,-3.3093788448221346
2020-04-29,2996.080078125,30.72,-0.038,1.769,0.807,-0.4120554793862694,37.40554793862695,218.1055479386269,121.90554793862694,0.0,0.021599525997861944,-2.289999999999999,0.0,-0.14181409063746742,7.358185909362447,-0.34181409063748447
2020-04-30,2927.929931640625,33.91,-0.102,1.777,0.733,-0.4577088658789732,35.57088658789732,223.47088658789733,119.07088658789732,0.0,-0.023009128281784263,3.1899999999999977,0.0,-1.8346613507296325,5.365338649270427,-2.8346613507296183
2020-05-04,2816.47998046875,38.32,-0.043,1.755,0.836,-0.4445438869151521,40.154388691515216,219.9543886915152,128.0543886915152,0.0,-0.03880779398122714,4.410000000000004,0.0,4.583502103617896,-3.516497896382134,8.983502103617866
2020-05-05,2875.909912109375,34.51,-0.064,1.874,0.863,-0.4497137463667042,38.57137463667042,232.3713746366704,131.27137463667043,0.0,0.020881243964133055,-3.8100000000000023,0.0,-1.5830140548447957,12.416985945155204,3.216985945155244
2020-05-06,2843.760009765625,34.81,0.007,1.978,0.921,-0.4175174965383055,42.45174965383056,239.5517496538305,133.85174965383055,0.0,-0.011241991716515881,0.30000000000000426,0.0,3.8803750171601408,7.180375017160117,2.5803750171601223
2020-05-07,2880.60009765625,32.43,-0.032,1.903,0.895,-0.4149614266412413,38.29614266412413,231.79614266412412,130.99614266412414,0.0,0.012871516055658339,-2.3800000000000026,0.0,-4.155606989706428,-7.7556069897063935,-2.8556069897064162
2020-05-08,2908.110107421875,29.66,-0.035,1.839,0.869,-0.4204737893138675,38.547378931386746,225.94737893138677,128.94737893138674,0.0,0.009504782895423593,-2.7699999999999996,0.0,0.2512362672626125,-5.848763732737353,-2.048763732737399
2020-05-11,2883.75,29.91,-0.011,1.887,0.888,-0.4075834627421506,39.65834627421506,229.45834627421507,129.55834627421504,0.0,-0.008411892073766577,0.25,0.0,1.1109673428283173,3.510967342828309,0.6109673428283031
2020-05-12,2884.199951171875,27.67,-0.021,1.892,0.868,-0.3875111130354143,36.65111130354143,227.9511113035414,125.55111130354142,0.0,0.00015601771048526792,-2.2399999999999984,0.0,-3.007234970673636,-1.5072349706736645,-4.007234970673622
2020-05-13,2810.550048828125,33.42,-0.045,1.807,0.815,-0.4225872451115355,37.75872451115355,222.95872451115355,123.75872451115356,0.0,-0.02586733711266114,5.75,0.0,1.1076132076121254,-4.992386792387862,-1.792386792387859
2020-05-14,2760.22998046875,36.32,-0.04,1.822,0.825,-0.4477477072921043,40.77477072921043,226.9747707292104,127.27477072921045,0.0,-0.01806620858923808,2.8999999999999986,0.0,3.0160462180568786,4.016046218056857,3.5160462180568857
2020-05-15,2770.699951171875,34.47,-0.023,1.854,0.842,-0.458467797394662,43.5467797394662,231.2467797394662,130.0467797394662,0.0,0.0037859757178510486,-1.8500000000000014,0.0,2.772009010255772,4.2720090102558,2.7720090102557435
2020-05-18,2911.8798828125,29.06,-0.012,1.703,0.81,-0.4167596324400104,40.47596324400104,211.97596324400104,122.67596324400104,0.0,0.04969890221724224,-5.41,0.0,-3.0708164954651593,-19.27081649546517,-7.370816495465149
2020-05-19,2902.580078125,30.17,-0.018,1.647,0.718,-0.3754843147794826,35.74843147794826,202.24843147794823,109.34843147794824,0.0,-0.003198856877557352,1.110000000000003,0.0,-4.727531766052785,-9.727531766052806,-13.3275317660528
2020-05-20,2942.389892578125,29.11,-0.032,1.635,0.72,-0.4019455041177679,36.99455041177679,203.6945504117768,112.1945504117768,0.0,0.013622116195632925,-1.0600000000000023,0.0,1.2461189338285337,1.4461189338285578,2.8461189338285635
2020-05-22,2905.469970703125,31.42,-0.033,1.606,0.701,-0.3991108371600362,36.61108371600362,200.5110837160036,110.0110837160036,0.0,-0.012626982616439962,2.3100000000000023,0.0,-0.3834666957731727,-3.183466695773177,-2.1834666957732054
2020-05-25,2971.35009765625,29.16,-0.039,1.588,0.702,-0.4033485531642906,36.43485531642906,199.13485531642908,110.53485531642906,0.0,0.022421270709473924,-2.2600000000000016,0.0,-0.17622839957456193,-1.3762283995745292,0.5237716004254622
2020-05-26,2999.219970703125,28.04,0.008,1.553,0.697,-0.3475946422598603,35.559464225986034,190.05946422598603,104.45946422598604,0.0,0.009335817233469814,-1.120000000000001,0.0,-0.8753910904430242,-9.075391090443048,-6.07539109044302
2020-05-27,3051.080078125,29.4,-0.009,1.491,0.652,-0.330152516124806,32.1152516124806,182.11525161248065,98.2152516124806,0.0,0.017143406813548815,1.3599999999999994,0.0,-3.444212613505435,-7.944212613505385,-6.244212613505439
2020-05-28,3094.469970703125,29.01,-0.056,1.435,0.587,-0.3403945214275654,28.439452142756537,177.53945214275657,92.73945214275652,0.0,0.014120986155672212,-0.389999999999997,0.0,-3.675799469724062,-4.575799469724075,-5.47579946972408
2020-05-29,3050.199951171875,31.13,-0.075,1.491,0.569,-0.3592212288998233,28.42212288998233,185.02212288998237,92.82212288998232,0.0,-0.014409491831531555,2.1199999999999974,0.0,-0.01732925277420705,7.4826707472257965,0.08267074722580503
2020-06-02,3159.02001953125,30.68,-0.049,1.509,0.564,-0.3308349151691883,28.183491516918828,183.98349151691883,89.48349151691882,0.0,0.03505471286826711,-0.4499999999999993,0.0,-0.23863137306350168,-1.038631373063538,-3.3386313730635067
2020-06-03,3269.590087890625,29.61,0.01,1.552,0.619,-0.2873537356547566,29.73537356547566,183.9353735654757,90.63537356547566,0.0,0.03440276256634742,-1.0700000000000003,0.0,1.5518820485568305,-0.04811795144314601,1.1518820485568426
2020-06-04,3261.669921875,27.66,-0.003,1.42,0.575,-0.2466432367094002,24.36432367094002,166.66432367094,82.16432367094002,0.0,-0.0024253114670288274,-1.9499999999999993,0.0,-5.371049894535638,-17.27104989453568,-8.47104989453564
2020-06-05,3384.2900390625,27.89,0.024,1.422,0.567,-0.2011248622454076,22.51248622454076,162.31248622454075,76.81248622454075,0.0,0.03690483681463401,0.23000000000000043,0.0,-1.8518374463992622,-4.351837446399259,-5.351837446399273
2020-06-08,3366.2900390625,28.12,0.047,1.407,0.56,-0.2399232584266961,28.692325842669607,164.69232584266962,79.99232584266962,0.0,-0.005332887678155207,0.23000000000000043,0.0,6.179839618128849,2.3798396181288695,3.1798396181288666
2020-06-09,3320.7099609375,29.75,0.075,1.463,0.646,-0.2569465607478602,33.194656074786025,171.99465607478604,90.29465607478602,0.0,-0.013632655612864034,1.629999999999999,0.0,4.502330232116417,7.302330232116418,10.302330232116404
2020-06-10,3293.7099609375,30.05,0.078,1.514,0.69,-0.2582867477598141,33.62867477598141,177.2286747759814,94.8286747759814,0.0,-0.008164026561431696,0.3000000000000007,0.0,0.43401870119538444,5.234018701195367,4.534018701195379
2020-06-11,3144.570068359375,36.02,0.002,1.485,0.638,-0.3402277341546318,34.22277341546318,182.5227734154632,97.8227734154632,0.0,-0.046337399578241165,5.970000000000002,0.0,0.5940986394817713,5.294098639481803,2.9940986394818054
2020-06-12,3153.739990234375,41.41,-0.044,1.418,0.606,-0.3550624816158323,31.106248161583235,177.30624816158323,96.10624816158322,0.0,0.002911869459900154,5.3899999999999935,0.0,-3.1165252538799457,-5.216525253879979,-1.7165252538799791
2020-06-15,3136.39990234375,38.41,-0.045,1.401,0.567,-0.3745102924390311,32.951029243903115,177.55102924390312,94.15102924390312,0.0,-0.005513432804987505,-3.0,0.0,1.84478108231988,0.24478108231988926,-1.9552189176800994
2020-06-16,3242.64990234375,36.1,-0.047,1.362,0.54,-0.3498574643246215,30.28574643246215,171.18574643246217,88.98574643246215,0.0,0.03331525238545987,-2.309999999999995,0.0,-2.6652828114409637,-6.365282811440949,-5.165282811440974
2020-06-17,3267.260009765625,35.36,-0.051,1.375,0.565,-0.3633493844474578,31.23493844474578,173.83493844474577,92.83493844474576,0.0,0.007560849533523865,-0.740000000000002,0.0,0.9491920122836284,2.6491920122836063,3.849192012283609
2020-06-18,3249.89990234375,35.05,-0.076,1.343,0.527,-0.3801660799551247,30.416607995512468,172.31660799551247,90.71660799551246,0.0,-0.005327519568706261,-0.3100000000000023,0.0,-0.8183304492333114,-1.5183304492333036,-2.118330449233298
2020-06-19,3269.10009765625,32.21,-0.094,1.323,0.504,-0.3873921899015462,29.339218990154624,171.0392189901546,89.13921899015462,0.0,0.005890550952838674,-2.8399999999999963,0.0,-1.077389005357844,-1.2773890053578612,-1.577389005357844
2020-06-22,3241.68994140625,33.78,-0.116,1.357,0.468,-0.423582335223907,30.7582335223907,178.0582335223907,89.1582335223907,0.0,-0.008419966862453993,1.5700000000000003,0.0,1.4190145322360763,7.019014532236099,0.019014532236084847
2020-06-23,3298.830078125,31.34,-0.082,1.334,0.492,-0.3854677716831549,30.346777168315487,171.9467771683155,87.74677716831549,0.0,0.01747310315555126,-2.4400000000000013,0.0,-0.41145635407521297,-6.111456354075216,-1.411456354075213
2020-06-24,3196.1201171875,36.81,-0.103,1.34,0.474,-0.3785676032424985,27.55676032424985,171.85676032424985,85.25676032424985,0.0,-0.03163027303605151,5.470000000000002,0.0,-2.7900168440656365,-0.09001684406564436,-2.490016844065636
2020-06-25,3218.909912109375,34.68,-0.12,1.368,0.465,-0.4317089595925036,31.17089595925036,179.97089595925038,89.67089595925036,0.0,0.007105154829489628,-2.1300000000000026,0.0,3.6141356350005083,8.114135635000537,4.414135635000505
2020-06-26,3204.169921875,35.17,-0.126,1.372,0.471,-0.4303633793999046,30.43633793999046,180.23633793999048,90.13633793999044,0.0,-0.004589703534951034,0.490000000000002,0.0,-0.7345580192599002,0.26544198074009273,0.46544198074008136
2020-06-29,3232.02001953125,34.49,-0.125,1.364,0.484,-0.4206285712497437,29.562857124974368,178.4628571249744,90.46285712497438,0.0,0.008654272708646259,-0.6799999999999997,0.0,-0.8734808150160909,-1.773480815016086,0.32651918498393684
2020-06-30,3234.070068359375,31.72,-0.116,1.327,0.472,-0.4511601140782186,33.516011407821864,177.81601140782186,92.31601140782186,0.0,0.0006340922780068874,-2.770000000000003,0.0,3.953154282847496,-0.6468457171525301,1.853154282847484
2020-07-01,3228.449951171875,30.13,-0.058,1.343,0.512,-0.3646722682488486,30.667226824884857,170.76722682488486,87.66722682488486,0.0,-0.0017392963077324537,-1.5899999999999999,0.0,-2.8487845829370073,-7.048784582937003,-4.648784582936997
2020-07-02,3320.090087890625,27.59,-0.106,1.286,0.459,-0.3868078043952838,28.08078043952838,167.2807804395284,84.58078043952838,0.0,0.0279897866952307,-2.539999999999999,0.0,-2.586446385356478,-3.4864463853564587,-3.0864463853564814
2020-07-03,3294.3798828125,28.27,-0.107,1.33,0.454,-0.4010754066396234,29.40754066396234,173.10754066396234,85.50754066396233,0.0,-0.007773966674259298,0.6799999999999997,0.0,1.3267602244339614,5.82676022443394,0.9267602244339486
2020-07-06,3350.030029296875,27.6,-0.116,1.308,0.429,-0.3927475129734308,27.67475129734308,170.07475129734308,82.17475129734308,0.0,0.016751358973207644,-0.6699999999999982,0.0,-1.7327893666192615,-3.032789366619255,-3.3327893666192523
2020-07-07,3321.56005859375,27.93,-0.115,1.288,0.422,-0.3961275728936626,28.112757289366265,168.41275728936623,81.81275728936626,0.0,-0.008534740037926867,0.3299999999999983,0.0,0.4380059920231858,-1.6619940079768583,-0.36199400797681847
2020-07-08,3286.090087890625,29.57,-0.13,1.275,0.416,-0.4046544079135743,27.46544079135743,167.96544079135742,82.06544079135742,0.0,-0.010736134819117487,1.6400000000000006,0.0,-0.6473164980088342,-0.4473164980088029,0.2526835019911573
2020-07-09,3261.169921875,30.45,-0.138,1.282,0.412,-0.4229079331193075,28.49079331193075,170.49079331193076,83.49079331193074,0.0,-0.007612432168618212,0.879999999999999,0.0,1.0253525205733212,2.5253525205733354,1.4253525205733268
2020-07-10,3296.219970703125,28.43,-0.14,1.288,0.43,-0.4523359643399973,31.23359643399973,174.03359643399975,88.23359643399972,0.0,0.010690345764146085,-2.0199999999999996,0.0,2.7428031220689775,3.542803122068989,4.7428031220689775
2020-07-13,3350.0,27.14,-0.095,1.308,0.447,-0.3887019794626258,29.37019794626258,169.6701979462626,83.57019794626258,0.0,0.01618399733247618,-1.2899999999999991,0.0,-1.8633984877371503,-4.363398487737157,-4.66339848773714
2020-07-14,3321.389892578125,28.93,-0.129,1.277,0.413,-0.4133933435176868,28.43933435176868,169.03933435176867,82.63933435176868,0.0,-0.008577008172025195,1.7899999999999991,0.0,-0.9308635944938999,-0.6308635944939169,-0.9308635944938999
2020-07-15,3378.2099609375,27.57,-0.131,1.27,0.426,-0.3935838896794204,26.25838896794204,166.35838896794203,81.95838896794203,0.0,0.016962634187996376,-1.3599999999999994,0.0,-2.1809453838266393,-2.6809453838266393,-0.6809453838266535
2020-07-16,3365.35009765625,26.81,-0.15,1.243,0.411,-0.4334242541405415,28.34242541405415,167.64242541405417,84.44242541405414,0.0,-0.00381397325988843,-0.7600000000000016,0.0,2.084036446112112,1.2840364461121396,2.484036446112114
2020-07-17,3365.60009765625,25.58,-0.137,1.24,0.428,-0.4280650570372879,29.106505703728796,166.8065057037288,85.60650570372879,0.0,7.428371711591008e-05,-1.2300000000000004,0.0,0.764080289674645,-0.8359197103253848,1.1640802896746436
2020-07-20,3388.340087890625,24.21,-0.161,1.158,0.38,-0.4451441100187625,28.41441100187625,160.31441100187624,82.51441100187624,0.0,0.006733869574892047,-1.3699999999999974,0.0,-0.6920947018525467,-6.492094701852551,-3.0920947018525453
2020-07-21,3405.35009765625,23.49,-0.157,1.139,0.366,-0.4292295495792557,27.222954957925573,156.8229549579256,79.52295495792556,0.0,0.005007601125864089,-0.7200000000000024,0.0,-1.1914560439506765,-3.491456043950649,-2.991456043950677
2020-07-22,3370.760009765625,24.21,-0.186,1.1,0.341,-0.4651311290657629,27.91311290657629,156.5131129065763,80.61311290657629,0.0,-0.010209511887319472,0.7200000000000024,0.0,0.6901579486507181,-0.30984205134927834,1.0901579486507273
2020-07-23,3371.739990234375,23.31,-0.18,1.048,0.331,-0.4566251008242981,27.662510082429808,150.46251008242982,78.7625100824298,0.0,0.00029068757156852247,-0.9000000000000021,0.0,-0.25060282414648327,-6.050602824146495,-1.8506028241464918
2020-07-24,3310.889892578125,25.58,-0.141,1.071,0.373,-0.4252819763955449,28.428197639554487,149.6281976395545,79.82819763955449,0.0,-0.018211925718329747,2.2699999999999996,0.0,0.7656875571246786,-0.8343124428753299,1.06568755712469
2020-07-27,3302.840087890625,25.24,-0.185,1.049,0.353,-0.4598172096411765,27.48172096411765,150.88172096411765,81.28172096411765,0.0,-0.0024342719422531796,-0.33999999999999986,0.0,-0.9464766754368377,1.2535233245631616,1.4535233245631645
2020-07-28,3303.56005859375,24.4,-0.191,1.075,0.363,-0.4746202109197215,28.36202109197215,154.96202109197213,83.76202109197214,0.0,0.0002179615796838136,-0.8399999999999999,0.0,0.8803001278545004,4.0803001278544855,2.480300127854491
2020-07-29,3300.159912109375,24.23,-0.178,1.063,0.354,-0.47856820944452,30.056820944452,154.156820944452,83.25682094445199,0.0,-0.0010297671009445479,-0.16999999999999815,0.0,1.69479985247985,-0.8052001475201394,-0.5052001475201564
2020-07-30,3208.199951171875,28.02,-0.214,1.033,0.319,-0.5257299860719304,31.172998607193048,155.87299860719304,84.47299860719303,0.0,-0.028260908532519946,3.789999999999999,0.0,1.1161776627410482,1.716177662741046,1.216177662741046
2020-07-31,3174.320068359375,26.66,-0.198,1.077,0.343,-0.4934549928365368,29.54549928365368,157.04549928365367,83.64549928365368,0.0,-0.010616559267744158,-1.3599999999999994,0.0,-1.627499323539368,1.1725006764606292,-0.8274993235393566
2020-08-03,3248.280029296875,25.76,-0.203,1.075,0.355,-0.4791267995860484,27.61267995860484,155.41267995860483,83.41267995860484,0.0,0.023032176786507364,-0.8999999999999986,0.0,-1.9328193250488397,-1.6328193250488425,-0.23281932504883684
2020-08-04,3254.2900390625,25.09,-0.237,1.019,0.292,-0.5326657581051517,29.56657581051517,155.16657581051516,82.46657581051518,0.0,0.001848503411351645,-0.6700000000000017,0.0,1.9538958519103318,-0.24610414808967107,-0.9461041480896597
2020-08-05,3268.3798828125,23.94,-0.199,1.04,0.332,-0.4832810799663196,28.42810799663196,152.32810799663196,81.52810799663196,0.0,0.004320275541787055,-1.1499999999999986,0.0,-1.13846781388321,-2.8384678138831987,-0.9384678138832214
2020-08-06,3240.389892578125,24.94,-0.231,0.99,0.282,-0.5196281607510835,28.86281607510836,150.96281607510835,80.16281607510835,0.0,-0.008600753672950528,1.0,0.0,0.4347080784763975,-1.3652919215236068,-1.3652919215236068
2020-08-07,3252.64990234375,24.2,-0.21,0.987,0.29,-0.5072362463236098,29.72362463236098,149.423624632361,79.72362463236098,0.0,0.0037763589082247333,-0.740000000000002,0.0,0.8608085572526214,-1.5391914427473523,-0.4391914427473722
2020-08-10,3259.7099609375,24.11,-0.236,0.985,0.266,-0.506526845811818,27.0526845811818,149.15268458118177,77.2526845811818,0.0,0.002168203695068467,-0.08999999999999986,0.0,-2.67094005117918,-0.27094005117922393,-2.470940051179184
2020-08-11,3332.1201171875,23.39,-0.2,1.014,0.286,-0.4526879580656406,25.26879580656406,146.66879580656408,73.86879580656405,0.0,0.021970550847846434,-0.7199999999999989,0.0,-1.7838887746177399,-2.4838887746176965,-3.383888774617745
2020-08-12,3363.179931640625,22.47,-0.171,1.027,0.314,-0.4356647015693595,26.46647015693595,146.26647015693595,74.96647015693596,0.0,0.009278161408679365,-0.9200000000000017,0.0,1.1976743503718907,-0.4023256496281249,1.0976743503719035
2020-08-13,3342.85009765625,22.69,-0.127,1.077,0.37,-0.3905306668893553,26.353066688935527,146.75306668893552,76.05306668893552,0.0,-0.006063168872192833,0.22000000000000242,0.0,-0.11340346800042411,0.48659653199956665,1.086596531999561
2020-08-14,3305.050048828125,23.87,-0.123,1.056,0.362,-0.3951394980824689,27.21394980824689,145.1139498082469,75.71394980824688,0.0,-0.011372149211345502,1.1799999999999997,0.0,0.8608831193113637,-1.6391168806886185,-0.33911688068863555
2020-08-17,3305.85009765625,22.78,-0.163,1.004,0.328,-0.4020355617151439,23.90355617151439,140.60355617151438,73.00355617151439,0.0,0.0002420393030611624,-1.0899999999999999,0.0,-3.3103936367325026,-4.510393636732516,-2.7103936367324906
2020-08-18,3289.639892578125,23.27,-0.167,0.993,0.314,-0.4228381425945806,25.58381425945806,141.58381425945805,73.68381425945806,0.0,-0.0049155522159064465,0.48999999999999844,0.0,1.6802580879436704,0.9802580879436675,0.6802580879436704
2020-08-19,3317.6201171875,21.99,-0.184,0.979,0.295,-0.446293914661847,26.229391466184698,142.5293914661847,74.12939146618469,0.0,0.008469590065726505,-1.2800000000000011,0.0,0.6455772067266388,0.9455772067266537,0.44557720672662526
2020-08-20,3273.97998046875,24.04,-0.201,0.98,0.293,-0.4859040806562595,28.49040806562595,146.59040806562595,77.89040806562595,0.0,-0.013241329479734117,2.0500000000000007,0.0,2.261016599441252,4.0610165994412455,3.7610165994412625
2020-08-21,3259.75,24.34,-0.197,1.006,0.299,-0.4764155970889594,27.94155970889594,148.24155970889595,77.54155970889593,0.0,-0.004355858907749998,0.3000000000000007,0.0,-0.5488483567300086,1.6511516432699977,-0.34884835673001646
2020-08-24,3331.739990234375,23.11,-0.191,1.007,0.326,-0.4782246599806603,28.72246599806603,148.52246599806602,80.42246599806604,0.0,0.021844181794984718,-1.2300000000000004,0.0,0.7809062891700904,0.2809062891700762,2.880906289170113
2020-08-25,3329.7099609375,23.36,-0.134,1.096,0.388,-0.4121498534423615,27.81498534423615,150.81498534423616,80.01498534423615,0.0,-0.0006094857349666594,0.25,0.0,-0.9074806538298823,2.2925193461701383,-0.40748065382989296
2020-08-26,3356.760009765625,22.0,-0.122,1.086,0.381,-0.3908726618361373,26.88726618361373,147.68726618361373,77.18726618361373,0.0,0.008091024566040854,-1.3599999999999994,0.0,-0.92771916062242,-3.1277191606224335,-2.827719160622422
2020-08-27,3331.0400390625,23.56,-0.113,1.086,0.39,-0.3701596542759735,25.715965427597357,145.61596542759736,76.01596542759735,0.0,-0.007691646675359008,1.5599999999999987,0.0,-1.1713007560163717,-2.0713007560163703,-1.1713007560163788
2020-08-28,3315.5400390625,25.16,-0.1,1.102,0.386,-0.3902054514547712,29.020545145477115,149.22054514547713,77.62054514547711,0.0,-0.004664061191177396,1.6000000000000014,0.0,3.304579717879758,3.6045797178797727,1.6045797178797585
2020-08-31,3272.510009765625,26.72,-0.089,1.159,0.411,-0.370767370836389,28.176737083638905,152.9767370836389,78.1767370836389,0.0,-0.013063240531817193,1.5599999999999987,0.0,-0.8438080618382102,3.756191938161777,0.5561919381617884
2020-09-01,3277.580078125,27.12,-0.113,1.107,0.4,-0.3739073245545876,26.09073245545876,148.09073245545875,77.39073245545876,0.0,0.0015480914930682558,0.40000000000000213,0.0,-2.086004628180145,-4.88600462818016,-0.7860046281801374
2020-09-02,3337.77001953125,26.61,-0.184,1.035,0.332,-0.4270503651526427,24.305036515264277,146.20503651526425,75.90503651526429,0.0,0.018197556140003353,-0.5100000000000016,0.0,-1.7856959401944827,-1.8856959401944948,-1.485695940194475
2020-09-03,3304.219970703125,29.01,-0.194,1.062,0.325,-0.4603707417079281,26.637074170792808,152.23707417079282,78.5370741707928,0.0,-0.010102494650322162,2.400000000000002,0.0,2.3320376555285307,6.032037655528569,2.6320376555285208
2020-09-04,3260.590087890625,31.71,-0.17,1.083,0.35,-0.4426237235498256,27.26237235498256,152.56237235498256,79.26237235498256,0.0,-0.013292242977948423,2.6999999999999993,0.0,0.6252981841897522,0.3252981841897338,0.7252981841897537
2020-09-07,3314.070068359375,27.92,-0.159,1.12,0.356,-0.434112557509938,27.5112557509938,155.4112557509938,79.0112557509938,0.0,0.0162688743649204,-3.789999999999999,0.0,0.24888339601124088,2.848883396011246,-0.2511166039887627
2020-09-08,3267.3701171875,28.45,-0.191,1.103,0.332,-0.465297322710458,27.4297322710458,156.8297322710458,79.7297322710458,0.0,-0.014191646097040659,0.5299999999999976,0.0,-0.08152347994800024,1.4184765200519962,0.7184765200520076
2020-09-09,3324.830078125,25.89,-0.16,1.091,0.341,-0.435738335770917,27.5738335770917,152.6738335770917,77.6738335770917,0.0,0.017433152656808282,-2.5599999999999987,0.0,0.14410130604590066,-4.1558986939541,-2.0558986939541057
2020-09-10,3312.77001953125,25.01,-0.141,1.075,0.351,-0.4085939394935156,26.75939394935156,148.35939394935156,75.95939394935156,0.0,-0.003633865158303432,-0.879999999999999,0.0,-0.8144396277401427,-4.314439627740143,-1.7144396277401341
2020-09-11,3315.81005859375,23.72,-0.19,1.041,0.309,-0.4355379983121357,24.553799831213567,147.65379983121358,74.45379983121356,0.0,0.00091725203280799,-1.2900000000000027,0.0,-2.2055941181379914,-0.7055941181379808,-1.5055941181380064
2020-09-14,3316.7900390625,22.57,-0.2,1.021,0.282,-0.4638550524276317,26.38550524276317,148.48550524276317,74.58550524276318,0.0,0.0002955041647174054,-1.1499999999999986,0.0,1.8317054115496028,0.8317054115495921,0.13170541154961768
2020-09-15,3332.260009765625,22.12,-0.21,0.999,0.273,-0.4530035279044373,24.30035279044373,145.20035279044373,72.60035279044374,0.0,0.00465329588557515,-0.4499999999999993,0.0,-2.0851524523194414,-3.285152452319437,-1.98515245231944
2020-09-16,3338.840087890625,21.99,-0.223,0.973,0.262,-0.4628874293599914,23.988742935999134,143.58874293599914,72.48874293599914,0.0,0.0019727121951677545,-0.13000000000000256,0.0,-0.311609854444594,-1.6116098544445947,-0.1116098544445947
2020-09-17,3316.570068359375,22.55,-0.229,0.956,0.267,-0.4735761258310185,24.45761258310185,142.95761258310185,74.05761258310186,0.0,-0.006692330638132638,0.5600000000000023,0.0,0.4688696471027143,-0.6311303528972871,1.5688696471027157
2020-09-18,3283.68994140625,22.65,-0.22,0.969,0.283,-0.4729647916791992,25.29647916791992,144.1964791679199,75.59647916791991,0.0,-0.00996336474658314,0.09999999999999787,0.0,0.8388665848180707,1.2388665848180551,1.5388665848180523
2020-09-21,3160.949951171875,29.88,-0.253,0.941,0.255,-0.5014623559690459,24.846235596904588,144.24623559690457,75.64623559690459,0.0,-0.038095172331987656,7.23,0.0,-0.4502435710153314,0.049756428984665035,0.049756428984679246
2020-09-22,3164.1298828125,28.11,-0.238,0.867,0.236,-0.4839613130422657,24.59613130422657,135.09613130422656,71.99613130422658,0.0,0.0010054993745554424,-1.7699999999999996,0.0,-0.25010429267801726,-9.150104292678009,-3.6501042926780087
2020-09-23,3180.110107421875,27.17,-0.242,0.852,0.23,-0.4806940500421865,23.869405004218653,133.26940500421864,71.06940500421865,0.0,0.00503772191163181,-0.9399999999999977,0.0,-0.7267263000079183,-1.8267263000079197,-0.9267263000079282
2020-09-24,3159.639892578125,28.34,-0.23,0.878,0.25,-0.4881484814058701,25.81484814058701,136.614848140587,73.814848140587,0.0,-0.006457758107874994,1.1699999999999982,0.0,1.9454431363683575,3.3454431363683454,2.745443136368351
2020-09-25,3137.06005859375,27.81,-0.247,0.898,0.25,-0.4963290679447016,24.93290679447016,139.43290679447017,74.63290679447016,0.0,-0.0071719888026307846,-0.5300000000000011,0.0,-0.8819413461168502,2.8180586538831847,0.8180586538831562
2020-09-28,3223.18994140625,26.82,-0.247,0.881,0.25,-0.5001584492716393,25.315844927163933,138.11584492716392,75.01584492716393,0.0,0.027085459946973183,-0.9899999999999984,0.0,0.3829381326937735,-1.3170618673062506,0.3829381326937664
2020-09-29,3214.300048828125,26.9,-0.271,0.855,0.221,-0.5014359738487459,23.04359738487459,135.6435973848746,72.24359738487459,0.0,-0.002761914424021053,0.0799999999999983,0.0,-2.2722475422893424,-2.472247542289324,-2.7722475422893353
2020-09-30,3193.610107421875,26.06,-0.242,0.87,0.25,-0.4953658691276756,25.33658691276756,136.53658691276755,74.53658691276756,0.0,-0.006457647751399907,-0.8399999999999999,0.0,2.2929895278929706,0.8929895278929507,2.2929895278929706
2020-10-01,3194.090087890625,26.54,-0.249,0.833,0.235,-0.4853429582467181,23.63429582467181,131.8342958246718,72.0342958246718,0.0,0.00015028271677675317,0.4800000000000004,0.0,-1.7022910880957518,-4.702291088095734,-2.5022910880957596
2020-10-02,3190.929931640625,26.82,-0.262,0.789,0.222,-0.5066794592273816,24.467945922738156,129.56794592273818,72.86794592273816,0.0,-0.0009898658104028238,0.28000000000000114,0.0,0.8336500980663466,-2.266349901933637,0.8336500980663573
2020-10-05,3220.219970703125,26.28,-0.239,0.8,0.259,-0.4874808719694501,24.848087196945013,128.74808719694502,74.64808719694501,0.0,0.009137282170480314,-0.5399999999999991,0.0,0.3801412742068564,-0.8198587257931536,1.780141274206855
2020-10-06,3233.300048828125,25.21,-0.242,0.784,0.242,-0.4921696647913767,25.016966479137672,127.61696647913767,73.41696647913767,0.0,0.004053631505385582,-1.0700000000000003,0.0,0.16887928219265902,-1.1311207178073488,-1.2311207178073431
2020-10-07,3233.429931640625,24.97,-0.229,0.786,0.245,-0.4664222176752703,23.74222176752703,125.24222176752704,71.14222176752702,0.0,4.0169548723929746e-05,-0.240000000000002,0.0,-1.2747447116106407,-2.3747447116106315,-2.2747447116106514
2020-10-08,3255.760009765625,23.98,-0.26,0.758,0.202,-0.4911001528521677,23.110015285216768,124.91001528521676,69.31001528521676,0.0,0.006882266189257151,-0.9899999999999984,0.0,-0.6322064823102629,-0.3322064823102835,-1.832206482310255
2020-10-09,3273.1201171875,22.24,-0.264,0.714,0.174,-0.5156040123577754,25.16040123577754,122.96040123577754,68.96040123577754,0.0,0.005317955911955544,-1.740000000000002,0.0,2.0503859505607736,-1.9496140494392193,-0.349614049439225
2020-10-12,3298.1201171875,22.25,-0.284,0.674,0.146,-0.5197315661591118,23.573156615911177,119.37315661591116,66.57315661591117,0.0,0.007608950434055155,0.010000000000001563,0.0,-1.5872446198663646,-3.5872446198663823,-2.3872446198663653
2020-10-13,3279.18994140625,22.94,-0.294,0.664,0.147,-0.5301042033197376,23.610420331973764,119.41042033197378,67.71042033197376,0.0,-0.005756221884659494,0.6900000000000013,0.0,0.03726371606258638,0.03726371606262546,1.1372637160625914
2020-10-14,3273.280029296875,23.24,-0.306,0.658,0.138,-0.5539630430253792,24.796304302537926,121.19630430253792,69.19630430253792,0.0,-0.0018038735738889653,0.29999999999999716,0.0,1.1858839705641628,1.785883970564143,1.48588397056416
2020-10-15,3192.68994140625,26.84,-0.333,0.695,0.151,-0.5935013527583859,26.05013527583859,128.85013527583857,74.45013527583859,0.0,-0.02492874594856823,3.6000000000000014,0.0,1.253830973300662,7.653830973300643,5.253830973300666
2020-10-16,3245.469970703125,25.32,-0.345,0.655,0.126,-0.5929924224393228,24.799242243932284,124.79924224393228,71.89924224393228,0.0,0.016396365565392906,-1.5199999999999996,0.0,-1.2508930319063047,-4.050893031906284,-2.5508930319063126
2020-10-19,3242.510009765625,26.62,-0.339,0.718,0.163,-0.5837748201340967,24.477482013409663,130.17748201340967,74.67748201340967,0.0,-0.0009124445980941278,1.3000000000000007,0.0,-0.3217602305226208,5.378239769477389,2.778239769477395
2020-10-20,3227.8701171875,27.63,-0.328,0.74,0.184,-0.5828554477846564,25.485544778465638,132.28554477846563,76.68554477846563,0.0,-0.0045252109685305,1.009999999999998,0.0,1.0080627650559748,2.108062765055962,2.0080627650559535
2020-10-21,3180.699951171875,29.45,-0.31,0.745,0.206,-0.5619477989644484,25.194779896444835,130.69477989644486,76.79477989644484,0.0,-0.014721230284271058,1.8200000000000003,0.0,-0.2907648820208024,-1.5907648820207783,0.10923511797921037
2020-10-22,3171.409912109375,28.99,-0.283,0.803,0.227,-0.5493628922720837,26.63628922720837,135.23628922720837,77.63628922720837,0.0,-0.0029250267662495675,-0.46000000000000085,0.0,1.4415093307635338,4.5415093307635175,0.8415093307635289
2020-10-23,3198.860107421875,28.16,-0.298,0.764,0.2,-0.5347056709079472,23.67056709079472,129.8705670907947,73.47056709079472,0.0,0.008618273678377135,-0.8299999999999983,0.0,-2.9657221364136497,-5.365722136413666,-4.165722136413649
2020-10-26,3105.25,31.76,-0.297,0.731,0.187,-0.5440869293022681,24.70869293022681,127.5086929302268,73.10869293022681,0.0,-0.029700302472707166,3.6000000000000014,0.0,1.038125839432091,-2.3618741605679077,-0.36187416056790767
2020-10-27,3070.60009765625,32.74,-0.326,0.704,0.161,-0.5840760697426433,25.807606974264324,128.80760697426433,74.50760697426433,0.0,-0.011221213395867227,0.9800000000000004,0.0,1.0989140440375138,1.2989140440375309,1.3989140440375252
2020-10-28,2963.5400390625,38.26,-0.326,0.768,0.181,-0.602136529408114,27.6136529408114,137.0136529408114,78.31365294081141,0.0,-0.035488501157039096,5.519999999999996,0.0,1.8060459665470745,8.206045966547066,3.8060459665470745
2020-10-29,2960.030029296875,37.55,-0.353,0.701,0.136,-0.6030597807678006,25.005978076780067,130.40597807678006,73.90597807678006,0.0,-0.001185099572023207,-0.7100000000000009,0.0,-2.607674864031331,-6.607674864031338,-4.40767486403135
2020-10-30,2958.2099609375,35.35,-0.34,0.718,0.137,-0.6034864733654897,26.348647336548964,132.14864733654898,74.04864733654897,0.0,-0.0006150708385458412,-2.1999999999999957,0.0,1.342669259768897,1.7426692597689168,0.14266925976890832
2020-11-02,3019.5400390625,35.23,-0.35,0.716,0.126,-0.6056602920696017,25.56602920696017,132.16602920696016,73.16602920696018,0.0,0.02052017236231946,-0.12000000000000455,0.0,-0.7826181295887942,0.01738187041118522,-0.882618129588792
2020-11-03,3098.719970703125,32.76,-0.343,0.699,0.112,-0.5981530487713091,25.515304877130912,129.7153048771309,71.01530487713092,0.0,0.02588459870176592,-2.469999999999999,0.0,-0.0507243298292579,-2.4507243298292565,-2.1507243298292593
2020-11-04,3161.070068359375,28.0,-0.361,0.661,0.092,-0.61858764979943,25.75876497994301,127.958764979943,71.058764979943,0.0,0.019921485961758308,-4.759999999999998,0.0,0.2434601028120973,-1.7565398971879063,0.043460102812090895
2020-11-05,3215.56005859375,26.37,-0.36,0.633,0.092,-0.5994041413612963,23.94041413612963,123.24041413612964,69.14041413612962,0.0,0.017090944753578256,-1.629999999999999,0.0,-1.8183508438133806,-4.718350843813354,-1.9183508438133856
2020-11-06,3204.050048828125,25.62,-0.352,0.618,0.1,-0.5879951845192029,23.59951845192029,120.59951845192028,68.79951845192028,0.0,-0.0035858944411292647,-0.75,0.0,-0.3408956842093396,-2.6408956842093687,-0.34089568420934313
2020-11-09,3407.909912109375,23.86,-0.254,0.72,0.193,-0.505353235919721,25.135323591972103,122.5353235919721,69.83532359197211,0.0,0.061683524560488374,-1.7600000000000016,0.0,1.5358051400518136,1.9358051400518264,1.0358051400518349
2020-11-10,3442.6201171875,25.08,-0.238,0.724,0.187,-0.4562919175746351,21.829191757463512,118.02919175746352,64.3291917574635,0.0,0.010133669063668438,1.2199999999999989,0.0,-3.306131834508591,-4.5061318345085795,-5.506131834508608
2020-11-11,3467.300048828125,23.13,-0.262,0.7,0.163,-0.4876685275821124,22.56685275821124,118.76685275821124,65.06685275821124,0.0,0.007143363742025366,-1.9499999999999993,0.0,0.7376610007477282,0.7376610007477211,0.7376610007477353
2020-11-12,3428.199951171875,23.3,-0.289,0.65,0.133,-0.5074823235409291,21.84823235409292,115.7482323540929,64.04823235409292,0.0,-0.011340879335425406,0.1700000000000017,0.0,-0.7186204041183188,-3.0186204041183373,-1.018620404118323
2020-11-13,3432.070068359375,23.14,-0.307,0.636,0.116,-0.5289951490019491,22.19951490019491,116.49951490019492,64.49951490019491,0.0,0.0011282697581973325,-0.16000000000000014,0.0,0.35128254610198795,0.7512825461020185,0.4512825461019929
2020-11-16,3466.2099609375,22.38,-0.311,0.616,0.1,-0.5307732834270471,21.97732834270471,114.67732834270473,63.07732834270471,0.0,0.00989816915727588,-0.7600000000000016,0.0,-0.22218655749020044,-1.8221865574901983,-1.4221865574901997
2020-11-17,3468.47998046875,22.25,-0.33,0.603,0.079,-0.54408000060462,21.408000060462,114.708000060462,62.308000060462,0.0,0.0006546852509659167,-0.129999999999999,0.0,-0.5693282822427079,0.030671717757272177,-0.7693282822427108
2020-11-18,3482.169921875,20.9,-0.324,0.615,0.082,-0.5391208655469248,21.512086554692484,115.41208655469248,62.11208655469248,0.0,0.003939188220110748,-1.3500000000000014,0.0,0.10408649423048288,0.7040864942304808,-0.19591350576951783
2020-11-19,3451.969970703125,21.97,-0.335,0.61,0.074,-0.5533823081298608,21.83823081298608,116.33823081298608,62.73823081298608,0.0,-0.00871056615201022,1.0700000000000003,0.0,0.3261442582935956,0.9261442582936041,0.6261442582935999
2020-11-20,3467.60009765625,21.44,-0.346,0.599,0.069,-0.5649592981213831,21.89592981213832,116.3959298121383,63.39592981213831,0.0,0.00451766609255831,-0.5299999999999976,0.0,0.057698999152240305,0.05769899915222254,0.6576989991522311
2020-11-23,3463.0400390625,22.49,-0.341,0.596,0.075,-0.555630375166674,21.4630375166674,115.16303751666742,63.0630375166674,0.0,-0.001315912862829892,1.0499999999999972,0.0,-0.43289229547092134,-1.23289229547089,-0.3328922954709128
2020-11-24,3507.97998046875,21.37,-0.332,0.573,0.074,-0.5564149473553304,22.441494735533038,112.94149473553304,63.04149473553304,0.0,0.012893540359737717,-1.1199999999999974,0.0,0.9784572188656391,-2.2215427811343744,-0.02154278113435737
2020-11-25,3511.89990234375,20.78,-0.335,0.577,0.068,-0.5487161480566476,21.371614805664755,112.57161480566477,61.67161480566477,0.0,0.0011168060843965099,-0.5899999999999999,0.0,-1.0698799298682822,-0.3698799298682758,-1.3698799298682758
2020-11-26,3510.93994140625,20.23,-0.35,0.566,0.054,-0.5578160547899262,20.781605478992628,112.3816054789926,61.18160547899263,0.0,-0.00027338255316557836,-0.5500000000000007,0.0,-0.5900093266721278,-0.1900093266721683,-0.49000932667213704
2020-11-27,3527.7900390625,20.08,-0.344,0.56,0.061,-0.5575061289094765,21.35061289094765,111.75061289094764,61.850612890947644,0.0,0.004787832433228625,-0.15000000000000213,0.0,0.5690074119550239,-0.6309925880449612,0.6690074119550147
2020-11-30,3492.5400390625,22.91,-0.323,0.585,0.084,-0.5496842544259004,22.66842544259004,113.46842544259005,63.36842544259004,0.0,-0.010042347254442993,2.830000000000002,0.0,1.3178125516423869,1.7178125516424103,1.5178125516423933
2020-12-01,3525.239990234375,21.3,-0.283,0.642,0.122,-0.5156576019209256,23.26576019209256,115.76576019209254,63.76576019209256,0.0,0.00931923990096587,-1.6099999999999994,0.0,0.5973347495025223,2.2973347495024967,0.39733474950251946
2020-12-02,3521.320068359375,21.69,-0.285,0.604,0.106,-0.489175404356875,20.417540435687503,109.3175404356875,59.5175404356875,0.0,-0.0011125775546520097,0.39000000000000057,0.0,-2.848219756405058,-6.448219756405038,-4.248219756405057
2020-12-03,3517.10009765625,21.32,-0.314,0.567,0.076,-0.5285281364203134,21.452813642031337,109.55281364203134,60.45281364203133,0.0,-0.0011991245504661854,-0.370000000000001,0.0,1.0352732063438346,0.23527320634383386,0.9352732063438296
2020-12-04,3539.27001953125,20.82,-0.308,0.593,0.086,-0.5296154079176629,22.16154079176629,112.2615407917663,61.56154079176629,0.0,0.0062836825320757095,-0.5,0.0,0.7087271497349512,2.7087271497349548,1.1087271497349604
2020-12-07,3530.080078125,21.44,-0.342,0.577,0.054,-0.5613015189065695,21.93015189065695,113.83015189065696,61.53015189065696,0.0,-0.002599941000534604,0.620000000000001,0.0,-0.2313889011093373,1.5686110988906705,-0.0313889011093309
2020-12-08,3525.8701171875,20.54,-0.366,0.551,0.031,-0.5884381042211411,22.24381042211411,113.94381042211413,61.94381042211411,0.0,-0.001193308150013146,-0.9000000000000021,0.0,0.3136585314571576,0.11365853145716187,0.4136585314571519
2020-12-09,3529.02001953125,20.02,-0.362,0.542,0.021,-0.580264468743704,21.8264468743704,112.2264468743704,60.1264468743704,0.0,0.000892969980259571,-0.5199999999999996,0.0,-0.4173635477437081,-1.7173635477437301,-1.8173635477437102
2020-12-10,3522.31005859375,20.66,-0.356,0.527,0.026,-0.5835258649396518,22.752586493965172,111.0525864939652,60.95258649396518,0.0,-0.001903176532226464,0.6400000000000006,0.0,0.9261396195947711,-1.173860380405202,0.8261396195947768
2020-12-11,3485.840087890625,23.61,-0.381,0.522,0.006,-0.6148095761806123,23.380957618061228,113.68095761806124,62.08095761806123,0.0,-0.010407967626290556,2.9499999999999993,0.0,0.6283711240960557,2.6283711240960486,1.1283711240960486
2020-12-14,3503.9599609375,22.52,-0.372,0.511,0.005,-0.5929995565695565,22.09995565695565,110.39995565695564,59.79995565695565,0.0,0.00518467295489202,-1.0899999999999999,0.0,-1.2810019611055772,-3.281001961105602,-2.2810019611055736
2020-12-15,3521.5,21.73,-0.372,0.483,-0.014,-0.599475694303583,22.747569430358304,108.24756943035833,58.5475694303583,0.0,0.004993288867555876,-0.7899999999999991,0.0,0.6476137734026537,-2.152386226597315,-1.252386226597352
2020-12-16,3543.0,21.14,-0.329,0.504,0.027,-0.5456016619925665,21.66016619925665,104.96016619925666,57.26016619925666,0.0,0.0060867906800070445,-0.5899999999999999,0.0,-1.0874032311016535,-3.2874032311016634,-1.2874032311016421
2020-12-17,3560.8701171875,20.51,-0.335,0.506,0.031,-0.5701908146163914,23.51908146163914,107.61908146163914,60.11908146163915,0.0,0.005031104056447699,-0.629999999999999,0.0,1.8589152623824887,2.6589152623824788,2.8589152623824887
2020-12-18,3545.739990234375,21.63,-0.332,0.536,0.049,-0.5621708132151224,23.01708132151224,109.81708132151223,61.117081321512245,0.0,-0.004258049783162444,1.1199999999999974,0.0,-0.5020001401268992,2.197999859873093,0.9979998598730973
2020-12-21,3448.679931640625,27.26,-0.342,0.543,0.055,-0.5758626630457333,23.38626630457333,111.88626630457334,63.086266304573336,0.0,-0.02775535084428219,5.630000000000003,0.0,0.36918498306108916,2.069184983061106,1.9691849830610906
2020-12-22,3497.489990234375,25.21,-0.352,0.522,0.05,-0.5736288136004735,22.162881360047347,109.56288136004734,62.36288136004735,0.0,0.01405403626376034,-2.0500000000000007,0.0,-1.2233849445259821,-2.3233849445259978,-0.7233849445259821
2020-12-23,3539.260009765625,23.15,-0.312,0.562,0.079,-0.5324507486301204,22.045074863012044,109.44507486301204,61.14507486301204,0.0,0.011872102928978202,-2.0600000000000023,0.0,-0.11780649703530344,-0.11780649703530344,-1.217806497035312
2020-12-28,3575.409912109375,21.71,-0.328,0.509,0.059,-0.5391871813213847,21.118718132138465,104.81871813213846,59.81871813213846,0.0,0.010162161797750287,-1.4399999999999977,0.0,-0.9263567308735787,-4.626356730873582,-1.3263567308735844
2020-12-29,3581.3701171875,22.38,-0.345,0.522,0.05,-0.5599709461497477,21.497094614974777,108.19709461497476,60.99709461497478,0.0,0.0016656111915292083,0.6699999999999982,0.0,0.37837648283631253,3.378376482836302,1.1783764828363203
2020-12-30,3571.590087890625,23.37,-0.336,0.525,0.056,-0.5700079921508663,23.400799215086625,109.50079921508662,62.60079921508663,0.0,-0.002734542094695741,0.990000000000002,0.0,1.9037046001118476,1.3037046001118568,1.603704600111854
2021-01-04,3564.389892578125,24.84,-0.366,0.52,0.026,-0.5720845536627377,20.60845536627377,109.20845536627375,59.80845536627377,0.0,-0.002017998305954756,1.4699999999999989,0.0,-2.7923438488128554,-0.29234384881286246,-2.7923438488128625
2021-01-05,3547.85009765625,25.2,-0.333,0.532,0.042,-0.5750587859195333,24.20587859195333,110.70587859195334,61.705878591953336,0.0,-0.0046510873539580945,0.35999999999999943,0.0,3.5974232256795595,1.497423225679583,1.8974232256795673
2021-01-06,3611.080078125,21.44,-0.319,0.541,0.052,-0.5401835256757694,22.11835256757694,108.11835256757692,59.21835256757695,0.0,0.017665104472798187,-3.759999999999998,0.0,-2.0875260243763876,-2.587526024376416,-2.487526024376386
2021-01-07,3622.419921875,21.02,-0.315,0.531,0.049,-0.5427611275747775,22.776112757477744,107.37611275747776,59.17611275747775,0.0,0.0031353709932236714,-0.4200000000000017,0.0,0.6577601899008023,-0.7422398100991643,-0.04223981009919697
2021-01-08,3645.050048828125,20.53,-0.317,0.498,0.043,-0.5446041356699363,22.760413566993627,104.26041356699362,58.76041356699363,0.0,0.006227806977629031,-0.48999999999999844,0.0,-0.015699190484117054,-3.1156991904841362,-0.4156991904841263
2021-01-11,3620.6201171875,21.98,-0.287,0.54,0.066,-0.5154055823530368,22.84055823530368,105.54055823530368,58.140558235303686,0.0,-0.006724781925948252,1.4499999999999993,0.0,0.08014466831005151,1.280144668310058,-0.6198553316899407
2021-01-12,3612.1298828125,21.95,-0.257,0.64,0.117,-0.4912255062157467,23.42255062157467,113.12255062157467,60.82255062157466,0.0,-0.0023477206525043272,-0.030000000000001137,0.0,0.5819923862709899,7.581992386270997,2.681992386270977
2021-01-13,3616.510009765625,21.09,-0.311,0.557,0.066,-0.5260978206321765,21.50978206321765,108.30978206321764,59.20978206321765,0.0,0.001211881503101873,-0.8599999999999994,0.0,-1.912768558357019,-4.812768558357035,-1.6127685583570113
2021-01-14,3641.3701171875,19.69,-0.328,0.609,0.063,-0.5633570715649387,23.535707156493874,117.23570715649387,62.63570715649387,0.0,0.006850541538443722,-1.3999999999999986,0.0,2.025925093276225,8.925925093276234,3.42592509327622
2021-01-15,3599.550048828125,22.43,-0.317,0.583,0.06,-0.5439206382358588,22.69206382358588,112.69206382358588,60.392063823585886,0.0,-0.011551165432514809,2.7399999999999984,0.0,-0.8436433329079946,-4.54364333290799,-2.243643332907986
2021-01-18,3602.669921875,21.95,-0.305,0.604,0.079,-0.5311800653228023,22.618006532280223,113.51800653228024,61.01800653228023,0.0,0.0008663643306397995,-0.4800000000000004,0.0,-0.07405729130565675,0.825942708694356,0.6259427086943461
2021-01-19,3595.419921875,21.75,-0.304,0.56,0.071,-0.5188665579280682,21.486655792806825,107.88665579280683,58.98665579280682,0.0,-0.0020144239955396264,-0.1999999999999993,0.0,-1.1313507394733975,-5.631350739473405,-2.0313507394734103
2021-01-20,3624.0400390625,20.28,-0.298,0.585,0.08,-0.5357603655685685,23.77603655685685,112.07603655685683,61.57603655685685,0.0,0.007928644877053168,-1.4699999999999989,0.0,2.2893807640500263,4.18938076405,2.589380764050027
2021-01-21,3618.35009765625,19.94,-0.269,0.654,0.128,-0.5006893786269213,23.16893786269213,115.46893786269212,62.86893786269213,0.0,-0.0015712886131562835,-0.33999999999999986,0.0,-0.6070986941647227,3.392901305835281,1.2929013058352794
2021-01-22,3602.409912109375,21.32,-0.278,0.714,0.125,-0.5150580152261877,23.705801522618763,122.90580152261876,64.00580152261877,0.0,-0.004415106282172152,1.379999999999999,0.0,0.5368636599266345,7.436863659926644,1.1368636599266395
2021-01-25,3553.139892578125,26.01,-0.315,0.647,0.078,-0.5515737942774792,23.65737942774792,119.85737942774792,62.95737942774792,0.0,-0.013771352180007483,4.690000000000001,0.0,-0.048422094870844035,-3.048422094870844,-1.0484220948708511
2021-01-26,3592.830078125,23.1,-0.301,0.617,0.076,-0.5405202820206063,23.95202820206063,115.75202820206064,61.65202820206063,0.0,0.01110852518383248,-2.91,0.0,0.2946487743127122,-4.105351225687272,-1.3053512256872892
2021-01-27,3536.3798828125,26.77,-0.307,0.621,0.079,-0.5571614336958302,25.016143369583016,117.81614336958302,63.61614336958301,0.0,-0.01583664260764582,3.669999999999998,0.0,1.0641151675223846,2.064115167522374,1.9641151675223796
2021-01-28,3557.0400390625,25.93,-0.304,0.639,0.076,-0.5417382582390453,23.77382582390453,118.07382582390451,61.77382582390453,0.0,0.005825177389394374,-0.8399999999999999,0.0,-1.2423175456784854,0.25768245432149683,-1.8423175456784762
2021-01-29,3481.43994140625,29.01,-0.273,0.643,0.101,-0.5122549639975529,23.92549639975529,115.52549639975528,61.32549639975529,0.0,-0.02148276484562079,3.080000000000002,0.0,0.15167057585075838,-2.5483294241492302,-0.44832942414924304
2021-02-01,3530.85009765625,27.33,-0.275,0.624,0.098,-0.5112039222516493,23.62039222516493,113.52039222516494,60.92039222516493,0.0,0.014092678347553863,-1.6800000000000033,0.0,-0.3051041745903582,-2.0051041745903433,-0.4051041745903561
2021-02-02,3590.4599609375,24.02,-0.245,0.656,0.12,-0.4850892939455988,24.00892939455988,114.10892939455988,60.50892939455987,0.0,0.01674165429866707,-3.3099999999999987,0.0,0.3885371693949473,0.5885371693949395,-0.4114628306050605
2021-02-03,3609.75,22.72,-0.241,0.586,0.126,-0.4657032906223932,22.47032906223932,105.1703290622393,59.17032906223931,0.0,0.005358200752215759,-1.3000000000000007,0.0,-1.5386003323205593,-8.938600332320576,-1.33860033232056
2021-02-04,3642.1201171875,21.37,-0.236,0.548,0.125,-0.4489231951343231,21.29231951343231,99.69231951343232,57.39231951343231,0.0,0.008927443998208651,-1.3499999999999979,0.0,-1.1780095488070081,-5.47800954880698,-1.778009548806999
2021-02-05,3655.77001953125,20.64,-0.225,0.543,0.131,-0.4547085137008468,22.97085137008468,99.77085137008469,58.57085137008469,0.0,0.0037407848036864985,-0.7300000000000004,0.0,1.67853185665237,0.0785318566523614,1.178531856652377
2021-02-08,3665.510009765625,20.44,-0.227,0.511,0.129,-0.4200757725602799,19.30757725602799,93.10757725602798,54.90757725602799,0.0,0.002660735811661241,-0.1999999999999993,0.0,-3.6632741140566907,-6.663274114056705,-3.663274114056698
2021-02-09,3661.1298828125,21.12,-0.223,0.517,0.133,-0.4418373891854568,21.88373891854568,95.88373891854567,57.48373891854568,0.0,-0.001195671559999039,0.6799999999999997,0.0,2.5761616625176913,2.776161662517694,2.5761616625176913
2021-02-10,3648.3701171875,22.47,-0.211,0.505,0.15,-0.4487913236034777,23.77913236034777,95.37913236034775,59.87913236034777,0.0,-0.0034912862947709916,1.3499999999999979,0.0,1.8953934418020886,-0.5046065581979207,2.395393441802085
2021-02-11,3671.679931640625,21.21,-0.232,0.454,0.123,-0.4552401585888952,22.32401585888952,90.92401585888952,57.82401585888952,0.0,0.006368779745326779,-1.259999999999998,0.0,-1.4551165014582494,-4.455116501458235,-2.055116501458251
2021-02-12,3695.610107421875,20.06,-0.198,0.486,0.161,-0.4164291824373607,21.84291824373607,90.24291824373609,57.74291824373607,0.0,0.0064963534254687625,-1.1500000000000021,0.0,-0.48109761515345184,-0.6810976151534334,-0.08109761515344616
2021-02-15,3734.199951171875,20.15,-0.154,0.529,0.203,-0.3746499994025516,22.064999940255163,90.36499994025516,57.764999940255166,0.0,0.010387934674398514,0.08999999999999986,0.0,0.22208169651909415,0.12208169651907497,0.022081696519094862
2021-02-16,3726.39990234375,20.93,-0.121,0.569,0.235,-0.347939084671101,22.693908467110106,91.69390846711008,58.2939084671101,0.0,-0.0020909985318260374,0.7800000000000011,0.0,0.6289085268549428,1.3289085268549172,0.5289085268549343
2021-02-17,3699.85009765625,21.83,-0.131,0.585,0.289,-0.3500528991027543,21.905289910275428,93.50528991027542,63.90528991027542,0.0,-0.007150289258846604,0.8999999999999986,0.0,-0.7886185568346775,1.8113814431653452,5.611381443165321
2021-02-18,3681.0400390625,22.52,-0.083,0.655,0.346,-0.3157659870889575,23.276598708895747,97.07659870889576,66.17659870889574,0.0,-0.005096973120511829,0.6900000000000013,0.0,1.3713087986203192,3.5713087986203362,2.2713087986203178
2021-02-19,3713.4599609375,20.48,-0.062,0.625,0.363,-0.30145744243389,23.945744243389,92.645744243389,66.445744243389,0.0,0.008768714478690548,-2.039999999999999,0.0,0.6691455344932535,-4.430854465506755,0.26914553449326206
2021-02-22,3699.85009765625,21.69,-0.1,0.599,0.326,-0.3286702407023867,22.86702407023867,92.76702407023866,65.46702407023868,0.0,-0.00367174135817862,1.2100000000000009,0.0,-1.0787201731503302,0.12127982684965843,-0.9787201731503217
2021-02-23,3689.10009765625,23.13,-0.064,0.646,0.367,-0.2818750701774855,21.78750701774855,92.78750701774857,64.88750701774855,0.0,-0.0029097523465603497,1.4399999999999977,0.0,-1.0795170524901216,0.020482947509904648,-0.5795170524901323
2021-02-24,3705.989990234375,21.43,-0.041,0.697,0.4,-0.259786731388874,21.8786731388874,95.6786731388874,65.9786731388874,0.0,0.004567874561459367,-1.6999999999999993,0.0,0.09116612113885125,2.8911661211388378,1.0911661211388548
2021-02-25,3685.280029296875,22.1,0.028,0.804,0.48,-0.2274242966420905,25.54242966420905,103.14242966420906,70.74242966420906,0.0,-0.005603912475238808,0.6700000000000017,0.0,3.6637565253216486,7.4637565253216565,4.763756525321654
2021-02-26,3636.43994140625,26.86,-0.005,0.771,0.433,-0.245739451145833,24.0739451145833,101.67394511458328,67.87394511458331,0.0,-0.013341349440033632,4.759999999999998,0.0,-1.4684845496257495,-1.468484549625785,-2.868484549625748
2021-03-01,3706.6201171875,22.16,-0.096,0.664,0.335,-0.3240427681702531,22.80427681702531,98.80427681702533,65.9042768170253,0.0,0.019115276780619618,-4.699999999999999,0.0,-1.2696682975579883,-2.8696682975579506,-1.9696682975580018
2021-03-02,3707.719970703125,21.81,-0.105,0.686,0.344,-0.3096255270250405,20.46255270250405,99.56255270250404,65.36255270250405,0.0,0.0002966827824606962,-0.3500000000000014,0.0,-2.341724114521263,0.7582758854787102,-0.5417241145212586
2021-03-03,3712.780029296875,21.7,-0.041,0.759,0.404,-0.2935971617921047,25.25971617921047,105.25971617921046,69.75971617921047,0.0,0.0013638055058405288,-0.10999999999999943,0.0,4.797163476706423,5.697163476706422,4.3971634767064245
2021-03-04,3704.85009765625,22.09,-0.064,0.756,0.388,-0.3075997400211574,24.35997400211574,106.35997400211576,69.55997400211574,0.0,-0.0021381315935002287,0.39000000000000057,0.0,-0.8997421770947298,1.1002578229053057,-0.19974217709473407
2021-03-05,3669.5400390625,25.08,-0.046,0.772,0.403,-0.2837801146948027,23.77801146948027,105.57801146948027,68.67801146948027,0.0,-0.009576474201244746,2.9899999999999984,0.0,-0.5819625326354725,-0.7819625326354895,-0.8819625326354696
2021-03-08,3763.239990234375,20.9,-0.032,0.762,0.406,-0.2756398836959168,24.36398836959168,103.76398836959169,68.16398836959168,0.0,0.025213961626020392,-4.18,0.0,0.5859769001114117,-1.814023099888587,-0.5140230998885897
2021-03-09,3786.050048828125,20.26,-0.056,0.699,0.371,-0.3041652415924818,24.816524159248186,100.31652415924816,67.51652415924818,0.0,0.006042986264903889,-0.639999999999997,0.0,0.45253578965650476,-3.447464210343526,-0.6474642103435002
2021-03-10,3819.919921875,19.67,-0.06,0.682,0.362,-0.2999154739166711,23.991547391667112,98.19154739166711,66.1915473916671,0.0,0.008906187391586502,-0.5899999999999999,0.0,-0.8249767675810737,-2.124976767581046,-1.3249767675810773
2021-03-11,3845.639892578125,18.88,-0.091,0.607,0.312,-0.3243995080552486,23.339950805524857,93.13995080552486,63.63995080552486,0.0,0.006710551569102259,-0.7900000000000027,0.0,-0.6515965861422544,-5.051596586142253,-2.5515965861422387
2021-03-12,3833.360107421875,18.71,-0.056,0.632,0.333,-0.2821945038687952,22.61945038687952,91.41945038687952,61.51945038687951,0.0,-0.003198279886374693,-0.16999999999999815,0.0,-0.7205004186453365,-1.7205004186453436,-2.1205004186453493
2021-03-15,3829.840087890625,18.62,-0.09,0.602,0.305,-0.2952824407731191,20.52824407731191,89.7282440773119,60.02824407731191,0.0,-0.0009186814096207207,-0.08999999999999986,0.0,-2.0912063095676103,-1.6912063095676189,-1.4912063095676018
2021-03-16,3850.9599609375,17.55,-0.086,0.627,0.324,-0.3259504672604203,23.995046726042037,95.29504672604205,64.99504672604203,0.0,0.00549940791084351,-1.0700000000000003,0.0,3.466802648730127,5.566802648730146,4.966802648730123
2021-03-17,3849.739990234375,17.57,-0.035,0.701,0.38,-0.2813992086110062,24.63992086110062,98.2399208611006,66.13992086110062,0.0,-0.0003168467077191926,0.019999999999999574,0.0,0.6448741350585827,2.944874135058555,1.1448741350585863
2021-03-18,3867.5400390625,17.46,-0.018,0.692,0.38,-0.2464714097826905,22.84714097826905,93.84714097826904,62.64714097826904,0.0,0.00461304509522379,-0.10999999999999943,0.0,-1.7927798828315709,-4.392779882831562,-3.4927798828315773
2021-03-19,3837.02001953125,18.4,-0.046,0.672,0.352,-0.274255956373123,22.8255956373123,94.6255956373123,62.62559563731229,0.0,-0.007922627363297977,0.9399999999999977,0.0,-0.02154534095674876,0.7784546590432626,-0.021545340956755865
2021-03-22,3833.840087890625,17.68,-0.06,0.648,0.343,-0.2889048975093273,22.89048975093273,93.69048975093273,63.190489750932734,0.0,-0.000829093942074252,-0.7199999999999989,0.0,0.0648941136204293,-0.9351058863795743,0.5648941136204471
2021-03-23,3827.02001953125,17.6,-0.093,0.604,0.304,-0.3228741001659418,22.987410016594183,92.68741001659416,62.68741001659418,0.0,-0.0017804972458639104,-0.0799999999999983,0.0,0.09692026566145273,-1.00307973433857,-0.5030797343385558
2021-03-24,3832.550048828125,17.77,-0.108,0.593,0.28,-0.327322229208165,21.932222920816503,92.0322229208165,60.7322229208165,0.0,0.0014439531744899776,0.16999999999999815,0.0,-1.0551870957776792,-0.6551870957776629,-1.9551870957776813
2021-03-25,3832.570068359375,18.88,-0.136,0.578,0.266,-0.3596305455753072,22.36305455753072,93.76305455753072,62.56305455753073,0.0,5.223540125709177e-06,1.1099999999999994,0.0,0.43083163671421687,1.7308316367142282,1.8308316367142297
2021-03-26,3866.679931640625,17.11,-0.105,0.614,0.288,-0.3309516068470874,22.59516068470874,94.49516068470874,61.89516068470874,0.0,0.008860625761391398,-1.7699999999999996,0.0,0.23210612717802093,0.7321061271780138,-0.6678938728219848
2021-03-29,3882.8701171875,18.35,-0.071,0.641,0.317,-0.3090660643083174,23.80660643083174,95.00660643083174,62.60660643083173,0.0,0.004178361066081155,1.240000000000002,0.0,1.2114457461229975,0.5114457461230018,0.7114457461229904
2021-03-30,3926.199951171875,18.47,-0.038,0.684,0.349,-0.2595793377934994,22.15793377934994,94.35793377934996,60.857933779349935,0.0,0.011097423454192129,0.11999999999999744,0.0,-1.6486726514817995,-0.6486726514817747,-1.7486726514817974
2021-03-31,3919.2099609375,17.97,-0.048,0.669,0.339,-0.2786500209590494,23.06500209590494,94.76500209590496,61.76500209590494,0.0,-0.0017819316421399645,-0.5,0.0,0.9070683165550015,0.407068316554998,0.9070683165550051
2021-04-01,3945.9599609375,16.9,-0.078,0.632,0.315,-0.304830860730731,22.6830860730731,93.6830860730731,61.9830860730731,0.0,0.006802167889068095,-1.0700000000000003,0.0,-0.3819160228318417,-1.0819160228318623,0.2180839771681633
2021-04-06,3970.419921875,17.11,-0.061,0.699,0.35,-0.2905626908834082,22.956269088340814,98.9562690883408,64.05626908834081,0.0,0.006179602075248798,0.21000000000000085,0.0,0.2731830152677155,5.273183015267705,2.073183015267709
2021-04-07,3956.77001953125,16.66,-0.069,0.701,0.349,-0.3004071885265231,23.14071885265231,100.1407188526523,64.94071885265231,0.0,-0.0034438220694072365,-0.4499999999999993,0.0,0.18444976431149485,1.1844497643114948,0.8844497643114977
2021-04-08,3977.830078125,16.16,-0.08,0.666,0.34,-0.3278594890271371,24.785948902713702,99.38594890271372,66.78594890271371,0.0,0.005308423307901534,-0.5,0.0,1.645230050061393,-0.7547699499385772,1.845230050061403
2021-04-09,3978.840087890625,16.18,-0.042,0.737,0.38,-0.2692333662677901,22.72333662677901,100.623336626779,64.923336626779,0.0,0.0002538775015115307,0.019999999999999574,0.0,-2.0626122759346934,1.2373877240652718,-1.8626122759347084
2021-04-12,3961.89990234375,17.05,-0.031,0.739,0.393,-0.2715624054609455,24.05624054609455,101.05624054609454,66.45624054609456,0.0,-0.004266658086396459,0.870000000000001,0.0,1.332903919315541,0.4329039193155495,1.532903919315558
2021-04-13,3966.989990234375,16.31,-0.033,0.746,0.389,-0.2734792585214007,24.04792585214007,101.94792585214007,66.24792585214007,0.0,0.001283934739624809,-0.740000000000002,0.0,-0.008314693954478258,0.891685306045531,-0.20831469395449176
2021-04-14,3976.280029296875,16.19,-0.004,0.782,0.417,-0.2594569265150683,25.54569265150683,104.14569265150683,67.64569265150683,0.0,0.002339097947176495,-0.11999999999999744,0.0,1.497766799366758,2.197766799366761,1.3977667993667637
2021-04-15,3993.429931640625,15.71,-0.035,0.731,0.382,-0.2516666822214679,21.666668222146782,98.26666822214678,63.36666822214679,0.0,0.0043037774020356955,-0.4800000000000004,0.0,-3.8790244293600473,-5.879024429360058,-4.279024429360042
2021-04-16,4032.989990234375,16.11,-0.013,0.748,0.398,-0.2312715827945521,21.827158279455208,97.9271582794552,62.927158279455206,0.0,0.00985754030302295,0.3999999999999986,0.0,0.1604900573084258,-0.33950994269157775,-0.4395099426915863
2021-04-19,4019.909912109375,17.21,0.01,0.793,0.417,-0.1973086178001786,20.73086178001786,99.03086178001786,61.43086178001786,0.0,-0.0032485414661750423,1.1000000000000014,0.0,-1.0962964994373472,1.1037035005626592,-1.4962964994373493
2021-04-20,3940.4599609375,21.08,-0.012,0.782,0.405,-0.2166951278725046,20.46951278725046,99.86951278725049,62.16951278725047,0.0,-0.019962034605986306,3.8699999999999974,0.0,-0.2613489927674024,0.8386510072326274,0.7386510072326118
2021-04-21,3976.409912109375,19.28,-0.016,0.756,0.396,-0.2530260730267422,23.702607302674217,100.9026073026742,64.90260730267423,0.0,0.009081922236427021,-1.7999999999999972,0.0,3.2330945154237583,1.0330945154237128,2.7330945154237583
2021-04-22,4014.800048828125,17.76,-0.005,0.756,0.396,-0.2507764738122979,24.577647381229788,100.6776473812298,64.67764738122979,0.0,0.009608165032316617,-1.5199999999999996,0.0,0.8750400785555712,-0.2249599214443947,-0.22495992144443733
2021-04-23,4013.340087890625,18.19,-0.007,0.784,0.403,-0.2350543082878093,22.805430828780928,101.90543082878094,63.80543082878093,0.0,-0.00036371087916536323,0.4299999999999997,0.0,-1.7722165524488602,1.2277834475511327,-0.8722165524488616
2021-04-26,4020.830078125,18.28,-0.005,0.8,0.407,-0.2399162680823052,23.49162680823052,103.99162680823054,64.69162680823052,0.0,0.001864534170800144,0.08999999999999986,0.0,0.6861959794495931,2.086195979449599,0.8861959794495959
2021-04-27,4011.909912109375,19.21,0.001,0.822,0.421,-0.2251622682537033,22.61622682537033,104.71622682537031,64.61622682537033,0.0,-0.002220953172423805,0.9299999999999997,0.0,-0.8753999828601913,0.7246000171397782,-0.07539998286019056
2021-04-28,4015.030029296875,18.38,0.024,0.831,0.438,-0.2086183250727122,23.26183250727122,103.96183250727124,64.66183250727123,0.0,0.0007774114089348322,-0.8300000000000018,0.0,0.6456056819008893,-0.7543943180990738,0.04560568190089498
2021-04-29,3996.89990234375,18.88,0.161,0.876,0.479,-0.1578056425094582,31.88056425094582,103.3805642509458,63.68056425094581,0.0,-0.004525790428545095,0.5,0.0,8.618731743674601,-0.5812682563254441,-0.9812682563254214
2021-04-30,3974.739990234375,20.63,0.157,0.86,0.477,-0.1799941287779782,33.69941287779782,103.9994128777978,65.69941287779781,0.0,-0.005559701514047605,1.75,0.0,1.8188486268519988,0.6188486268519995,2.018848626852005
2021-05-03,4000.25,19.93,0.153,0.834,0.465,-0.1766098041635775,32.96098041635775,101.06098041635774,64.16098041635775,0.0,0.006397524461754053,-0.6999999999999993,0.0,-0.7384324614400697,-2.9384324614400583,-1.5384324614400668
2021-05-04,3924.800048828125,22.82,0.123,0.821,0.438,-0.218911790366802,34.1911790366802,103.9911790366802,65.6911790366802,0.0,-0.019041452203838707,2.8900000000000006,0.0,1.2301986203224473,2.9301986203224573,1.5301986203224516
2021-05-05,4002.7900390625,19.9,0.137,0.854,0.453,-0.2020700265078523,33.90700265078523,105.60700265078522,65.50700265078522,0.0,0.019676220775629163,-2.9200000000000017,0.0,-0.2841763858949662,1.6158236141050253,-0.18417638589497187
2021-05-06,3999.43994140625,20.38,0.146,0.872,0.461,-0.1967065488030948,34.27065488030948,106.87065488030947,65.7706548803095,0.0,-0.0008372910701501878,0.4800000000000004,0.0,0.3636522295242486,1.2636522295242543,0.2636522295242685
2021-05-07,4034.25,18.38,0.164,0.918,0.492,-0.1947493049831803,35.87493049831803,111.27493049831804,68.67493049831803,0.0,0.008666074170837321,-2.0,0.0,1.6042756180085505,4.404275618008569,2.9042756180085405
2021-05-10,4023.35009765625,18.5,0.17,0.89,0.474,-0.1796768068229419,34.96768068229419,106.9676806822942,65.36768068229419,0.0,-0.002705497632130778,0.120000000000001,0.0,-0.9072498160238425,-4.307249816023841,-3.307249816023841
2021-05-11,3946.06005859375,22.56,0.227,0.947,0.528,-0.1317421106752503,35.87421106752503,107.874211067525,65.97421106752503,0.0,-0.019397285602536767,4.059999999999999,0.0,0.9065303852308446,0.9065303852307949,0.6065303852308404
2021-05-12,3947.429931640625,23.94,0.265,0.984,0.57,-0.0921718773059616,35.71718773059616,107.61718773059616,66.21718773059615,0.0,0.0003470893260958474,1.3800000000000026,0.0,-0.15702333692887294,-0.25702333692883883,0.24297666307111854
2021-05-14,4017.43994140625,19.55,0.263,1.074,0.592,-0.0956475161210042,35.86475161210042,116.96475161210044,68.76475161210041,0.0,0.017580152341548114,-4.390000000000001,0.0,0.14756388150426147,9.347563881504286,2.54756388150426
2021-05-17,4006.840087890625,21.81,0.291,1.11,0.622,-0.0735833492945357,36.45833492945357,118.35833492945358,69.55833492945357,0.0,-0.0026419466026611667,2.259999999999998,0.0,0.5935833173531506,1.3935833173531336,0.7935833173531535
2021-05-18,4005.340087890625,21.31,0.299,1.107,0.61,-0.0768701104046609,37.58701104046609,118.38701104046608,68.68701104046609,0.0,-0.0003744299265906946,-0.5,0.0,1.128676111012517,0.028676111012501337,-0.8713238889874759
2021-05-19,3936.739990234375,24.48,0.283,1.117,0.612,-0.0682340993103469,35.123409931034686,118.52340993103468,68.02340993103468,0.0,-0.017275525574911944,3.1700000000000017,0.0,-2.4636011094314014,0.1363988905686,-0.6636011094314114
2021-05-20,3999.909912109375,22.1,0.265,1.055,0.576,-0.0713681820800298,33.636818208002985,112.63681820800298,64.73681820800297,0.0,0.01591887172547376,-2.379999999999999,0.0,-1.486591723031701,-5.8865917230316995,-3.286591723031705
2021-05-21,4025.780029296875,20.35,0.247,1.034,0.561,-0.1018040069948389,34.880400699483886,113.5804006994839,66.2804006994839,0.0,0.00644684929948013,-1.75,0.0,1.2435824914809004,0.9435824914809245,1.543582491480933
2021-05-25,4036.0400390625,19.08,0.199,0.965,0.502,-0.1366544228501514,33.56544228501514,110.16544228501512,63.86544228501514,0.0,0.0025453347303571435,-1.2700000000000031,0.0,-1.314958414468748,-3.414958414468785,-2.4149584144687637
2021-05-26,4031.669921875,18.28,0.155,0.922,0.454,-0.1784022275369441,33.34022275369441,110.0402227536944,63.24022275369441,0.0,-0.0010833601198065451,-0.7999999999999972,0.0,-0.22521953132072525,-0.12521953132072383,-0.6252195313207309
2021-05-27,4039.2099609375,17.82,0.186,0.936,0.486,-0.1471088765113632,33.310887651136326,108.31088765113633,63.31088765113632,0.0,0.0018684558228056088,-0.46000000000000085,0.0,-0.029335102558086135,-1.7293351025580677,0.07066489744190818
2021-05-28,4070.56005859375,17.17,0.175,0.915,0.48,-0.1542104755539854,32.921047555398545,106.92104755539856,63.42104755539854,0.0,0.007731477895236448,-0.6499999999999986,0.0,-0.38984009573778167,-1.3898400957377675,0.11015990426221833
2021-05-31,4039.4599609375,19.1,0.172,0.916,0.474,-0.1464150531334933,31.841505313349327,106.24150531334932,62.04150531334933,0.0,-0.007669586518933932,1.9299999999999997,0.0,-1.079542242049218,-0.6795422420492372,-1.3795422420492045
2021-06-01,4071.75,18.77,0.184,0.905,0.479,-0.152207882527537,33.6207882527537,105.7207882527537,63.1207882527537,0.0,0.0079618724687831,-0.33000000000000185,0.0,1.7792829394043714,-0.5207170605956151,1.079282939404365
2021-06-02,4088.5,17.85,0.159,0.878,0.459,-0.1685155882174269,32.75155882174269,104.65155882174268,62.75155882174269,0.0,0.004105272148361864,-0.9199999999999982,0.0,-0.8692294310110071,-1.0692294310110242,-0.36922943101100714
2021-06-03,4079.239990234375,18.24,0.178,0.9,0.476,-0.1605521309399908,33.85521309399908,106.05521309399909,63.65521309399907,0.0,-0.0022674604588611836,0.389999999999997,0.0,1.1036542722563922,1.4036542722564036,0.9036542722563823
2021-06-04,4089.3798828125,17.38,0.154,0.879,0.459,-0.186038947336363,34.0038947336363,106.5038947336363,64.5038947336363,0.0,0.002482646504267618,-0.8599999999999994,0.0,0.1486816396372177,0.44868163963721486,0.8486816396372276
2021-06-07,4097.64990234375,17.71,0.175,0.921,0.48,-0.1587290153378706,33.37290153378706,107.97290153378708,63.872901533787065,0.0,0.0020202741558579774,0.33000000000000185,0.0,-0.6309931998492431,1.4690068001507797,-0.630993199849236
2021-06-08,4096.009765625,17.72,0.143,0.865,0.437,-0.1936152276268932,33.66152276268932,105.86152276268932,63.06152276268933,0.0,-0.00040034290100371774,0.00999999999999801,0.0,0.28862122890226516,-2.111378771097762,-0.8113787710977363
2021-06-09,4096.85009765625,17.23,0.12,0.83,0.407,-0.2328220282494673,35.28220282494673,106.28220282494674,63.98220282494673,0.0,0.0002051376560126059,-0.48999999999999844,0.0,1.6206800622574065,0.42068006225741783,0.9206800622574036
2021-06-10,4096.06982421875,16.66,0.12,0.804,0.397,-0.2120931083225241,33.209310832252406,101.60931083225242,60.909310832252416,0.0,-0.00019047505585296395,-0.5700000000000003,0.0,-2.0728919926943234,-4.672891992694318,-3.0728919926943163
2021-06-11,4126.7001953125,15.15,0.1,0.748,0.366,-0.254478702000358,35.4478702000358,100.2478702000358,62.0478702000358,0.0,0.0074501689088069855,-1.5099999999999998,0.0,2.2385593677833953,-1.3614406322166133,1.1385593677833867
2021-06-14,4132.669921875,16.05,0.126,0.778,0.395,-0.2240491308840866,35.004913088408664,100.20491308840866,61.90491308840866,0.0,0.0014455648596336352,0.9000000000000004,0.0,-0.4429571116271376,-0.042957111627146105,-0.14295711162714042
2021-06-15,4143.52001953125,16.41,0.147,0.792,0.415,-0.2113851744595818,35.83851744595818,100.3385174459582,62.63851744595817,0.0,0.0026220045574556518,0.35999999999999943,0.0,0.8336043575495182,0.1336043575495438,0.7336043575495097
2021-06-16,4151.759765625,16.18,0.134,0.778,0.4,-0.2123028398520432,34.63028398520432,99.03028398520432,61.23028398520432,0.0,0.0019866114265190207,-0.23000000000000043,0.0,-1.2082334607538598,-1.3082334607538826,-1.4082334607538485
2021-06-17,4158.14013671875,17.08,0.161,0.822,0.433,-0.1895070468576549,35.05070468576549,101.15070468576548,62.25070468576549,0.0,0.0015356075097224917,0.8999999999999986,0.0,0.4204207005611664,2.120420700561155,1.0204207005611678
2021-06-18,4083.3701171875,20.76,0.158,0.874,0.454,-0.2030317764716125,36.10317764716125,107.70317764716124,65.70317764716125,0.0,-0.018145235209584772,3.6800000000000033,0.0,1.0524729613957646,6.552472961395765,3.452472961395763
2021-06-21,4112.330078125,19.48,0.169,0.879,0.459,-0.1752134200073456,34.42134200073456,105.42134200073455,63.42134200073456,0.0,0.0070671402759360505,-1.2800000000000011,0.0,-1.6818356464266913,-2.2818356464266856,-2.2818356464266927
2021-06-22,4123.1298828125,17.57,0.174,0.902,0.467,-0.164893215641801,33.889321564180094,106.68932156418008,63.1893215641801,0.0,0.0026227583959096226,-1.9100000000000001,0.0,-0.5320204365544683,1.2679795634455218,-0.23202043655446403
2021-06-23,4075.93994140625,18.55,0.155,0.898,0.451,-0.1876441178191243,34.26441178191243,108.56441178191244,63.86441178191243,0.0,-0.011511174682132195,0.9800000000000004,0.0,0.3750902177323354,1.8750902177323638,0.6750902177323326
2021-06-24,4122.43017578125,17.35,0.152,0.872,0.438,-0.188387495310021,34.0387495310021,106.0387495310021,62.638749531002105,0.0,0.011341457397203646,-1.1999999999999993,0.0,-0.22566225091033232,-2.5256622509103437,-1.2256622509103252
2021-06-25,4120.66015625,16.68,0.196,0.923,0.482,-0.1714548014961381,36.745480149613805,109.4454801496138,65.3454801496138,0.0,-0.0004294553346275579,-0.6700000000000017,0.0,2.706730618611708,3.4067306186117037,2.706730618611701
2021-06-28,4089.909912109375,17.65,0.16,0.878,0.452,-0.1774516831439974,33.74516831439974,105.54516831439976,62.94516831439974,0.0,-0.00749043919215761,0.9699999999999989,0.0,-3.000311835214063,-3.9003118352140405,-2.400311835214069
2021-06-29,4107.509765625,16.95,0.169,0.881,0.462,-0.1690695598072036,33.80695598072036,105.00695598072036,63.10695598072036,0.0,0.004294005004110776,-0.6999999999999993,0.0,0.06178766632061894,-0.5382123336793967,0.16178766632062036
2021-06-30,4064.300048828125,18.18,0.131,0.824,0.421,-0.2031675387389504,33.41675387389505,102.71675387389504,62.41675387389504,0.0,-0.010575409973865694,1.2300000000000004,0.0,-0.3902021068253134,-2.290202106825319,-0.6902021068253177
2021-07-01,4078.889892578125,17.73,0.124,0.807,0.407,-0.2121342986198175,33.61342986198175,101.91342986198175,61.91342986198175,0.0,0.0035833277785238147,-0.4499999999999993,0.0,0.19667598808670306,-0.8033240119132898,-0.5033240119132927
2021-07-02,4084.31005859375,16.57,0.095,0.775,0.376,-0.2372602808236559,33.22602808236559,101.2260280823656,61.32602808236559,0.0,0.0013279515005302019,-1.1600000000000001,0.0,-0.3874017796161624,-0.6874017796161525,-0.5874017796161581
2021-07-05,4087.3701171875,16.75,0.122,0.807,0.402,-0.2189623650178798,34.09623650178798,102.59623650178796,62.09623650178799,0.0,0.0007489423645959102,0.17999999999999972,0.0,0.87020841942239,1.3702084194223545,0.7702084194224028
2021-07-06,4052.669921875,18.13,0.063,0.75,0.35,-0.2609668739699926,32.396687396999255,101.09668739699926,61.09668739699925,0.0,-0.008525856222526303,1.379999999999999,0.0,-1.6995491047887228,-1.4995491047886986,-0.9995491047887413
2021-07-07,4078.530029296875,17.32,0.041,0.741,0.343,-0.3094893728906402,35.04893728906402,105.048937289064,65.24893728906403,0.0,0.006360732675728654,-0.8099999999999987,0.0,2.6522498920647664,3.952249892064742,4.152249892064781
2021-07-08,3991.659912109375,19.97,0.041,0.763,0.349,-0.326775213229264,36.7775213229264,108.9775213229264,67.5775213229264,0.0,-0.02152947409732643,2.6499999999999986,0.0,1.7285840338623757,3.928584033862407,2.32858403386237
2021-07-09,4068.090087890625,17.95,0.053,0.767,0.36,-0.2979332082395802,35.09332082395802,106.49332082395802,65.79332082395801,0.0,0.018966460977504426,-2.0199999999999996,0.0,-1.68420049896838,-2.4842004989683915,-1.7842004989683886
2021-07-12,4093.3798828125,17.95,0.049,0.74,0.348,-0.3045506305888543,35.35506305888543,104.45506305888544,65.25506305888543,0.0,0.006197382568547556,0.0,0.0,0.2617422349274108,-2.038257765072572,-0.5382577650725864
2021-07-13,4094.56005859375,18.0,0.035,0.722,0.326,-0.3192123160544624,35.42123160544624,104.12123160544624,64.52123160544623,0.0,0.00028827172594539716,0.05000000000000071,0.0,0.06616854656081017,-0.3338314534392026,-0.7338314534391941
2021-07-14,4099.5,17.68,0.018,0.718,0.315,-0.3173952816023466,33.53952816023466,103.53952816023468,63.239528160234656,0.0,0.001205737319326581,-0.3200000000000003,0.0,-1.8817034452115777,-0.5817034452115593,-1.2817034452115763
2021-07-15,4056.389892578125,18.64,0.001,0.728,0.311,-0.3408957325298134,34.18957325298134,106.88957325298134,65.18957325298133,0.0,-0.010571626023681339,0.9600000000000009,0.0,0.6500450927466801,3.3500450927466545,1.9500450927466773
2021-07-16,4035.77001953125,19.45,-0.014,0.714,0.364,-0.3514391981666995,33.74391981666995,106.54391981666996,71.54391981666994,0.0,-0.005096270439300237,0.8099999999999987,0.0,-0.4456534363113889,-0.34565343631138035,6.354346563688608
2021-07-19,3928.530029296875,25.44,-0.038,0.709,0.351,-0.3902397494860259,35.2239749486026,109.9239749486026,74.1239749486026,0.0,-0.02693180102658552,5.990000000000002,0.0,1.4800551319326516,3.38005513193265,2.580055131932653
2021-07-20,3956.340087890625,24.49,-0.057,0.689,0.337,-0.4276975557635456,37.06975557635456,111.66975557635456,76.46975557635456,0.0,0.007054060117370904,-0.9500000000000028,0.0,1.8457806277519566,1.7457806277519552,2.3457806277519637
2021-07-21,4026.679931640625,21.52,-0.046,0.689,0.352,-0.3994580561662491,35.34580561662491,108.84580561662492,75.14580561662491,0.0,0.017622820432846287,-2.969999999999999,0.0,-1.7239499597296515,-2.823949959729646,-1.3239499597296458
2021-07-22,4059.050048828125,19.91,-0.081,0.647,0.292,-0.4057264040294415,32.472640402944144,105.27264040294416,69.77264040294415,0.0,0.008006770000593548,-1.6099999999999994,0.0,-2.873165213680764,-3.5731652136807526,-5.373165213680764
2021-07-23,4109.10009765625,17.55,-0.086,0.629,0.278,-0.4160615667264871,33.006156672648714,104.50615667264871,69.4061566726487,0.0,0.012255082077258093,-2.3599999999999994,0.0,0.5335162697045703,-0.7664837302954481,-0.36648373029544246
2021-07-26,4102.58984375,18.53,-0.076,0.633,0.288,-0.4045311768509201,32.85311768509201,103.753117685092,69.25311768509201,0.0,-0.0015856066940379417,0.9800000000000004,0.0,-0.1530389875567053,-0.7530389875567209,-0.1530389875566982
2021-07-27,4064.830078125,21.36,-0.089,0.626,0.278,-0.4374197824317836,34.84197824317836,106.34197824317836,71.54197824317836,0.0,-0.009246502571741444,2.8299999999999983,0.0,1.9888605580863512,2.588860558086367,2.2888605580863555
2021-07-28,4103.02978515625,19.48,-0.084,0.62,0.277,-0.4315674030822589,34.756740308225886,105.15674030822588,70.85674030822588,0.0,0.00935373186741153,-1.879999999999999,0.0,-0.08523793495247389,-1.1852379349524824,-0.6852379349524824
2021-07-29,4116.77001953125,19.26,-0.099,0.623,0.269,-0.4321667808819338,33.31667808819338,105.5166780881934,70.11667808819337,0.0,0.0033432072555064614,-0.21999999999999886,0.0,-1.4400622200325088,0.35993777996752385,-0.7400622200325131
2021-07-30,4089.300048828125,20.94,-0.102,0.627,0.272,-0.4398795835232656,33.78795835232656,106.68795835232656,71.18795835232656,0.0,-0.006695061846504872,1.6799999999999997,0.0,0.4712802641331848,1.1712802641331592,1.0712802641331933
2021-08-02,4116.6201171875,19.84,-0.133,0.579,0.236,-0.4598083151093917,32.68083151093917,103.88083151093916,69.58083151093916,0.0,0.006658648572925727,-1.1000000000000014,0.0,-1.107126841387391,-2.807126841387401,-1.607126841387398
2021-08-03,4117.9501953125,20.22,-0.134,0.57,0.237,-0.4872730617940939,35.32730617940939,105.72730617940935,72.42730617940938,0.0,0.00032304736885854974,0.379999999999999,0.0,2.646474668470219,1.8464746684701936,2.846474668470222
2021-08-04,4144.89990234375,19.21,-0.149,0.556,0.234,-0.5053644737109648,35.63644737109648,106.1364473710965,73.93644737109648,0.0,0.006523125138287258,-1.009999999999998,0.0,0.30914119168708964,0.4091411916871408,1.5091411916870925
2021-08-05,4161.080078125,18.25,-0.154,0.535,0.213,-0.4993421945540826,34.534219455408255,103.43421945540828,71.23421945540825,0.0,0.0038960354554165226,-0.9600000000000009,0.0,-1.1022279156882249,-2.702227915688212,-2.7022279156882263
2021-08-06,4174.5400390625,17.89,-0.116,0.573,0.249,-0.4550069157791023,33.90069157791023,102.80069157791024,70.40069157791022,0.0,0.003229507210477722,-0.35999999999999943,0.0,-0.6335278774980253,-0.6335278774980395,-0.8335278774980281
2021-08-09,4177.14990234375,17.55,-0.124,0.561,0.242,-0.4664286456556445,34.24286456556445,102.74286456556445,70.84286456556445,0.0,0.0006249904832468571,-0.33999999999999986,0.0,0.342172987654223,-0.0578270123457969,0.4421729876542315
2021-08-10,4187.81982421875,17.28,-0.126,0.552,0.236,-0.4707311852289608,34.47311852289608,102.27311852289608,70.67311852289609,0.0,0.0025510977350845245,-0.2699999999999996,0.0,0.23025395733162668,-0.46974604266836195,-0.1697460426683648
2021-08-11,4206.330078125,17.04,-0.121,0.571,0.245,-0.4503548848146632,32.935488481466315,102.13548848146633,69.53548848146632,0.0,0.004410281952199471,-0.240000000000002,0.0,-1.5376300414297646,-0.13763004142975888,-1.137630041429773
2021-08-12,4226.330078125,16.11,-0.129,0.545,0.225,-0.4468566124150461,31.78566124150461,99.1856612415046,67.18566124150462,0.0,0.004743470537234269,-0.9299999999999997,0.0,-1.1498272399617058,-2.9498272399617207,-2.349827239961698
2021-08-13,4229.7001953125,15.8,-0.128,0.552,0.223,-0.4561557952919934,32.81557952919934,100.81557952919935,67.91557952919935,0.0,0.0007970920767684092,-0.3099999999999987,0.0,1.0299182876947306,1.6299182876947498,0.7299182876947299
2021-08-16,4202.43994140625,18.0,-0.122,0.568,0.231,-0.4836275825293423,36.16275825293423,105.16275825293422,71.46275825293424,0.0,-0.006465819693752334,2.1999999999999993,0.0,3.347178723734892,4.347178723734871,3.5471787237348877
2021-08-17,4196.39990234375,18.39,-0.122,0.579,0.236,-0.4663881331639778,34.438813316397784,104.53881331639778,70.23881331639778,0.0,-0.0014383034362193397,0.39000000000000057,0.0,-1.7239449365364479,-0.6239449365364464,-1.223944936536455
2021-08-18,4189.419921875,18.47,-0.134,0.556,0.224,-0.4751373568367092,34.11373568367092,103.11373568367092,69.91373568367092,0.0,-0.0016647107204801103,0.0799999999999983,0.0,-0.32507763272686674,-1.425077632726854,-0.32507763272685963
2021-08-19,4124.7099609375,22.13,-0.14,0.568,0.226,-0.4794708850047562,33.94708850047562,104.74708850047564,70.54708850047562,0.0,-0.015566576068673323,3.66,0.0,-0.1666471831952947,1.6333528168047167,0.6333528168047025
2021-08-20,4147.5,20.15,-0.147,0.548,0.221,-0.487141957176322,34.0141957176322,103.5141957176322,70.8141957176322,0.0,0.00551003826785787,-1.9800000000000004,0.0,0.06710721715657542,-1.232892782843436,0.26710721715657826
2021-08-23,4176.419921875,17.89,-0.133,0.582,0.238,-0.4728179927363807,33.98179927363807,105.48179927363806,71.08179927363807,0.0,0.006948658447008732,-2.259999999999998,0.0,-0.032396443994130664,1.9676035560058551,0.2676035560058665
2021-08-24,4178.080078125,18.09,-0.13,0.572,0.241,-0.4696654969399518,33.96654969399518,104.16654969399517,71.06654969399517,0.0,0.00039742803802780195,0.1999999999999993,0.0,-0.015249579642890865,-1.3152495796428951,-0.01524957964289797
2021-08-25,4181.1201171875,17.83,-0.065,0.667,0.312,-0.4261519499252508,36.11519499252508,109.3151949925251,73.81519499252508,0.0,0.0007273516904715072,-0.26000000000000156,0.0,2.1486452985299067,5.148645298529928,2.748645298529908
2021-08-26,4169.8701171875,19.09,-0.056,0.671,0.32,-0.3975559177676162,34.15559177676162,106.85559177676164,71.75559177676162,0.0,-0.0026942928897711067,1.2600000000000016,0.0,-1.9596032157634653,-2.459603215763451,-2.0596032157634596
2021-08-27,4190.97998046875,17.6,-0.066,0.639,0.303,-0.3958660488537631,32.98660488537631,103.48660488537632,69.8866048853763,0.0,0.0050497037722857605,-1.4899999999999984,0.0,-1.168986891385309,-3.368986891385319,-1.868986891385319
2021-08-30,4198.7998046875,17.5,-0.085,0.613,0.283,-0.4159234983665945,33.092349836659444,102.89234983665943,69.89234983665943,0.0,0.001864131522752661,-0.10000000000000142,0.0,0.10574495128313544,-0.5942550487168887,0.005744951283134014
2021-08-31,4196.41015625,18.77,-0.028,0.711,0.346,-0.3929337298819684,36.49337298819684,110.39337298819684,73.89337298819683,0.0,-0.0005692885617292234,1.2699999999999996,0.0,3.4010231515373945,7.50102315153741,4.001023151537396
2021-09-01,4227.27001953125,17.47,-0.023,0.695,0.342,-0.3743433299795975,35.13433299795975,106.93433299795971,71.63433299795976,0.0,0.007326964152231548,-1.3000000000000007,0.0,-1.3590399902370862,-3.4590399902371303,-2.2590399902370706
2021-09-02,4232.10009765625,16.97,-0.034,0.671,0.322,-0.3830230506841166,34.90230506841166,105.40230506841166,70.50230506841166,0.0,0.0011419475878169407,-0.5,0.0,-0.2320279295480958,-1.5320279295480503,-1.1320279295481015
2021-09-03,4201.97998046875,18.19,-0.018,0.71,0.343,-0.3497512367705693,33.17512367705693,105.97512367705691,69.27512367705692,0.0,-0.0071425087164494905,1.2200000000000024,0.0,-1.7271813913547263,0.5728186086452496,-1.2271813913547334
2021-09-06,4246.1298828125,17.56,-0.026,0.69,0.324,-0.3569961266879029,33.09961266879029,104.69961266879028,68.0996126687903,0.0,0.010452114139945888,-0.6300000000000026,0.0,-0.0755110082666377,-1.2755110082666334,-1.175511008266625
2021-09-07,4225.009765625,18.6,0.029,0.761,0.38,-0.3098359261518757,33.883592615187574,107.08359261518758,68.98359261518758,0.0,-0.004986380068055215,1.0400000000000027,0.0,0.783979946397281,2.3839799463973037,0.8839799463972753
2021-09-08,4177.14990234375,20.49,0.022,0.758,0.376,-0.3115153222495874,33.35153222495874,106.95153222495874,68.75153222495874,0.0,-0.011392399764555482,1.889999999999997,0.0,-0.5320603902288354,-0.13206039022884397,-0.2320603902288383
2021-09-09,4177.10986328125,19.64,-0.033,0.672,0.31,-0.3352154340992079,30.22154340992079,100.72154340992078,64.5215434099208,0.0,-9.585304652637128e-06,-0.8499999999999979,0.0,-3.1299888150379473,-6.229988815037956,-4.229988815037942
2021-09-10,4170.35009765625,20.36,0.004,0.707,0.341,-0.3304344329611939,33.44344329611939,103.74344329611938,67.14344329611939,0.0,-0.001619598568728917,0.7199999999999989,0.0,3.2218998861985995,3.0218998861985966,2.621899886198591
2021-09-13,4189.52978515625,20.74,0.001,0.69,0.339,-0.3252545485232527,32.62545485232527,101.52545485232528,66.42545485232527,0.0,0.004588515964433248,0.379999999999999,0.0,-0.8179884437941212,-2.2179884437940984,-0.7179884437941126
2021-09-14,4191.669921875,20.46,-0.015,0.649,0.312,-0.3227407955621366,30.774079556213657,97.17407955621368,63.47407955621366,0.0,0.0005106993843540417,-0.2799999999999976,0.0,-1.8513752961116126,-4.351375296111598,-2.951375296111614
2021-09-15,4145.93994140625,21.69,0.022,0.7,0.346,-0.3073480233518073,32.93480233518073,100.73480233518072,65.33480233518073,0.0,-0.010969675911809595,1.2300000000000004,0.0,2.16072277896707,3.5607227789670333,1.860722778967066
2021-09-16,4169.8701171875,21.65,0.027,0.695,0.344,-0.2823180020789371,30.931800207893712,97.7318002078937,62.6318002078937,0.0,0.005755360372160161,-0.0400000000000027,0.0,-2.003002127287015,-3.0030021272870187,-2.7030021272870286
2021-09-17,4130.83984375,23.17,0.045,0.72,0.358,-0.265366005242782,31.0366005242782,98.5366005242782,62.3366005242782,0.0,-0.009404150070894249,1.5200000000000031,0.0,0.1048003163844875,0.804800316384501,-0.2951996836155004
2021-09-20,4043.6298828125,26.47,0.025,0.719,0.342,-0.2994678228107301,32.44678228107301,101.846782281073,64.14678228107302,0.0,-0.021337963876362002,3.299999999999997,0.0,1.4101817567948132,3.3101817567948046,1.8101817567948189
2021-09-21,4097.509765625,25.51,0.014,0.691,0.331,-0.3206146192201182,33.46146192201182,101.1614619220118,65.16146192201182,0.0,0.013236640525060088,-0.9599999999999973,0.0,1.0146796409388088,-0.6853203590612083,1.0146796409388088
2021-09-22,4150.18994140625,22.81,0.006,0.663,0.314,-0.3066539306160498,31.26539306160498,96.96539306160498,62.06539306160498,0.0,0.01277468726278855,-2.700000000000003,0.0,-2.196068860406843,-4.196068860406811,-3.096068860406845
2021-09-23,4194.919921875,20.62,0.074,0.719,0.382,-0.2565487685477845,33.054876854778456,97.55487685477846,63.85487685477845,0.0,0.010720148583008635,-2.1899999999999977,0.0,1.7894837931734777,0.5894837931734713,1.7894837931734742
2021-09-24,4158.509765625,21.85,0.114,0.782,0.416,-0.2036116638111065,31.76116638111065,98.56116638111064,61.96116638111064,0.0,-0.008717470115181269,1.2300000000000004,0.0,-1.2937104736678045,1.006289526332182,-1.8937104736678165
2021-09-27,4165.47998046875,20.83,0.121,0.798,0.415,-0.2045029008023746,32.55029008023746,100.25029008023748,61.95029008023746,0.0,0.0016747297114693403,-1.0200000000000031,0.0,0.789123699126808,1.6891236991268386,-0.01087630087317848
2021-09-28,4058.820068359375,24.89,0.152,0.857,0.446,-0.1637617087059744,31.57617087059744,102.07617087059744,60.97617087059744,0.0,-0.025939202570461388,4.060000000000002,0.0,-0.9741192096400191,1.8258807903599603,-0.9741192096400155
2021-09-29,4080.219970703125,23.96,0.136,0.829,0.444,-0.2087689159894039,34.47689159894039,103.7768915989404,65.2768915989404,0.0,0.005258593533135666,-0.9299999999999997,0.0,2.90072072834295,1.700720728342958,4.300720728342952
2021-09-30,4048.080078125,23.24,0.155,0.863,0.461,-0.1701871538638641,32.51871538638641,103.31871538638642,63.11871538638641,0.0,-0.007908187415758456,-0.7200000000000024,0.0,-1.9581762125539797,-0.45817621255397967,-2.1581762125539825
2021-10-01,4035.300048828125,24.04,0.129,0.82,0.432,-0.2142392632805152,34.32392632805153,103.42392632805152,64.62392632805151,0.0,-0.0031620534342493255,0.8000000000000007,0.0,1.8052109416651163,0.10521094166510636,1.5052109416650978
2021-10-04,3996.409912109375,25.19,0.133,0.828,0.438,-0.1845575526107032,31.75575526107032,101.2557552610703,62.25575526107032,0.0,-0.009684224367527042,1.1500000000000021,0.0,-2.5681710669812077,-2.168171066981216,-2.3681710669811906
2021-10-05,4065.429931640625,22.23,0.161,0.862,0.46,-0.1792621748698217,34.02621748698217,104.12621748698216,63.926217486982175,0.0,0.017123065515139098,-2.960000000000001,0.0,2.2704622259118494,2.870462225911851,1.6704622259118551
2021-10-06,4012.64990234375,24.33,0.168,0.893,0.471,-0.1688008601346844,33.68008601346844,106.18008601346844,63.98008601346844,0.0,-0.013067655050492955,2.099999999999998,0.0,-0.3461314735137293,2.0538685264862835,0.05386852648626217
2021-10-07,4098.33984375,21.02,0.16,0.851,0.465,-0.1650540570657654,32.50540570657654,101.60540570657656,63.00540570657655,0.0,0.021130128953167356,-3.3099999999999987,0.0,-1.1746803068919007,-4.574680306891878,-0.9746803068918837
2021-10-08,4073.2900390625,20.28,0.194,0.881,0.495,-0.1356327653192748,32.96327653192748,101.66327653192748,63.06327653192748,0.0,-0.006130939240247552,-0.7399999999999984,0.0,0.4578708253509376,0.0578708253509177,0.057870825350924804
2021-10-11,4072.52001953125,20.18,0.219,0.914,0.519,-0.1006233342770381,31.96233342770381,101.4623334277038,61.96233342770381,0.0,-0.00018905904458978444,-0.10000000000000142,0.0,-1.0009431042236656,-0.20094310422368267,-1.100943104223667
2021-10-12,4055.090087890625,20.74,0.242,0.921,0.533,-0.0842510424671507,32.62510424671507,100.52510424671507,61.72510424671507,0.0,-0.004289073449772093,0.5599999999999987,0.0,0.6627708190112571,-0.937229180988723,-0.23722918098874146
2021-10-13,4083.280029296875,19.84,0.207,0.902,0.499,-0.1149529435862857,32.195294358628566,101.69529435862856,61.39529435862857,0.0,0.006927690371244555,-0.8999999999999986,0.0,-0.42980988808650267,1.1701901119134845,-0.32980988808650125
2021-10-14,4149.06005859375,16.99,0.144,0.837,0.438,-0.1609909942182619,30.49909942182619,99.79909942182618,59.899099421826186,0.0,0.015981222496644895,-2.8500000000000014,0.0,-1.6961949368023745,-1.8961949368023738,-1.4961949368023824
2021-10-15,4182.91015625,16.35,0.172,0.871,0.469,-0.1423224307317738,31.43224307317738,101.33224307317738,61.13224307317737,0.0,0.008125397240033753,-0.639999999999997,0.0,0.9331436513511875,1.533143651351196,1.2331436513511846
2021-10-18,4151.39990234375,17.13,0.194,0.899,0.491,-0.1270090897455178,32.10090897455178,102.6009089745518,61.80090897455178,0.0,-0.007561610697362833,0.7799999999999976,0.0,0.6686659013743999,1.268665901374419,0.6686659013744105
2021-10-19,4166.830078125,16.29,0.236,0.948,0.535,-0.0828883924539019,31.888839245390187,103.0888392453902,61.78883924539019,0.0,0.0037099703941183668,-0.8399999999999999,0.0,-0.21206972916159117,0.48793027083840457,-0.012069729161588327
2021-10-20,4172.169921875,15.98,0.215,0.917,0.508,-0.102191483664467,31.7191483664467,101.9191483664467,61.01914836644669,0.0,0.0012806918047378827,-0.3099999999999987,0.0,-0.1696908789434879,-1.1696908789434985,-0.7696908789435
2021-10-21,4155.72998046875,16.75,0.237,0.951,0.529,-0.0706682558355535,30.766825583555345,102.16682558355534,59.96682558355535,0.0,-0.003948165312869429,0.7699999999999996,0.0,-0.9523227828913541,0.247677217108631,-1.0523227828913448
2021-10-22,4188.81005859375,16.4,0.238,0.958,0.533,-0.076116591538621,31.411659153862097,103.4116591538621,60.91165915386211,0.0,0.007928597924339965,-0.3500000000000014,0.0,0.6448335703067514,1.244833570306767,0.9448335703067627
2021-10-25,4188.31005859375,16.28,0.222,0.917,0.514,-0.0957020196619637,31.77020196619637,101.27020196619638,60.97020196619637,0.0,-0.00011937276620105813,-0.11999999999999744,0.0,0.35854281233427443,-2.141457187665722,0.05854281233425951
2021-10-26,4223.97021484375,16.15,0.221,0.942,0.525,-0.1095923418790429,33.05923418790429,105.15923418790427,63.459234187904286,0.0,0.00847816969788391,-0.13000000000000256,0.0,1.2890322217079166,3.889032221707893,2.489032221707916
2021-10-27,4220.8798828125,16.92,0.165,0.896,0.474,-0.1625704790323481,32.757047903234806,105.8570479032348,63.65704790323481,0.0,-0.0007318856186812082,0.7700000000000031,0.0,-0.3021862846694816,0.6978137153305255,0.1978137153305255
2021-10-28,4233.8701171875,17.61,0.211,1.002,0.519,-0.1406448758344813,35.16448758344813,114.26448758344814,65.96448758344813,0.0,0.0030728867433887593,0.6899999999999977,0.0,2.407439680213322,8.407439680213344,2.307439680213321
2021-10-29,4250.56005859375,17.62,0.275,1.134,0.622,-0.0692417043067128,34.42417043067128,120.32417043067127,69.12417043067128,0.0,0.003934256653240128,0.010000000000001563,0.0,-0.7403171527768464,6.059682847223129,3.159682847223152
2021-11-01,4280.47021484375,17.5,0.277,1.221,0.639,-0.0856525564091286,36.26525564091286,130.66525564091287,72.46525564091286,0.0,0.0070121140934773386,-0.120000000000001,0.0,1.8410852102415802,10.341085210241602,3.341085210241573
2021-11-02,4296.22021484375,16.86,0.191,1.088,0.54,-0.1477414929441622,33.87414929441622,123.57414929441624,68.77414929441622,0.0,0.003672749490854449,-0.6400000000000006,0.0,-2.3911063464966418,-7.09110634649663,-3.691106346496639
2021-11-03,4309.60986328125,16.47,0.181,1.048,0.523,-0.1497630475247087,33.07630475247087,119.77630475247088,67.27630475247088,0.0,0.0031117647270198037,-0.39000000000000057,0.0,-0.7978445419453521,-3.7978445419453664,-1.4978445419453408
2021-11-04,4333.33984375,15.97,0.115,0.939,0.461,-0.2147132439814543,32.97132439814543,115.37132439814545,67.57132439814544,0.0,0.005491190137843426,-0.4999999999999982,0.0,-0.10498035432544128,-4.404980354325431,0.2950196456745573
2021-11-05,4363.0400390625,16.4,0.06,0.88,0.405,-0.2654504996601829,32.54504996601829,114.54504996601828,67.0450499660183,0.0,0.006830499860015722,0.42999999999999794,0.0,-0.426274432127137,-0.826274432127164,-0.5262744321271384
2021-11-08,4352.52978515625,17.2,0.095,0.893,0.436,-0.2509429367430997,34.594293674309974,114.39429367430998,68.69429367430998,0.0,-0.0024118351899022,0.8000000000000007,0.0,2.0492437082916837,-0.15075629170830496,1.649243708291678
2021-11-09,4344.6298828125,18.06,0.046,0.845,0.387,-0.282661940461554,32.8661940461554,112.7661940461554,66.96619404615541,0.0,-0.0018166630987567988,0.8599999999999994,0.0,-1.728099628154574,-1.6280996281545725,-1.7280996281545669
2021-11-10,4348.81982421875,17.18,0.116,0.938,0.465,-0.2576195497328619,37.36195497328619,119.5619549732862,72.2619549732862,0.0,0.000963930745993469,-0.879999999999999,0.0,4.495760927130789,6.7957609271308,5.295760927130786
2021-11-11,4358.0,17.09,0.129,0.963,0.482,-0.216510950234285,34.5510950234285,117.9510950234285,69.8510950234285,0.0,0.002108733008933361,-0.08999999999999986,0.0,-2.8108599498576865,-1.610859949857712,-2.410859949857695
2021-11-12,4370.330078125,16.14,0.104,0.959,0.466,-0.243283375531583,34.7283375531583,120.2283375531583,70.9283375531583,0.0,0.002825302484332335,-0.9499999999999993,0.0,0.1772425297297957,2.2772425297298042,1.0772425297298014
2021-11-15,4386.18994140625,16.65,0.132,1.003,0.5,-0.2354397832576529,36.74397832576529,123.84397832576528,73.5439783257653,0.0,0.0036224163454202755,0.509999999999998,0.0,2.015640772606993,3.61564077260698,2.6156407726069943
2021-11-16,4401.490234375,16.8,0.112,0.972,0.482,-0.2285029979055295,34.05029979055295,120.05029979055296,71.05029979055296,0.0,0.0034822178603309216,0.15000000000000213,0.0,-2.6936785352123422,-3.7936785352123223,-2.4936785352123394
2021-11-17,4400.81005859375,16.68,0.113,0.98,0.493,-0.2314999498417496,34.44999498417496,121.14999498417497,72.44999498417496,0.0,-0.00015454500754699143,-0.120000000000001,0.0,0.39969519362200856,1.0996951936220114,1.3996951936220086
2021-11-18,4383.7001953125,17.77,0.068,0.919,0.439,-0.2502216224050904,31.82216224050904,116.92216224050904,68.92216224050904,0.0,-0.003895467003411817,1.0899999999999999,0.0,-2.627832743665916,-4.227832743665928,-3.5278327436659254
2021-11-19,4356.47021484375,19.12,0.003,0.863,0.388,-0.3206252528302253,32.36252528302253,118.36252528302252,70.86252528302252,0.0,-0.006231015481950056,1.3500000000000014,0.0,0.5403630425134871,1.4403630425134821,1.9403630425134821
2021-11-22,4338.68994140625,18.88,0.052,0.946,0.428,-0.3126982678988783,36.46982678988783,125.86982678988782,74.06982678988783,0.0,-0.004089699994065324,-0.240000000000002,0.0,4.107301506865305,7.5073015068653035,3.2073015068653064
2021-11-23,4283.81982421875,20.64,0.14,1.065,0.518,-0.2301393206691808,37.01393206691808,129.51393206691807,74.81393206691808,0.0,-0.012727351863251227,1.7600000000000016,0.0,0.5441052770302477,3.644105277030249,0.7441052770302576
2021-11-24,4276.25,20.67,0.142,1.079,0.531,-0.2025087038772262,34.450870387722624,128.15087038772262,73.35087038772262,0.0,-0.0017686365526087477,0.030000000000001137,0.0,-2.5630616791954566,-1.3630616791954537,-1.4630616791954623
2021-11-25,4293.240234375,19.88,0.113,1.062,0.516,-0.2403029117318045,35.33029117318045,130.23029117318046,75.63029117318045,0.0,0.003965289923323015,-0.7900000000000027,0.0,0.8794207854578246,2.0794207854578417,2.2794207854578303
2021-11-26,4089.580078125,32.31,0.034,0.974,0.433,-0.3200984642959916,35.40984642959916,129.40984642959916,75.30984642959916,0.0,-0.048599452834340355,12.430000000000003,0.0,0.07955525641871475,-0.8204447435813051,-0.32044474358129094
2021-11-29,4109.509765625,28.8,0.044,0.979,0.43,-0.2892161953499834,33.321619534998334,126.82161953499832,71.92161953499834,0.0,0.004861448558505065,-3.5100000000000016,0.0,-2.0882268946008296,-2.5882268946008367,-3.3882268946008196
2021-11-30,4063.06005859375,30.07,0.015,0.982,0.415,-0.3500497959956763,36.50497959956763,133.20497959956762,76.50497959956763,0.0,-0.011367344226282272,1.2699999999999996,0.0,3.1833600645692997,6.3833600645693025,4.583360064569291
2021-12-01,4179.14990234375,26.02,0.026,1.024,0.432,-0.3218840306119443,34.78840306119444,134.58840306119444,75.38840306119442,0.0,0.028171454477725552,-4.050000000000001,0.0,-1.7165765383731966,1.383423461626819,-1.1165765383732094
2021-12-02,4108.02001953125,30.47,-0.013,0.956,0.385,-0.3671109809449886,35.41109809449886,132.31109809449885,75.21109809449887,0.0,-0.017166687850556257,4.449999999999999,0.0,0.6226950333044243,-2.2773049666955956,-0.17730496669555862
2021-12-03,4080.14990234375,31.48,-0.025,0.926,0.352,-0.3534597488388948,32.845974883889475,127.94597488388948,70.54597488388947,0.0,-0.00680743684638042,1.0100000000000016,0.0,-2.5651232106093858,-4.365123210609369,-4.665123210609394
2021-12-06,4137.10986328125,30.04,-0.032,0.885,0.346,-0.3764084905704945,34.44084905704945,126.14084905704944,72.24084905704945,0.0,0.013863714883120437,-1.4400000000000013,0.0,1.5948741731599725,-1.8051258268400403,1.694874173159974
2021-12-07,4276.2001953125,24.87,-0.03,0.918,0.333,-0.3625682418994769,33.256824189947686,128.0568241899477,69.55682418994769,0.0,0.0330673670332634,-5.169999999999998,0.0,-1.184024867101762,1.9159751328982537,-2.684024867101755
2021-12-08,4233.08984375,24.71,0.044,1.032,0.418,-0.3194987668384299,36.34987668384299,135.149876683843,73.74987668384298,0.0,-0.010132624510208119,-0.16000000000000014,0.0,3.093052493895307,7.0930524938953,4.193052493895294
2021-12-09,4208.2998046875,23.52,0.002,1.002,0.382,-0.3479578625429007,34.99578625429007,134.99578625429007,72.99578625429007,0.0,-0.005873466659242222,-1.1900000000000013,0.0,-1.354090429552926,-0.15409042955292307,-0.7540904295529174
2021-12-10,4199.16015625,22.43,-0.006,0.968,0.375,-0.3402177053393087,33.42177053393087,130.82177053393087,71.52177053393088,0.0,-0.0021741767621274444,-1.0899999999999999,0.0,-1.5740157203591991,-4.174015720359193,-1.4740157203591906
2021-12-13,4183.0400390625,23.02,-0.034,0.912,0.317,-0.3587044431052315,32.47044431052315,127.07044431052314,67.57044431052314,0.0,-0.0038462782288914057,0.5899999999999999,0.0,-0.9513262234077189,-3.7513262234077303,-3.951326223407733
2021-12-14,4144.509765625,24.42,-0.034,0.912,0.317,-0.3587044431052315,32.47044431052315,127.07044431052314,67.57044431052314,0.0,-0.009253753935480056,1.4000000000000021,0.0,0.0,0.0,0.0
2021-12-15,4159.68017578125,24.74,-0.014,0.923,0.349,-0.343777875759176,32.9777875759176,126.6777875759176,69.2777875759176,0.0,0.003653680163768734,0.31999999999999673,0.0,0.5073432653944536,-0.39265673460553785,1.7073432653944565
2021-12-16,4201.8701171875,20.61,0.005,0.98,0.388,-0.3319499373767507,33.69499373767507,131.19499373767508,71.99499373767507,0.0,0.010091501688983899,-4.129999999999999,0.0,0.717206161757467,4.517206161757471,2.717206161757474
2021-12-17,4161.35009765625,21.98,-0.027,0.908,0.348,-0.3604547244277594,33.345472442775936,126.84547244277591,70.84547244277594,0.0,-0.00969012785844995,1.370000000000001,0.0,-0.34952129489913375,-4.349521294899162,-1.149521294899131
2021-12-20,4107.1298828125,26.83,-0.014,0.936,0.365,-0.3516192954274015,33.76192954274015,128.76192954274015,71.66192954274015,0.0,-0.013115105110743649,4.849999999999998,0.0,0.4164570999642123,1.9164570999642336,0.8164570999642109
2021-12-21,4174.990234375,22.83,0.061,1.017,0.457,-0.2984542757639228,35.945427576392284,131.54542757639229,75.54542757639229,0.0,0.016387560012561517,-4.0,0.0,2.1834980336521355,2.783498033652137,3.883498033652131
2021-12-22,4217.06005859375,21.04,0.077,1.056,0.472,-0.2737624510298655,35.076245102986555,132.97624510298655,74.57624510298655,0.0,0.010026197453690829,-1.7899999999999991,0.0,-0.8691824734057292,1.430817526594268,-0.9691824734057377
2021-12-23,4265.85986328125,19.04,0.118,1.107,0.517,-0.2402406394770486,35.82406394770486,134.72406394770488,75.72406394770485,0.0,0.011505553151459767,-2.0,0.0,0.747818844718303,1.7478188447183243,1.1478188447183015
2021-12-27,4287.97998046875,19.66,0.127,1.125,0.513,-0.2335021606368932,36.05021606368932,135.85021606368932,74.65021606368933,0.0,0.0051719851902579045,0.620000000000001,0.0,0.22615211598446194,1.1261521159844392,-1.073847884015521
2021-12-28,4311.93017578125,19.07,0.124,1.1,0.521,-0.2313995748412405,35.53995748412405,133.13995748412407,75.23995748412405,0.0,0.005569885451314773,-0.5899999999999999,0.0,-0.5102585795652672,-2.7102585795652487,0.58974142043472
2021-12-29,4284.830078125,20.18,0.194,1.161,0.577,-0.2001411477556085,39.41411477556085,136.11411477556086,77.71411477556084,0.0,-0.006304744258163719,1.1099999999999994,0.0,3.874157291436795,2.9741572914367964,2.4741572914367964
2021-12-30,4306.06982421875,19.27,0.199,1.18,0.584,-0.1881837312776673,38.71837312776673,136.81837312776673,77.21837312776672,0.0,0.0049447181579525944,-0.9100000000000001,0.0,-0.6957416477941152,0.7042583522058692,-0.49574164779411944
2022-01-03,4331.81982421875,19.17,0.231,1.198,0.605,-0.123137169399619,35.4137169399619,132.1137169399619,72.8137169399619,0.0,0.0059621220751146,-0.09999999999999787,0.0,-3.304656187804831,-4.704656187804829,-4.404656187804818
2022-01-04,4367.6201171875,18.64,0.234,1.221,0.599,-0.1158978985177299,34.98978985177299,133.689789851773,71.48978985177298,0.0,0.008230528702327126,-0.5300000000000011,0.0,-0.4239270881889112,1.57607291181111,-1.323927088188924
2022-01-05,4392.14990234375,17.76,0.236,1.244,0.607,-0.1072667978168788,34.32667978168788,135.1266797816879,71.42667978168788,0.0,0.005600569243042244,-0.879999999999999,0.0,-0.6631100700851107,1.4368899299148836,-0.06311007008510217
2022-01-06,4324.81005859375,20.1,0.259,1.274,0.634,-0.0862795477340641,34.527954773406414,136.0279547734064,72.0279547734064,0.0,-0.015450612063914106,2.34,0.0,0.20127499171853458,0.901274991718509,0.601274991718526
2022-01-07,4305.830078125,20.62,0.289,1.319,0.655,-0.0715950553254001,36.05950553254001,139.05950553254002,72.65950553254001,0.0,-0.004398285820114605,0.5199999999999996,0.0,1.5315507591335944,3.0315507591336086,0.6315507591336029
2022-01-10,4239.52001953125,22.54,0.285,1.285,0.655,-0.0458051227585767,33.080512275857664,133.08051227585767,70.08051227585767,0.0,-0.015519876616007278,1.9199999999999982,0.0,-2.978993256682344,-5.978993256682344,-2.578993256682338
2022-01-11,4281.5400390625,19.79,0.298,1.377,0.666,-0.0418130923476076,33.98130923476076,141.88130923476078,70.78130923476076,0.0,0.009862707188895932,-2.75,0.0,0.9007969589030935,8.800796958903106,0.7007969589030836
2022-01-12,4316.39013671875,18.3,0.274,1.331,0.636,-0.0705607664618201,34.45607664618201,140.15607664618202,70.65607664618202,0.0,0.008106669349565708,-1.4899999999999984,0.0,0.47476741142125434,-1.7252325885787627,-0.12523258857873998
2022-01-13,4315.89990234375,18.46,0.242,1.29,0.604,-0.0936670673989521,33.56670673989521,138.36670673989522,69.76670673989521,0.0,-0.00011358153475115951,0.16000000000000014,0.0,-0.8893699062868023,-1.7893699062867938,-0.8893699062868023
2022-01-14,4272.18994140625,21.4,0.332,1.341,0.641,-0.0748330252616291,40.68330252616291,141.58330252616292,71.58330252616292,0.0,-0.010179292289741333,2.9399999999999977,0.0,7.116595786267702,3.2165957862677033,1.8165957862677118
2022-01-17,4302.14013671875,20.04,0.358,1.365,0.665,-0.0402910242629941,39.82910242629941,140.5291024262994,70.52910242629942,0.0,0.006986042489366256,-1.3599999999999994,0.0,-0.8542000998635046,-1.0542000998635217,-1.0542000998635075
2022-01-18,4257.81982421875,21.96,0.368,1.388,0.675,-0.0385408708116661,40.654087081166615,142.6540870811666,71.35408708116661,0.0,-0.010355354172888813,1.9200000000000017,0.0,0.8249846548672082,2.1249846548672053,0.824984654867194
2022-01-19,4268.27978515625,22.36,0.375,1.406,0.686,-0.0122407711805405,38.72407711805405,141.82407711805405,69.82407711805405,0.0,0.002453634525614241,0.3999999999999986,0.0,-1.9300099631125676,-0.830009963112559,-1.5300099631125619
2022-01-20,4299.60986328125,20.4,0.363,1.37,0.673,-0.0415055667788291,40.45055667788291,141.15055667788292,71.45055667788291,0.0,0.007313403662624878,-1.9600000000000009,0.0,1.72647955982886,-0.6735204401711314,1.6264795598288657
2022-01-21,4229.56005859375,24.22,0.331,1.355,0.645,-0.0795248189290624,41.05248189290624,143.45248189290623,72.45248189290623,0.0,-0.016426306525166662,3.8200000000000003,0.0,0.6019252150233356,2.301925215023317,1.00192521502332
2022-01-24,4054.360107421875,32.68,0.307,1.355,0.634,-0.1020203270679886,40.902032706798856,145.70203270679886,73.60203270679887,0.0,-0.042305110822077774,8.46,0.0,-0.15044918610738733,2.2495508138926255,1.1495508138926311
2022-01-25,4078.260009765625,31.45,0.333,1.36,0.656,-0.0931339547092817,42.613395470928175,145.3133954709282,74.91339547092817,0.0,0.005877557491318839,-1.2300000000000004,0.0,1.7113627641293192,-0.3886372358706467,1.3113627641292993
2022-01-26,4164.60009765625,28.34,0.345,1.407,0.685,-0.066074806943118,41.1074806943118,147.3074806943118,75.1074806943118,0.0,0.020949826782639454,-3.1099999999999994,0.0,-1.5059147766163719,1.9940852233835926,0.1940852233836381
2022-01-27,4184.97021484375,28.03,0.345,1.358,0.678,-0.0527107771150991,39.7710777115099,141.07107771150993,73.07107771150991,0.0,0.004879330753362843,-0.3099999999999987,0.0,-1.3364029828019,-6.236402982801877,-2.0364029828018886
2022-01-28,4136.91015625,29.41,0.365,1.353,0.705,-0.0329721800991174,39.79721800991174,138.59721800991173,73.79721800991173,0.0,-0.011550416676431743,1.379999999999999,0.0,0.026140298401834627,-2.473859701598201,0.7261402984018162
2022-01-31,4174.60009765625,27.01,0.427,1.371,0.758,0.027558640324989,39.9441359675011,134.3441359675011,73.0441359675011,0.0,0.009069398605110995,-2.3999999999999986,0.0,0.1469179575893591,-4.253082042410625,-0.7530820424106253
2022-02-01,4224.4501953125,24.09,0.451,1.419,0.783,0.0425028285091722,40.84971714908278,137.6497171490828,74.04971714908278,0.0,0.011870552331715781,-2.9200000000000017,0.0,0.905581181581681,3.3055811815816867,1.0055811815816753
2022-02-02,4222.0498046875,22.64,0.447,1.427,0.793,0.0542394865291484,39.27605134708516,137.27605134708517,73.87605134708515,0.0,-0.0005683752298870547,-1.4499999999999993,0.0,-1.5736658019976204,-0.37366580199761756,-0.17366580199762893
2022-02-03,4141.02001953125,24.33,0.587,1.673,0.957,0.1346257748132939,45.237422518670606,153.83742251867062,82.23742251867061,0.0,-0.019378606804891337,1.6899999999999977,0.0,5.961371171585448,16.56137117158545,8.36137117158546
2022-02-04,4086.580078125,26.3,0.649,1.755,1.048,0.1954798665811996,45.352013341880046,155.95201334188002,85.25201334188004,0.0,-0.01323368546484718,1.9700000000000024,0.0,0.11459082320943992,2.1145908232093973,3.0145908232094314
2022-02-07,4120.56005859375,24.24,0.674,1.813,1.088,0.2450817197152626,42.89182802847375,156.79182802847373,84.29182802847374,0.0,0.008280637120061522,-2.0600000000000023,0.0,-2.460185313406292,0.8398146865937122,-0.9601853134062992
2022-02-08,4129.25,23.16,0.718,1.853,1.131,0.2885859698683437,42.94140301316563,156.44140301316563,84.24140301316562,0.0,0.0021067017442823167,-1.0799999999999983,0.0,0.04957498469187982,-0.35042501530810455,-0.0504250153081216
2022-02-09,4204.08984375,21.41,0.67,1.767,1.082,0.2503207994595224,41.96792005404777,151.66792005404776,83.16792005404776,0.0,0.017962031382984443,-1.75,0.0,-0.9734829591178666,-4.773482959117871,-1.073482959117868
2022-02-10,4197.06982421875,21.84,0.75,1.898,1.182,0.2816895160224535,46.83104839775465,161.63104839775465,90.03104839775465,0.0,-0.0016712028916382423,0.4299999999999997,0.0,4.863128343706883,9.963128343706899,6.86312834370689
2022-02-11,4155.22998046875,24.66,0.772,1.962,1.231,0.2856751283727308,48.632487162726925,167.63248716272693,94.53248716272694,0.0,-0.010018843841446978,2.8200000000000003,0.0,1.801438764972275,6.001438764972278,4.501438764972292
2022-02-14,4064.449951171875,30.05,0.762,1.974,1.309,0.2770706769054443,48.49293230945557,169.69293230945556,103.19293230945556,0.0,-0.02208935658971965,5.390000000000001,0.0,-0.1395548532713562,2.0604451467286253,8.66044514672862
2022-02-15,4143.7099609375,27.06,0.784,1.972,1.316,0.3478562426446649,43.61437573553352,162.4143757355335,96.8143757355335,0.0,0.019313091907257263,-2.990000000000002,0.0,-4.878556573922047,-7.27855657392206,-6.378556573922054
2022-02-16,4137.22021484375,26.61,0.752,1.917,1.291,0.308208290399772,44.379170960022805,160.8791709600228,98.27917096002278,0.0,-0.0015673957598046958,-0.4499999999999993,0.0,0.7647952244892835,-1.5352047755106923,1.4647952244892792
2022-02-17,4113.18994140625,28.79,0.701,1.84,1.223,0.279857742718842,42.1142257281158,156.0142257281158,94.31422572811582,0.0,-0.005825247699203514,2.1799999999999997,0.0,-2.2649452319070065,-4.864945231907001,-3.9649452319069667
2022-02-18,4074.280029296875,31.27,0.686,1.845,1.211,0.2494797631292551,43.65202368707449,159.5520236870745,96.15202368707448,0.0,-0.009504817771549467,2.4800000000000004,0.0,1.5377979589586914,3.5377979589586914,1.8377979589586602
2022-02-21,3985.7099609375,36.22,0.716,1.916,1.25,0.2382614998782164,47.77385001217836,167.77385001217834,101.17385001217836,0.0,-0.02197859645396827,4.949999999999999,0.0,4.121826325103868,8.221826325103848,5.021826325103888
2022-02-22,3985.469970703125,32.98,0.737,1.934,1.284,0.3135429182653817,42.34570817346183,162.04570817346183,97.04570817346185,0.0,-6.021448179703936e-05,-3.240000000000002,0.0,-5.4281418387165274,-5.72814183871651,-4.128141838716516
2022-02-23,3973.409912109375,33.46,0.728,1.932,1.267,0.2986959648035088,42.93040351964912,163.3304035196491,96.83040351964912,0.0,-0.003030594254918118,0.480000000000004,0.0,0.5846953461872886,1.2846953461872772,-0.2153046538127228
2022-02-24,3829.2900390625,38.13,0.662,1.807,1.177,0.2108888911402096,45.111110885979045,159.61111088597903,96.61111088597904,0.0,-0.03694522834653949,4.670000000000002,0.0,2.1807073663299263,-3.7192926336700793,-0.21929263367007934
2022-02-25,3970.68994140625,32.12,0.708,1.842,1.219,0.264368946096611,44.363105390338895,157.76310539033892,95.46310539033892,0.0,0.03626045074817916,-6.010000000000005,0.0,-0.7480054956401503,-1.848005495640109,-1.1480054956401204
2022-02-28,3924.22998046875,35.29,0.616,1.741,1.132,0.2151889622433027,40.08110377566973,152.58110377566973,91.68110377566973,0.0,-0.01176971969905469,3.1700000000000017,0.0,-4.282001614669163,-5.18200161466919,-3.7820016146691984
2022-03-01,3765.85009765625,41.58,0.35,1.394,0.848,0.0326728767741553,31.732712322584465,136.13271232258447,81.53271232258447,0.0,-0.041196523352477685,6.289999999999999,0.0,-8.348391453085267,-16.448391453085264,-10.148391453085253
2022-03-02,3820.590087890625,38.78,0.479,1.553,1.01,0.0313788001919355,44.762119980806446,152.16211998080644,97.86211998080644,0.0,0.014431258643148308,-2.799999999999997,0.0,13.02940765822198,16.02940765822197,16.329407658221967
2022-03-03,3741.780029296875,40.45,0.495,1.587,1.012,0.0986786501245822,39.632134987541775,148.83213498754176,91.33213498754178,0.0,-0.020843442095067666,1.6700000000000017,0.0,-5.129984993264671,-3.3299849932646737,-6.529984993264662
2022-03-04,3556.010009765625,49.64,0.428,1.533,0.972,-0.0279538172095263,45.59538172095262,156.09538172095262,99.99538172095262,0.0,-0.05092230932102969,9.189999999999998,0.0,5.963246733410848,7.263246733410853,8.663246733410844
2022-03-07,3512.219970703125,48.24,0.477,1.597,1.01,0.0257350005660987,45.12649994339013,157.12649994339012,98.42649994339013,0.0,-0.012390824703889398,-1.3999999999999986,0.0,-0.46888177756249405,1.0311182224374988,-1.5688817775624955
2022-03-08,3505.2900390625,45.56,0.559,1.601,1.059,0.1554406073608363,40.355939263916376,144.55593926391637,90.35593926391635,0.0,-0.0019750406864151885,-2.6799999999999997,0.0,-4.770560679473753,-12.570560679473743,-8.070560679473772
2022-03-09,3766.02001953125,41.5,0.647,1.672,1.137,0.2448119681135079,40.21880318864921,142.7188031886492,89.2188031886492,0.0,0.0717454789293807,-4.060000000000002,0.0,-0.13713607526716487,-1.837136075267182,-1.1371360752671507
2022-03-10,3651.389892578125,43.35,0.748,1.908,1.274,0.2864708298911778,46.15291701088222,162.15291701088222,98.75291701088224,0.0,-0.030910858482994116,1.8500000000000014,0.0,5.934113822233009,19.43411382223303,9.534113822233039
2022-03-11,3686.780029296875,41.37,0.731,1.867,1.248,0.3092364878513935,42.176351214860645,155.77635121486065,93.87635121486063,0.0,0.009645568712027994,-1.980000000000004,0.0,-3.976565796021575,-6.376565796021566,-4.876565796021609
2022-03-14,3741.10009765625,40.64,0.839,1.968,1.36,0.3766467897877497,46.23532102122503,159.13532102122502,98.33532102122504,0.0,0.014626255622475569,-0.7299999999999969,0.0,4.058969806364388,3.358969806364371,4.458969806364408
2022-03-15,3738.110107421875,41.2,0.809,1.907,1.318,0.3734059982155764,43.55940017844237,153.35940017844237,94.45940017844237,0.0,-0.0007995470943256896,0.5600000000000023,0.0,-2.6759208427826664,-5.775920842782654,-3.8759208427826763
2022-03-16,3889.68994140625,36.01,0.852,1.899,1.343,0.414851277457978,43.7148722542022,148.4148722542022,92.8148722542022,0.0,0.039749283035570085,-5.190000000000005,0.0,0.1554720757598318,-4.9445279242401625,-1.6445279242401654
2022-03-17,3885.320068359375,32.02,0.838,1.905,1.333,0.4171477004904327,42.08522995095672,148.78522995095673,91.58522995095672,0.0,-0.0011240817700605733,-3.989999999999995,0.0,-1.6296423032454754,0.37035769675452457,-1.229642303245484
2022-03-18,3902.43994140625,29.9,0.835,1.89,1.321,0.3987490696338296,43.62509303661704,149.12509303661702,92.22509303661704,0.0,0.004396617410657143,-2.1200000000000045,0.0,1.5398630856603148,0.33986308566028356,0.6398630856603233
2022-03-21,3881.800048828125,28.34,0.916,1.994,1.406,0.4700392128342219,44.59607871657781,152.39607871657782,93.5960787165778,0.0,-0.005303007351620683,-1.5599999999999987,0.0,0.9709856799607692,3.270985679960802,1.3709856799607536
2022-03-22,3926.1201171875,27.48,0.96,2.028,1.426,0.5377128375407272,42.22871624592728,149.02871624592728,88.82871624592727,0.0,0.011352714533132064,-0.8599999999999994,0.0,-2.3673624706505265,-3.3673624706505336,-4.767362470650525
2022-03-23,3869.219970703125,30.77,0.93,1.993,1.381,0.5160196143824851,41.39803856175149,147.6980385617515,86.49803856175149,0.0,-0.014598761928047944,3.289999999999999,0.0,-0.8306776841757895,-1.3306776841757824,-2.3306776841757824
2022-03-24,3863.389892578125,31.16,0.983,2.056,1.417,0.5412645673782679,44.17354326217321,151.47354326217322,87.57354326217322,0.0,-0.0015079201803257824,0.39000000000000057,0.0,2.7755047004217204,3.7755047004217204,1.0755047004217317
2022-03-25,3867.72998046875,32.23,1.01,2.078,1.444,0.5955267941147533,41.44732058852468,148.24732058852464,84.84732058852467,0.0,0.001122758000862601,1.0699999999999967,0.0,-2.726222673648529,-3.2262226736485786,-2.72622267364855
2022-03-28,3887.10009765625,30.5,1.0,2.107,1.453,0.5971230811923866,40.287691880761344,150.9876918807614,85.58769188076135,0.0,0.00499563685505775,-1.7299999999999969,0.0,-1.1596287077633392,2.7403712922367447,0.7403712922366879
2022-03-29,4002.179931640625,26.58,1.065,2.132,1.512,0.6266184869236298,43.83815130763702,150.53815130763704,88.53815130763702,0.0,0.02917579213689176,-3.9200000000000017,0.0,3.550459426875676,-0.44954057312435225,2.9504594268756676
2022-03-30,3959.139892578125,28.1,1.077,2.133,1.547,0.7262616727631478,35.073832723685214,140.67383272368522,82.07383272368521,0.0,-0.010812392749396644,1.5200000000000031,0.0,-8.764318583951805,-9.864318583951814,-6.464318583951808
2022-03-31,3902.52001953125,28.99,0.985,2.042,1.444,0.6178605132498334,36.71394867501666,142.41394867501666,82.61394867501666,0.0,-0.014404299512376597,0.889999999999997,0.0,1.6401159513314454,1.7401159513314326,0.540115951331444
2022-04-01,3918.679931640625,28.5,1.02,2.097,1.485,0.6376400881998646,38.23599118001354,145.93599118001356,84.73599118001354,0.0,0.00413234163712563,-0.48999999999999844,0.0,1.5220425049968824,3.5220425049969037,2.122042504996884
2022-04-04,3951.1201171875,26.73,1.009,2.076,1.459,0.5638212015520495,44.51787984479504,151.21787984479505,89.51787984479506,0.0,0.00824426772890489,-1.7699999999999996,0.0,6.281888664781498,5.281888664781491,4.781888664781519
2022-04-05,3917.85009765625,29.16,1.154,2.248,1.599,0.6327003093497094,52.12996906502904,161.52996906502906,96.62996906502906,0.0,-0.008456053808808692,2.4299999999999997,0.0,7.612089220233997,10.312089220234014,7.112089220233997
2022-04-06,3824.68994140625,32.24,1.174,2.304,1.637,0.7140711588298412,45.99288411701588,158.99288411701588,92.29288411701587,0.0,-0.024065655953630073,3.080000000000002,0.0,-6.137084948013154,-2.537084948013188,-4.337084948013185
2022-04-07,3802.010009765625,32.53,1.216,2.333,1.667,0.7409598334456973,47.50401665543027,159.20401665543028,92.60401665543029,0.0,-0.0059475260966560545,0.28999999999999915,0.0,1.5111325384143868,0.21113253841440383,0.31113253841441235
2022-04-08,3858.3701171875,30.73,1.259,2.379,1.709,0.7424052427419571,51.659475725804285,163.6594757258043,96.6594757258043,0.0,0.014714968045098944,-1.8000000000000007,0.0,4.155459070374015,4.455459070374019,4.055459070374013
2022-04-11,3839.6201171875,30.23,1.316,2.466,1.762,0.8500642543302709,46.59357456697292,161.59357456697293,91.19357456697291,0.0,-0.004871410980853364,-0.5,0.0,-5.065901158831366,-2.065901158831366,-5.465901158831386
2022-04-12,3831.469970703125,30.01,1.299,2.411,1.725,0.8294428533612078,46.95571466387921,158.15571466387922,89.55571466387923,0.0,-0.002124899970570982,-0.21999999999999886,0.0,0.3621400969062947,-3.4378599030937096,-1.637859903093684
2022-04-13,3827.9599609375,28.84,1.272,2.378,1.716,0.8205670789444384,45.14329210555616,155.74329210555618,89.54329210555616,0.0,-0.000916519908832586,-1.1700000000000017,0.0,-1.8124225583230569,-2.412422558323044,-0.012422558323066824
2022-04-14,3848.679931640625,26.75,1.342,2.498,1.795,0.8707334274214256,47.12665725785745,162.72665725785745,92.42665725785744,0.0,0.005398200595318246,-2.09,0.0,1.983365152301296,6.983365152301275,2.8833651523012804
2022-04-19,3830.760009765625,27.44,1.392,2.559,1.858,0.9807274043125882,41.12725956874117,157.8272595687412,87.72725956874119,0.0,-0.004666995129237123,0.6900000000000013,0.0,-5.999397689116286,-4.899397689116256,-4.699397689116253
2022-04-20,3896.81005859375,24.98,1.338,2.508,1.807,0.8896841718001853,44.83158281998148,161.83158281998146,91.73158281998144,0.0,0.01709506527453242,-2.460000000000001,0.0,3.704323251240311,4.004323251240265,4.004323251240251
2022-04-21,3928.030029296875,24.54,1.407,2.596,1.903,0.9212113466391624,48.578865336083766,167.47886533608377,98.17886533608376,0.0,0.007979750644598913,-0.4400000000000013,0.0,3.7472825161022882,5.647282516102308,6.4472825161023195
2022-04-22,3840.010009765625,28.34,1.427,2.676,1.944,0.9770826093159876,44.99173906840125,169.89173906840125,96.69173906840123,0.0,-0.022663062089973905,3.8000000000000007,0.0,-3.587126267682514,2.412873732317479,-1.4871262676825268
2022-04-25,3757.590087890625,31.46,1.309,2.576,1.825,0.8994141718209822,40.95858281790178,167.6585828179018,92.55858281790178,0.0,-0.021697155461924186,3.120000000000001,0.0,-4.033156250499474,-2.233156250499462,-4.133156250499454
2022-04-26,3721.360107421875,32.71,1.312,2.543,1.797,0.869412766148078,44.2587233851922,167.3587233851922,92.75872338519218,0.0,-0.009688596107164603,1.25,0.0,3.30014056729042,-0.2998594327095816,0.2001405672904042
2022-04-27,3734.639892578125,32.74,1.303,2.571,1.805,0.8505607052257548,45.24392947742452,172.04392947742454,95.44392947742452,0.0,0.0035621778966299245,0.030000000000001137,0.0,0.9852060922323247,4.685206092232335,2.6852060922323346
2022-04-28,3777.02001953125,31.28,1.402,2.714,1.91,0.9421926942053708,45.980730579462914,177.1807305794629,96.78073057946293,0.0,0.011283944461633836,-1.4600000000000009,0.0,0.7368011020383918,5.136801102038362,1.3368011020384074
2022-04-29,3802.860107421875,30.77,1.463,2.775,1.981,0.9394447549795604,52.35552450204397,183.555524502044,104.15552450204396,0.0,0.006818099378613882,-0.5100000000000016,0.0,6.3747939225810555,6.374793922581091,7.374793922581034
2022-05-02,3732.43994140625,34.07,1.5,2.858,2.023,1.0119890024793636,48.80109975206364,184.60109975206365,101.10109975206365,0.0,-0.018691283887076835,3.3000000000000007,0.0,-3.5544247499803276,1.0455752500196525,-3.0544247499803134
2022-05-03,3761.18994140625,31.38,1.478,2.87,2.024,0.955000121447678,52.2999878552322,191.4999878552322,106.8999878552322,0.0,0.007673221526049858,-2.6900000000000013,0.0,3.498888103168561,6.898888103168559,5.798888103168551
2022-05-04,3724.989990234375,31.23,1.509,2.962,2.074,1.032893597061021,47.6106402938979,192.91064029389796,104.11064029389787,0.0,-0.009671216470288376,-0.14999999999999858,0.0,-4.689347561334301,1.4106524386657497,-2.789347561334324
2022-05-05,3696.6298828125,32.77,1.57,3.025,2.147,1.0355991505275892,53.44008494724108,198.94008494724108,111.14008494724106,0.0,-0.007642602544514341,1.5400000000000027,0.0,5.829444653343181,6.02944465334312,7.029444653343191
2022-05-06,3629.169921875,32.8,1.666,3.149,2.251,1.1278758557890278,53.81241442109721,202.11241442109724,112.3124144210972,0.0,-0.018417611630365965,0.02999999999999403,0.0,0.37232947385612647,3.1723294738561663,1.1723294738561378
2022-05-09,3526.860107421875,35.91,1.626,3.142,2.207,1.1537167684881773,47.22832315118226,198.82832315118227,105.32832315118226,0.0,-0.02859596333407203,3.1099999999999994,0.0,-6.58409126991495,-3.284091269914967,-6.984091269914941
2022-05-10,3554.800048828125,35.01,1.549,3.012,2.11,1.0557905071782294,49.320949282177054,195.6209492821771,105.42094928217703,0.0,0.007890829484454616,-0.8999999999999986,0.0,2.0926261309947947,-3.207373869005181,0.09262613099477335
2022-05-11,3647.8701171875,31.12,1.496,2.891,2.028,1.0796898595157955,41.63101404842045,181.13101404842044,94.83101404842044,0.0,0.025844651119095417,-3.889999999999997,0.0,-7.689935233756607,-14.489935233756654,-10.589935233756592
2022-05-12,3613.429931640625,32.4,1.375,2.721,1.9,0.932497559340668,44.2502440659332,178.8502440659332,96.7502440659332,0.0,-0.009486026902178379,1.2799999999999976,0.0,2.6192300175127556,-2.280769982487243,1.91923001751276
2022-05-13,3703.419921875,29.11,1.456,2.846,1.996,0.997992660776576,45.8007339223424,184.8007339223424,99.8007339223424,0.0,0.02459925511953732,-3.289999999999999,0.0,1.5504898564092002,5.950489856409206,3.0504898564092002
2022-05-16,3685.340087890625,28.22,1.45,2.84,2.005,1.0020727330936592,44.79272669063408,183.79272669063403,100.29272669063408,0.0,-0.004893884777679327,-0.8900000000000006,0.0,-1.0080072317083193,-1.0080072317083761,0.4919927682916807
2022-05-17,3741.510009765625,26.24,1.544,2.966,2.12,1.0901069751904715,45.38930248095285,187.58930248095288,102.98930248095286,0.0,0.01512646469283635,-1.9800000000000004,0.0,0.5965757903187665,3.7965757903188546,2.696575790318775
2022-05-18,3690.739990234375,27.63,1.528,2.955,2.106,1.0871904846650078,44.08095153349922,186.78095153349923,101.8809515334992,0.0,-0.013662298563607565,1.3900000000000006,0.0,-1.3083509474536328,-0.808350947453647,-1.1083509474536584
2022-05-19,3633.330078125,29.47,1.465,2.905,2.052,0.989518819453654,47.5481180546346,191.54811805463456,106.2481180546346,0.0,-0.015677372668327815,1.8399999999999999,0.0,3.4671665211353826,4.767166521135323,4.3671665211354025
2022-05-20,3657.030029296875,28.66,1.471,2.986,2.082,1.0349083261877432,43.60916738122569,195.1091673812257,104.70916738122568,0.0,0.006501745952466635,-0.8099999999999987,0.0,-3.938950673408911,3.5610493265911316,-1.5389506734089196
2022-05-23,3708.389892578125,27.58,1.537,3.03,2.133,1.0471122875579322,48.98877124420677,198.2887712442068,108.58877124420678,0.0,0.013946440608909752,-1.0800000000000018,0.0,5.379603862981078,3.1796038629811108,3.8796038629810994
2022-05-24,3647.56005859375,28.61,1.497,2.966,2.08,1.072537745028726,42.44622549712742,189.34622549712745,100.7462254971274,0.0,-0.016539324232704263,1.0300000000000011,0.0,-6.542545747079345,-8.94254574707935,-7.8425457470793845
2022-05-25,3677.10009765625,27.42,1.483,2.947,2.059,1.0414462283883692,44.15537716116309,190.55537716116308,101.7553771611631,0.0,0.008065957624684959,-1.1899999999999977,0.0,1.7091516640356659,1.2091516640356303,1.0091516640356986
2022-05-27,3808.860107421875,23.85,1.479,2.892,2.032,1.0513767180138625,42.762328198613766,184.06232819861376,98.06232819861376,0.0,0.0352055353792746,-3.5700000000000003,0.0,-1.3930489625493223,-6.493048962549324,-3.693048962549341
2022-05-30,3841.6201171875,23.73,1.563,2.99,2.122,1.1630238702072169,39.99761297927831,182.69761297927835,95.8976129792783,0.0,0.008564223169786772,-0.120000000000001,0.0,-2.764715219335457,-1.3647152193354088,-2.1647152193354486
2022-05-31,3789.2099609375,25.25,1.645,3.125,2.22,1.2196374068344555,42.53625931655445,190.53625931655444,100.03625931655446,0.0,-0.013736639353734465,1.5199999999999996,0.0,2.538646337276141,7.838646337276089,4.138646337276157
2022-06-01,3759.5400390625,25.44,1.703,3.192,2.297,1.231256919382106,47.17430806178942,196.07430806178945,106.57430806178942,0.0,-0.007860923904067205,0.19000000000000128,0.0,4.638048745234968,5.538048745235017,6.53804874523496
2022-06-02,3795.1298828125,23.39,1.762,3.3,2.372,1.322099127248351,43.99008727516489,197.7900872751649,104.99008727516488,0.0,0.009422015099662458,-2.0500000000000007,0.0,-3.184220786624529,1.7157792133754413,-1.5842207866245417
2022-06-03,3783.659912109375,23.39,1.8,3.403,2.43,1.3546440778384157,44.53559221615844,204.83559221615843,107.53559221615843,0.0,-0.0030268630667223983,0.0,0.0,0.5455049409935526,7.045504940993538,2.5455049409935526
2022-06-07,3806.739990234375,23.59,1.81,3.402,2.415,1.3720566981310682,43.794330186893184,202.9943301868932,104.29433018689318,0.0,0.0060814053419376065,0.1999999999999993,0.0,-0.7412620292652576,-1.8412620292652377,-3.2412620292652576
2022-06-08,3788.929931640625,23.13,1.874,3.468,2.479,1.434579426650601,43.94205733493992,203.3420573349399,104.44205733493992,0.0,-0.004689537964781767,-0.46000000000000085,0.0,0.1477271480467337,0.34772714804671523,0.1477271480467408
2022-06-09,3724.449951171875,23.97,1.983,3.687,2.609,1.4881532478251698,49.48467521748303,219.884675217483,112.08467521748302,0.0,-0.017164462479229457,0.8399999999999999,0.0,5.542617882543112,16.542617882543084,7.642617882543107
2022-06-10,3599.199951171875,27.66,2.093,3.846,2.767,1.5283740791613951,56.462592083860486,231.7625920838605,123.86259208386048,0.0,-0.03420759183472862,3.6900000000000013,0.0,6.977916866377456,11.877916866377518,11.777916866377453
2022-06-13,3502.5,31.81,2.243,4.1,2.985,1.6577866441601372,58.52133558398626,244.22133558398625,132.72133558398627,0.0,-0.027234585749417603,4.149999999999999,0.0,2.0587435001257717,12.458743500125735,8.858743500125797
2022-06-14,3475.179931640625,31.57,2.395,4.27,3.126,1.7486188964393516,64.63811035606484,252.1381103560648,137.73811035606482,0.0,-0.007830742663361477,-0.23999999999999844,0.0,6.116774772078585,7.916774772078554,5.0167747720785485
2022-06-15,3532.320068359375,30.07,2.225,3.918,2.882,1.7083732527105282,51.66267472894719,220.9626747289472,117.3626747289472,0.0,0.016308641651140827,-1.5,0.0,-12.975435627117655,-31.175435627117594,-20.375435627117625
2022-06-16,3427.909912109375,32.59,2.258,3.85,2.879,1.8602601255850288,39.77398744149711,198.97398744149712,101.87398744149712,0.0,-0.030004177841364783,2.520000000000003,0.0,-11.888687287450075,-21.98868728745009,-15.488687287450077
2022-06-17,3438.4599609375,30.89,2.206,3.674,2.752,1.7825017967271577,42.34982032728423,189.14982032728423,96.9498203272842,0.0,0.0030729649946899355,-1.7000000000000028,0.0,2.575832885787115,-9.824167114212884,-4.924167114212921
2022-06-20,3469.830078125,28.59,2.318,3.793,2.851,1.801856839258516,51.614316074148434,199.11431607414843,104.91431607414845,0.0,0.009081938549567858,-2.3000000000000007,0.0,9.264495746864206,9.964495746864202,7.9644957468642446
2022-06-21,3494.0,28.11,2.338,3.791,2.852,1.8303634168625704,50.763658313742965,196.06365831374296,102.16365831374294,0.0,0.006941587792167374,-0.4800000000000004,0.0,-0.8506577604054684,-3.050657760405471,-2.7506577604055025
2022-06-22,3464.639892578125,28.68,2.164,3.642,2.694,1.691670775715323,47.2329224284677,195.03292242846769,100.23292242846767,0.0,-0.008438511576674329,0.5700000000000003,0.0,-3.530735885275263,-1.030735885275277,-1.9307358852752685
2022-06-23,3436.2900390625,29.21,1.971,3.484,2.525,1.4888644354803915,48.21355645196086,199.51355645196085,103.61355645196085,0.0,-0.008216287741404963,0.5300000000000011,0.0,0.9806340234931596,4.480634023493167,3.3806340234931724
2022-06-24,3533.169921875,27.77,1.971,3.558,2.553,1.5846780224807104,38.63219775192896,197.33219775192893,96.83219775192894,0.0,0.027803050460686853,-1.4400000000000013,0.0,-9.581358700031899,-2.1813587000319217,-6.781358700031902
2022-06-27,3538.8798828125,27.02,2.081,3.637,2.663,1.601321203516477,47.96787964835229,203.5678796483523,106.16787964835228,0.0,0.001614796936094907,-0.75,0.0,9.335681896423324,6.235681896423358,9.335681896423338
2022-06-28,3549.2900390625,26.68,2.177,3.664,2.732,1.728305917484093,44.86940825159071,193.56940825159072,100.36940825159073,0.0,0.0029373346998124474,-0.33999999999999986,0.0,-3.0984713967615747,-9.998471396761573,-5.798471396761556
2022-06-29,3514.320068359375,28.11,2.063,3.501,2.596,1.6572563742607116,40.57436257392886,184.37436257392883,93.87436257392883,0.0,-0.009901525105740477,1.4299999999999997,0.0,-4.295045677661854,-9.19504567766188,-6.495045677661892
2022-06-30,3454.860107421875,29.78,1.957,3.392,2.462,1.4984395024541597,45.85604975458404,189.35604975458403,96.35604975458403,0.0,-0.01706410287710988,1.6700000000000017,0.0,5.281687180655183,4.9816871806552,2.4816871806552
2022-07-01,3448.31005859375,28.76,1.793,3.193,2.272,1.40449359707607,38.850640292393,178.85064029239302,86.75064029239299,0.0,-0.001897693562897499,-1.0199999999999996,0.0,-7.005409462191039,-10.505409462191011,-9.605409462191048
2022-07-04,3452.419921875,28.32,1.936,3.347,2.414,1.4500855079014472,48.59144920985528,189.69144920985528,96.3914492098553,0.0,0.001191138844385769,-0.4400000000000013,0.0,9.740808917462275,10.840808917462255,9.640808917462309
2022-07-05,3359.830078125,31.6,1.81,3.271,2.306,1.3359816612765634,47.40183387234367,193.50183387234367,97.00183387234368,0.0,-0.02718501107931789,3.280000000000001,0.0,-1.1896153375116043,3.8103846624883886,0.6103846624883857
2022-07-06,3421.840087890625,30.11,1.763,3.242,2.276,1.2520810364127006,51.091896358729926,198.99189635872995,102.39189635872992,0.0,0.018288043069511373,-1.490000000000002,0.0,3.6900624863862532,5.490062486386279,5.390062486386242
2022-07-07,3488.5,28.32,1.853,3.377,2.401,1.3637915335368958,48.92084664631042,201.32084664631043,103.7208466463104,0.0,0.019293400617943088,-1.7899999999999991,0.0,-2.171049712419503,2.328950287580483,1.3289502875804828
2022-07-08,3506.550048828125,27.55,1.884,3.371,2.42,1.373487403218105,51.05125967818949,199.75125967818948,104.65125967818948,0.0,0.005160817653698608,-0.7699999999999996,0.0,2.1304130318790655,-1.5695869681209444,0.9304130318790698
2022-07-11,3471.68994140625,28.87,1.777,3.298,2.338,1.3262619371104871,45.07380628895128,197.17380628895128,101.1738062889513,0.0,-0.009991171830828701,1.3200000000000003,0.0,-5.977453389238207,-2.577453389238201,-3.4774533892381783
2022-07-12,3487.050048828125,29.26,1.645,3.197,2.226,1.188337429298218,45.6662570701782,200.8662570701782,103.7662570701782,0.0,0.004414630346720109,0.39000000000000057,0.0,0.5924507812269155,3.69245078122691,2.5924507812269013
2022-07-13,3453.969970703125,29.85,1.665,3.228,2.258,1.2637967168845847,40.12032831154153,196.42032831154157,99.42032831154152,0.0,-0.00953183494399862,0.5899999999999999,0.0,-5.54592875863667,-4.445928758636626,-4.345928758636674
2022-07-14,3396.610107421875,31.82,1.685,3.369,2.327,1.26360082763897,42.139917236103,210.539917236103,106.339917236103,0.0,-0.016746378591754475,1.9699999999999989,0.0,2.019588924561475,14.119588924561441,6.919588924561481
2022-07-15,3477.199951171875,28.82,1.658,3.362,2.289,1.2206008942091242,43.73991057908757,214.1399105790876,106.8399105790876,0.0,0.023449451149411982,-3.0,0.0,1.5999933429845683,3.5999933429845896,0.4999933429845953
2022-07-18,3511.860107421875,29.06,1.817,3.369,2.454,1.29112187846686,52.58781215331398,207.787812153314,116.287812153314,0.0,0.009918484060476223,0.23999999999999844,0.0,8.847901574226412,-6.35209842577359,9.447901574226393
2022-07-19,3587.43994140625,26.72,1.853,3.441,2.486,1.3183965226580303,53.460347734196965,212.26034773419693,116.76034773419698,0.0,0.02129299763329806,-2.34,0.0,0.8725355808829818,4.472535580882919,0.4725355808829903
2022-07-20,3585.239990234375,27.4,1.835,3.498,2.486,1.3020400368616825,53.29599631383175,219.5959963138318,118.39599631383176,0.0,-0.0006134251804978768,0.6799999999999997,0.0,-0.16435142036521455,7.335648579634864,1.6356485796347755
2022-07-21,3596.510009765625,25.55,1.814,3.622,2.484,1.3546979266927923,45.930207330720776,226.73020733072076,112.93020733072076,0.0,0.0031385188240576458,-1.8499999999999979,0.0,-7.365788983110974,7.134211016888969,-5.465788983110997
2022-07-22,3596.489990234375,24.06,1.62,3.42,2.26,1.100348140245046,51.96518597549542,231.9651859754954,115.9651859754954,0.0,-5.566392673411505e-06,-1.490000000000002,0.0,6.034978644774647,5.234978644774628,3.0349786447746396
2022-07-25,3604.159912109375,24.53,1.612,3.384,2.232,1.1594895227176516,45.25104772823485,222.45104772823484,107.25104772823488,0.0,0.0021303423662470313,0.4700000000000024,0.0,-6.714138247260571,-9.514138247260547,-8.714138247260522
2022-07-26,3575.360107421875,25.57,1.525,3.341,2.118,1.0099462673032429,51.5053732696757,233.1053732696757,110.8053732696757,0.0,-0.008022809069424038,1.0399999999999991,0.0,6.254325541440849,10.654325541440869,3.554325541440818
2022-07-27,3607.780029296875,24.04,1.537,3.426,2.153,1.0222210639902969,51.47789360097031,240.37789360097037,113.07789360097031,0.5,0.009026732430117576,-1.5300000000000011,0.5,-0.027479668705389315,7.272520331294658,2.272520331294615
2022-07-28,3652.199951171875,22.55,1.374,3.25,1.972,0.895554261778805,47.84457382211951,235.4445738221195,107.6445738221195,0.5,0.012237079524281762,-1.4899999999999984,0.0,-3.6333197788508045,-4.9333197788508585,-5.433319778850816
2022-07-29,3708.10009765625,22.3,1.385,3.148,1.926,0.928512097752508,45.648790224749206,221.9487902247492,99.7487902247492,0.5,0.015189930015888461,-0.25,0.0,-2.1957835973703013,-13.49578359737032,-7.895783597370297
2022-08-02,3684.6298828125,23.77,1.379,3.031,1.934,0.8329552829008375,54.60447170991625,219.80447170991627,110.10447170991624,0.5,-0.006349560652046822,1.4699999999999989,0.0,8.955681485167041,-2.144318514832918,10.35568148516704
2022-08-03,3732.5400390625,22.34,1.44,3.023,1.988,0.9255822947200024,51.44177052799975,209.74177052799976,106.24177052799976,0.5,0.01291889577688059,-1.4299999999999997,0.0,-3.1627011819164963,-10.062701181916509,-3.862701181916478
2022-08-04,3754.60009765625,22.45,1.362,2.946,1.91,0.8811183128928173,48.08816871071828,206.4881687107183,102.88816871071826,0.5,0.005892803400877271,0.10999999999999943,0.0,-3.353601817281472,-3.2536018172814636,-3.3536018172815005
2022-08-05,3725.389892578125,22.85,1.495,3.025,2.041,0.9655672822496744,52.94327177503257,205.9432717750325,107.54327177503257,0.5,-0.007810265415306045,0.40000000000000213,0.0,4.855103064314292,-0.5448969356857845,4.655103064314304
2022-08-08,3757.219970703125,22.08,1.439,3.039,1.998,0.941478856040774,49.75211439592261,209.75211439592263,105.6521143959226,0.5,0.008507798936945104,-0.7700000000000031,0.0,-3.19115737910996,3.8088426208901183,-1.8911573791099698
2022-08-09,3715.3701171875,23.28,1.478,3.055,2.03,1.01087570882033,46.712429117967005,204.412429117967,101.91242911796698,0.5,-0.011201013456411052,1.2000000000000028,0.0,-3.0396852779556056,-5.339685277955624,-3.7396852779556156
2022-08-10,3749.35009765625,21.79,1.456,2.994,2.002,0.9400150970600554,51.59849029399446,205.39849029399448,106.19849029399444,0.5,0.009104216688095131,-1.490000000000002,0.0,4.886061176027454,0.9860611760274764,4.286061176027459
2022-08-11,3757.050048828125,21.65,1.531,3.023,2.072,1.0058343118643918,52.516568813560816,201.71656881356083,106.61656881356085,0.5,0.00205157031928307,-0.14000000000000057,0.0,0.9180785195663574,-3.681921480433658,0.4180785195664072
2022-08-12,3776.81005859375,21.21,1.548,3.067,2.105,1.036432717911,51.156728208900006,203.0567282089,106.8567282089,0.5,0.005245665514149432,-0.4399999999999977,0.0,-1.3598406046608105,1.3401593953391853,0.24015939533914832
2022-08-15,3789.6201171875,21.59,1.467,2.979,2.013,0.9765341543768828,49.04658456231172,200.2465845623117,103.6465845623117,0.5,0.0033860276339796134,0.379999999999999,0.0,-2.110143646588284,-2.810143646588301,-3.2101436465882927
2022-08-16,3805.219970703125,21.34,1.54,3.135,2.098,1.056658086364452,48.334191363554815,207.8341913635548,104.1341913635548,0.5,0.004108019464124494,-0.25,0.0,-0.7123931987569065,7.5876068012430835,0.4876068012431034
2022-08-17,3756.06005859375,22.75,1.655,3.314,2.223,1.1376288205659262,51.73711794340738,217.6371179434074,108.53711794340737,0.5,-0.013003249343633788,1.4100000000000001,0.0,3.4029265798525614,9.802926579852596,4.402926579852561
2022-08-18,3777.3798828125,22.67,1.678,3.323,2.246,1.1587731159949677,51.922688400503226,216.4226884005032,108.72268840050324,0.5,0.005660065335880862,-0.0799999999999983,0.0,0.1855704570958494,-1.2144295429041847,0.18557045709587783
2022-08-19,3730.320068359375,24.58,1.807,3.489,2.378,1.2943268073026863,51.26731926973136,219.46731926973132,108.36731926973138,0.5,-0.01253657740903949,1.9099999999999966,0.0,-0.6553691307718665,3.044630869228115,-0.3553691307718623
2022-08-22,3658.219970703125,27.37,1.905,3.627,2.502,1.3368816418153266,56.81183581846734,229.0118358184673,116.51183581846732,0.5,-0.019517356880068865,2.7900000000000027,0.0,5.544516548735977,9.54451654873597,8.144516548735936
2022-08-23,3652.52001953125,26.92,1.914,3.641,2.508,1.4136670721554494,50.03329278445505,222.73329278445507,109.43329278445506,0.5,-0.0015593366292485505,-0.4499999999999993,0.0,-6.778543034012287,-6.278543034012216,-7.078543034012256
2022-08-24,3667.4599609375,25.45,1.983,3.674,2.57,1.4417640801554463,54.12359198445537,223.22359198445537,112.82359198445536,0.5,0.004081968035648371,-1.4700000000000024,0.0,4.090299200000324,0.4902992000002939,3.3902992000002996
2022-08-25,3674.5400390625,24.72,1.934,3.553,2.495,1.4229719599473691,51.10280400526308,213.00280400526307,107.20280400526308,0.5,0.0019286516806443583,-0.7300000000000004,0.0,-3.020787979192292,-10.220787979192295,-5.620787979192286
2022-08-26,3603.679931640625,26.66,2.009,3.691,2.596,1.517125191268235,49.18748087317648,217.3874808731765,107.8874808731765,0.5,-0.01947243879132195,1.9400000000000013,0.0,-1.9153231320865984,4.384676867913413,0.6846768679134243
2022-08-29,3570.510009765625,28.46,2.13,3.8,2.701,1.6057037105909502,52.42962894090497,219.42962894090496,109.52962894090498,0.5,-0.009247081135233017,1.8000000000000007,0.0,3.242148067728486,2.0421480677284762,1.6421480677284848
2022-08-30,3561.919921875,28.37,2.124,3.812,2.695,1.5329349273079824,59.10650726920177,227.9065072692017,116.20650726920174,0.5,-0.002408742077045206,-0.08999999999999986,0.0,6.676878328296802,8.476878328296749,6.676878328296752
2022-08-31,3517.25,27.95,2.15,3.888,2.736,1.571382059522819,57.86179404771809,231.6617940477181,116.46179404771812,0.5,-0.012620269114142624,-0.4200000000000017,0.0,-1.2447132214836785,3.7552867785163926,0.2552867785163784
2022-09-01,3456.699951171875,29.15,2.185,3.946,2.781,1.6374362950548536,54.75637049451465,230.85637049451464,114.35637049451466,0.5,-0.0173650716724592,1.1999999999999993,0.0,-3.105423553203444,-0.8054235532034681,-2.105423553203451
2022-09-02,3544.3798828125,25.5,2.155,3.839,2.731,1.5440424780596556,61.095752194034425,229.49575219403445,118.69575219403444,0.5,0.025048854805474176,-3.6499999999999986,0.0,6.339381699519777,-1.3606183004801835,4.339381699519777
2022-09-05,3490.010009765625,27.79,2.187,3.935,2.775,1.629225267260784,55.77747327392157,230.5774732739216,114.57747327392158,0.5,-0.015458613070291732,2.289999999999999,0.0,-5.318278920112853,1.08172107988716,-4.118278920112857
2022-09-06,3500.139892578125,27.35,2.206,3.965,2.801,1.6822264297143996,52.377357028560034,228.27735702856003,111.87735702856006,0.5,0.002898332666743124,-0.4399999999999977,0.0,-3.400116245361538,-2.300116245361579,-2.700116245361528
2022-09-07,3502.090087890625,27.13,2.154,3.869,2.746,1.615695937695056,53.8304062304944,225.3304062304944,113.0304062304944,0.5,0.0005570212256278197,-0.22000000000000242,0.0,1.4530492019343626,-2.946950798065643,1.1530492019343512
2022-09-08,3512.3798828125,25.92,2.253,3.949,2.835,1.669993818161332,58.3006181838668,227.90061818386675,116.5006181838668,0.5,0.0029338787807943485,-1.2099999999999973,0.0,4.470211953372406,2.5702119533723646,3.4702119533723987
2022-09-09,3570.0400390625,24.88,2.263,4.005,2.866,1.7480318913495032,51.49681086504967,225.69681086504968,111.7968108650497,0.5,0.016282974141250527,-1.0400000000000027,0.0,-6.803807318817135,-2.20380731881707,-4.703807318817113
2022-09-12,3646.510009765625,24.62,2.223,3.955,2.802,1.7101703681378546,51.28296318621452,224.48296318621453,109.18296318621456,0.5,0.02119373731982351,-0.259999999999998,0.0,-0.213847678835144,-1.213847678835151,-2.6138476788351284
2022-09-13,3586.179931640625,26.04,2.29,3.99,2.864,1.7784639540540543,51.15360459459457,221.15360459459455,108.55360459459456,0.5,-0.01668299840726684,1.4199999999999982,0.0,-0.12935859161995467,-3.329358591619979,-0.6293585916200044
2022-09-14,3567.56005859375,26.24,2.264,3.98,2.852,1.7889513143332223,47.50486856667775,219.1048685666778,106.30486856667775,1.25,-0.005205644913065771,0.1999999999999993,0.75,-3.6487360279168186,-2.0487360279167603,-2.248736027916806
2022-09-15,3541.7900390625,25.35,2.298,4.03,2.905,1.7660693854223095,53.193061457769055,226.39306145776908,113.89306145776902,1.25,-0.007249645057330557,-0.889999999999997,0.0,5.688192891091305,7.288192891091285,7.588192891091268
2022-09-16,3500.409912109375,26.43,2.301,4.025,2.92,1.8200708250695263,48.09291749304738,220.4929174930474,109.99291749304736,1.25,-0.011752180711329266,1.0799999999999983,0.0,-5.100143964721674,-5.9001439647216785,-3.9001439647216642
2022-09-19,3499.489990234375,26.19,2.35,4.061,2.954,1.844714329471085,50.5285670528915,221.62856705289155,110.92856705289152,1.25,-0.0002628385814454534,-0.23999999999999844,0.0,2.435649559844123,1.135649559844154,0.9356495598441654
2022-09-20,3467.090087890625,27.16,2.49,4.192,3.083,1.984118966152237,50.58810338477633,220.78810338477632,109.88810338477631,1.25,-0.009301590043385608,0.9699999999999989,0.0,0.05953633188482854,-0.840463668115234,-1.0404636681152084
2022-09-21,3491.8701171875,27.27,2.442,4.123,3.024,1.9139652591579668,52.80347408420334,220.9034740842033,111.00347408420332,1.25,0.007121792136552068,0.10999999999999943,0.0,2.2153706994270053,0.11537069942698963,1.1153706994270038
2022-09-22,3427.139892578125,28.0,2.531,4.177,3.121,1.9926230873741704,53.83769126258298,218.43769126258292,112.83769126258296,1.25,-0.018711380124101947,0.7300000000000004,0.0,1.0342171783796417,-2.465782821620394,1.834217178379646
2022-09-23,3348.60009765625,30.0,2.603,4.36,3.199,2.0150525783280635,58.79474216719367,234.4947421671937,118.39474216719364,1.25,-0.023183685567162597,2.0,0.0,4.957050904610689,16.057050904610776,5.557050904610676
2022-09-26,3342.56005859375,30.75,2.697,4.526,3.284,2.092629043945399,60.43709560546012,243.3370956054601,119.13709560546008,1.25,-0.0018053792054074248,0.75,0.0,1.6423534382664542,8.8423534382664,0.7423534382664343
2022-09-27,3328.64990234375,31.32,2.831,4.73,3.428,2.182902996637207,64.8097003362793,254.70970033627933,124.50970033627932,1.25,-0.004170210948341452,0.5700000000000003,0.0,4.372604730819184,11.372604730819234,5.372604730819248
2022-09-28,3335.300048828125,31.34,2.757,4.585,3.332,2.195363054597596,56.16369454024039,238.9636945402404,113.66369454024036,1.25,0.0019958579343017386,0.019999999999999574,0.0,-8.646005796038914,-15.74600579603893,-10.846005796038966
2022-09-29,3279.0400390625,33.07,2.811,4.662,3.386,2.252502887725718,55.84971122742819,240.9497112274282,113.3497112274282,1.25,-0.017011936442163922,1.7300000000000004,0.0,-0.31398331281220493,1.9860166871877993,-0.3139833128121552
2022-09-30,3318.199951171875,30.71,2.721,4.507,3.3,2.134773480380704,58.62265196192959,237.2226519619296,116.52265196192955,1.25,0.01187174396987159,-2.3599999999999994,0.0,2.772940734501404,-3.727059265498582,3.1729407345013527
2022-10-03,3342.169921875,30.71,2.493,4.205,3.069,2.0446937130494645,44.83062869505354,216.0306286950536,102.43062869505354,1.25,0.007197820735943322,0.0,0.0,-13.79202326687605,-21.19202326687602,-14.092023266876012
2022-10-04,3484.47998046875,29.27,2.476,4.188,3.053,1.9360584837570125,53.994151624298745,225.19415162429877,111.69415162429874,1.25,0.04169854332253051,-1.4400000000000013,0.0,9.163522929245204,9.163522929245175,9.263522929245198
2022-10-05,3447.719970703125,29.86,2.637,4.46,3.236,2.039070883668442,59.79291163315579,242.09291163315575,119.6929116331558,1.25,-0.01060568206030955,0.5899999999999999,0.0,5.798760008857045,16.898760008856982,7.998760008857062
2022-10-06,3433.449951171875,29.17,2.687,4.516,3.288,2.150407188219638,53.65928117803618,236.5592811780362,113.75928117803618,1.25,-0.004147562158660365,-0.6899999999999977,0.0,-6.133630455119608,-5.53363045511955,-5.933630455119626
2022-10-07,3375.4599609375,29.92,2.796,4.689,3.403,2.2781102728445792,51.78897271554206,241.08897271554207,112.48897271554208,1.25,-0.01703397259058062,0.75,0.0,-1.8703084624941226,4.529691537505869,-1.2703084624941
2022-10-10,3356.8798828125,31.87,2.907,4.611,3.487,2.308000918558733,59.89990814412671,230.29990814412668,117.89990814412673,1.25,-0.005519663513424038,1.9499999999999993,0.0,8.110935428584654,-10.789064571415395,5.410935428584651
2022-10-11,3340.35009765625,32.01,2.889,4.685,3.469,2.450996218627928,43.8003781372072,223.4003781372072,101.80037813720722,1.25,-0.004936315094399806,0.13999999999999702,0.0,-16.099530006919515,-6.899530006919463,-16.099530006919508
2022-10-12,3331.530029296875,31.82,2.954,4.817,3.537,2.495448130233568,45.85518697664321,232.1551869766432,104.1551869766432,1.25,-0.0026439544265180956,-0.18999999999999773,0.0,2.0548088394360136,8.75480883943598,2.354808839435975
2022-10-13,3362.39990234375,30.2,2.87,4.673,3.453,2.451889553336256,41.81104466637442,222.11104466637445,100.1110446663744,1.25,0.009223308938700471,-1.620000000000001,0.0,-4.044142310268789,-10.04414231026874,-4.044142310268796
2022-10-14,3381.72998046875,29.77,2.942,4.794,3.519,2.3909187555657905,55.10812444342097,240.3081244434209,112.80812444342097,1.25,0.0057324314312724185,-0.4299999999999997,0.0,13.297079777046548,18.19707977704644,12.697079777046568
2022-10-17,3441.639892578125,29.27,2.851,4.66,3.431,2.3752770721052805,47.572292789471945,228.472292789472,105.57229278947196,1.25,0.017560663656113456,-0.5,0.0,-7.535831653949025,-11.835831653948901,-7.235831653949006
2022-10-18,3463.830078125,28.92,2.853,4.678,3.426,2.364947146061778,48.8052853938222,231.30528539382215,106.1052853938222,1.25,0.006426865085413269,-0.34999999999999787,0.0,1.2329926043502581,2.832992604350153,0.5329926043502411
2022-10-19,3471.239990234375,28.3,2.955,4.772,3.528,2.443987972632435,51.10120273675651,232.8012027367565,108.4012027367565,1.25,0.002136940176847099,-0.620000000000001,0.0,2.2959173429343096,1.495917342934348,2.2959173429343025
2022-10-20,3492.85009765625,27.75,2.954,4.738,3.548,2.507453193890448,44.65468061095521,223.05468061095524,104.0546806109552,1.25,0.006206173817801952,-0.5500000000000007,0.0,-6.446522125801302,-9.746522125801249,-4.3465221258013
2022-10-21,3476.6298828125,27.83,2.988,4.764,3.551,2.545365806755106,44.26341932448938,221.8634193244894,100.5634193244894,1.25,-0.004654649751337053,0.0799999999999983,0.0,-0.39126128646583425,-1.1912612864658456,-3.4912612864658
2022-10-24,3527.7900390625,28.68,2.867,4.592,3.449,2.419957817957787,44.704218204221306,217.2042182042213,102.90421820422128,1.25,0.014608223554939062,0.8500000000000014,0.0,0.4407988797319291,-4.659201120268108,2.340798879731878
2022-10-25,3585.580078125,27.62,2.692,4.372,3.271,2.286171709818138,40.58282901818622,208.5828290181862,98.4828290181862,1.25,0.016248644334404806,-1.0599999999999987,0.0,-4.121389186035088,-8.621389186035088,-4.421389186035086
2022-10-26,3605.31005859375,26.95,2.672,4.334,3.238,2.267223634373684,40.47763656263164,206.6776365626316,97.07763656263162,1.25,0.005487506999524625,-0.6700000000000017,0.0,-0.10519245555457957,-1.9051924555546123,-1.4051924555545696
2022-10-27,3604.510009765625,25.87,2.459,3.992,3.0,2.1648593546966497,29.41406453033504,182.71406453033504,83.51406453033503,1.25,-0.00022193309231663598,-1.0799999999999983,0.0,-11.063572032296598,-23.963572032296554,-13.563572032296591
2022-10-28,3613.02001953125,24.89,2.606,4.161,3.151,2.184664819909778,42.13351800902218,197.63351800902217,96.63351800902218,1.25,0.0023581512441720625,-0.9800000000000004,0.0,12.719453478687143,14.919453478687132,13.119453478687149
2022-10-31,3617.5400390625,24.83,2.685,4.306,3.255,2.2391387491331125,44.58612508668875,206.68612508668875,101.58612508668874,1.25,0.001250254498518951,-0.060000000000002274,0.0,2.4526070776665705,9.052607077666579,4.952607077666556
2022-11-01,3651.02001953125,24.47,2.673,4.273,3.216,2.253662853998684,41.9337146001316,201.9337146001316,96.23371460013162,1.25,0.009212338338765816,-0.35999999999999943,0.0,-2.6524104865571516,-4.752410486557153,-5.352410486557119
2022-11-02,3622.010009765625,24.7,2.672,4.288,3.26,2.234079288009585,43.79207119904152,205.39207119904157,102.59207119904148,2.0,-0.007977462900097787,0.23000000000000043,0.75,1.8583565989099213,3.4583565989099725,6.3583565989098645
2022-11-03,3593.179931640625,23.77,2.777,4.42,3.322,2.3421246873037607,43.48753126962394,207.7875312696239,97.98753126962394,2.0,-0.007991537795751619,-0.9299999999999997,0.0,-0.30453992941757946,2.3954600705823452,-4.604539929417541
2022-11-04,3688.330078125,22.91,2.841,4.469,3.357,2.370730422965268,47.02695770347325,209.82695770347323,98.62695770347324,2.0,0.026136217002177643,-0.8599999999999994,0.0,3.5394264338493073,2.0394264338493144,0.6394264338492945
2022-11-07,3708.800048828125,22.66,2.862,4.485,3.389,2.4263254933335765,43.56745066664236,205.8674506666424,96.26745066664232,2.0,0.005534585063170642,-0.25,0.0,-3.4595070368308924,-3.9595070368308143,-2.3595070368309194
2022-11-08,3739.280029296875,22.61,2.796,4.383,3.325,2.389448306372367,40.6551693627633,199.3551693627633,93.55516936276334,2.0,0.008184700030503119,-0.05000000000000071,0.0,-2.9122813038790554,-6.512281303879121,-2.7122813038789815
2022-11-09,3728.030029296875,23.24,2.688,4.279,3.218,2.3894483063723584,29.85516936276418,188.9551693627641,82.85516936276416,2.0,-0.003013135499469651,0.629999999999999,0.0,-10.799999999999123,-10.399999999999181,-10.699999999999179
2022-11-10,3846.56005859375,21.32,2.503,4.007,3.034,2.1459360958664395,35.70639041335606,186.106390413356,88.80639041335603,2.0,0.031299305764281055,-1.9199999999999982,0.0,5.851221050591882,-2.848778949408114,5.951221050591869
2022-11-11,3868.5,20.78,2.669,4.198,3.205,2.24068921703696,42.83107829630399,195.731078296304,96.431078296304,2.0,0.005687577383283923,-0.5399999999999991,0.0,7.124687882947931,9.624687882947995,7.624687882947967
2022-11-14,3887.510009765625,20.94,2.653,4.17,3.204,2.2087307941064163,44.426920589358375,196.1269205893584,99.5269205893584,2.0,0.004902017353990331,0.16000000000000014,0.0,1.5958422930543819,0.39584229305441454,3.095842293054403
2022-11-15,3915.090087890625,20.86,2.607,4.06,3.144,2.1885018253873576,41.84981746126426,187.1498174612642,95.54981746126424,2.0,0.007069487772115961,-0.08000000000000185,0.0,-2.577103128094116,-8.9771031280942,-3.977103128094157
2022-11-16,3882.780029296875,21.17,2.489,3.941,3.031,2.1005971123745377,38.840288762546216,184.0402887625462,93.04028876254624,2.0,-0.008286940667490422,0.3100000000000023,0.0,-3.009528698718043,-3.109528698718009,-2.5095286987180003
2022-11-17,3878.419921875,21.82,2.506,3.937,3.054,2.136140125611406,36.98598743885939,180.0859874388594,91.7859874388594,2.0,-0.0011235654043159858,0.6499999999999986,0.0,-1.8543013236868262,-3.954301323686792,-1.254301323686846
2022-11-18,3924.840087890625,20.88,2.489,3.891,3.033,2.111657762016943,37.73422379830569,177.9342237983057,92.1342237983057,2.0,0.011897774404030288,-0.9400000000000013,0.0,0.7482363594463024,-2.151763640553696,0.3482363594463038
2022-11-21,3909.280029296875,21.17,2.46,3.927,2.984,2.060945912390832,39.90540876091679,186.6054087609168,92.3054087609168,2.0,-0.003972387153192158,0.2900000000000027,0.0,2.1711849626111004,8.671184962611079,0.1711849626111075
2022-11-22,3929.89990234375,20.22,2.449,3.909,2.988,2.076606901418831,37.23930985811688,183.23930985811688,91.13930985811687,2.0,0.005260734102750754,-0.9500000000000028,0.0,-2.6660989027999094,-3.366098902799905,-1.1660989027999307
2022-11-23,3946.43994140625,19.51,2.383,3.798,2.896,2.005300623155428,37.76993768445722,179.26993768445723,89.06993768445722,2.0,0.004199936443509216,-0.7099999999999973,0.0,0.5306278263403357,-3.96937217365965,-2.0693721736596586
2022-11-24,3961.989990234375,19.56,2.296,3.675,2.802,1.915166458649799,38.08335413502009,175.98335413502008,88.68335413502011,2.0,0.003932529971786548,0.04999999999999716,0.0,0.31341645056286893,-3.286583549437154,-0.3865835494371055
2022-11-25,3962.409912109375,19.93,2.438,3.851,2.959,2.033214494573974,40.47855054260263,181.7785505426026,92.57855054260264,2.0,0.00010598200004238541,0.370000000000001,0.0,2.395196407582546,5.795196407582523,3.8951964075825316
2022-11-28,3935.510009765625,21.52,2.627,3.915,2.993,2.0604237064610293,56.65762935389704,185.45762935389703,93.25762935389706,2.0,-0.006811921778853982,1.5899999999999999,0.0,16.17907881129441,3.6790788112944313,0.679078811294417
2022-11-29,3934.43994140625,21.7,2.543,3.821,2.912,1.9935493464609348,54.94506535390653,182.7450653539065,91.8450653539065,2.0,-0.00027193778171610627,0.17999999999999972,0.0,-1.7125639999905147,-2.712563999990522,-1.412563999990553
2022-11-30,3964.719970703125,21.21,2.407,3.875,2.949,1.9939423217948185,41.30576782051816,188.10576782051817,95.50576782051814,2.0,0.007666683027143914,-0.48999999999999844,0.0,-13.639297533388365,5.360702466611656,3.660702466611639
2022-12-01,3984.5,20.32,2.266,3.707,2.82,1.881787444834684,38.4212555165316,182.5212555165316,93.82125551653158,2.0,0.004976606558493049,-0.8900000000000006,0.0,-2.884512303986561,-5.584512303986571,-1.6845123039865655
2022-12-02,3977.89990234375,19.33,2.298,3.752,2.855,1.9049654032906471,39.30345967093529,184.70345967093527,95.00345967093529,2.0,-0.0016578165499889065,-0.990000000000002,0.0,0.8822041544036878,2.182204154403678,1.1822041544037063
2022-12-05,3956.530029296875,19.82,2.325,3.754,2.88,1.9170590334828683,40.79409665171318,183.6940966517132,96.29409665171316,2.0,-0.005386631403379055,0.490000000000002,0.0,1.490636980777893,-1.0093630192220644,1.290636980777876
2022-12-06,3939.18994140625,20.81,2.249,3.649,2.802,1.8604547473419173,38.854525265808284,178.85452526580826,94.15452526580827,2.0,-0.004392282358605949,0.9899999999999984,0.0,-1.9395713859048982,-4.8395713859049465,-2.139571385904887
2022-12-07,3920.89990234375,22.03,2.241,3.606,2.77,1.8503101796890304,39.068982031096965,175.56898203109694,91.96898203109696,2.0,-0.0046539091633489345,1.2200000000000024,0.0,0.21445676528868063,-3.2855432347113265,-2.185543234711318
2022-12-08,3921.27001953125,21.79,2.283,3.693,2.828,1.8799560373123128,40.30439626876871,181.30439626876876,94.80439626876873,2.0,9.439152465761817e-05,-0.240000000000002,0.0,1.2354142376717476,5.735414237671819,2.8354142376717704
2022-12-09,3942.6201171875,21.4,2.392,3.819,2.949,1.9767511755133584,41.524882448664144,184.22488244866412,97.22488244866416,2.0,0.005429920749730189,-0.39000000000000057,0.0,1.2204861798954312,2.920486179895363,2.420486179895434
2022-12-12,3921.820068359375,22.54,2.414,3.837,2.975,1.948572675246092,46.54273247539085,188.84273247539085,102.64273247539084,2.0,-0.005289657454813917,1.1400000000000006,0.0,5.017850026726705,4.617850026726728,5.417850026726683
2022-12-13,3986.830078125,20.39,2.393,3.797,2.936,1.9347812882980648,45.821871170193496,186.22187117019357,100.12187117019351,2.0,0.016440599310650124,-2.1499999999999986,0.0,-0.7208613051973529,-2.6208613051972804,-2.5208613051973288
2022-12-14,3975.260009765625,20.34,2.424,3.858,2.97,2.009708006502586,41.42919934974141,184.82919934974143,96.02919934974145,2.0,-0.0029062912817026305,-0.05000000000000071,0.0,-4.392671820452087,-1.3926718204521364,-4.092671820452068
2022-12-15,3835.699951171875,20.84,2.58,4.154,3.151,2.080990858897387,49.90091411026132,207.3009141102613,107.00091411026128,2.0,-0.035738222460937864,0.5,0.0,8.471714760519909,22.47171476051986,10.97171476051983
2022-12-16,3804.02001953125,21.32,2.669,4.28,3.242,2.241556243717952,42.74437562820479,203.8443756282048,100.0443756282048,2.0,-0.00829352734067866,0.4800000000000004,0.0,-7.156538482056526,-3.4565384820564873,-6.956538482056473
2022-12-19,3811.239990234375,20.6,2.722,4.374,3.294,2.2754029100409885,44.65970899590115,209.85970899590112,101.85970899590116,2.0,0.0018961855162297862,-0.7199999999999989,0.0,1.9153333676963555,6.015333367696314,1.8153333676963541
2022-12-20,3802.489990234375,20.69,2.842,4.477,3.408,2.3612178080033925,48.07821919966075,211.5782191996608,104.67821919966072,2.0,-0.00229848021262678,0.08999999999999986,0.0,3.4185102037596025,1.7185102037596778,2.8185102037595584
2022-12-21,3872.14990234375,19.06,2.84,4.428,3.391,2.3599884455004503,48.00115544995496,206.80115544995496,103.10115544995496,2.5,0.018153770382377633,-1.6300000000000026,0.5,-0.07706374970579333,-4.777063749705832,-1.5770637497057578
2022-12-22,3823.2900390625,19.96,2.896,4.469,3.434,2.44207858506563,45.39214149343698,202.69214149343705,99.192141493437,2.5,-0.012698564401861775,0.9000000000000021,0.0,-2.609013956517977,-4.109013956517913,-3.9090139565179527
2022-12-23,3817.010009765625,20.04,2.929,4.495,3.469,2.464311874240936,46.468812575906384,203.0688125759064,100.46881257590638,2.5,-0.0016439225347291214,0.0799999999999983,0.0,1.076671082469403,0.37667108246935754,1.2766710824693774
2022-12-27,3832.889892578125,20.66,3.049,4.616,3.577,2.5010535762647668,54.79464237352332,211.49464237352328,107.59464237352331,2.5,0.004151663635976407,0.620000000000001,0.0,8.325829797616933,8.42582979761687,7.12582979761693
2022-12-28,3808.820068359375,20.51,3.049,4.631,3.578,2.522042551102518,52.69574488974818,210.89574488974824,105.59574488974816,2.5,-0.006299611982887098,-0.14999999999999858,0.0,-2.09889748377514,-0.5988974837750334,-1.9988974837751528
2022-12-29,3850.070068359375,19.93,2.977,4.531,3.529,2.5267047773509126,45.02952226490873,200.4295222649087,100.22952226490874,2.5,0.01077189987821951,-0.5800000000000018,0.0,-7.666222624839449,-10.466222624839531,-5.366222624839423
2022-12-30,3793.6201171875,20.89,3.113,4.704,3.657,2.555313576346965,55.76864236530348,214.86864236530343,110.16864236530348,2.5,-0.014770608465045182,0.9600000000000009,0.0,10.73912010039475,14.439120100394717,9.939120100394746
2023-01-03,3882.2900390625,20.28,2.923,4.5,3.458,2.4382219286823594,48.47780713176406,206.17780713176407,101.97780713176408,2.5,0.023104456536394362,-0.6099999999999994,0.0,-7.290835233539418,-8.69083523353936,-8.190835233539403
2023-01-04,3973.969970703125,19.45,2.77,4.259,3.302,2.3543646639454043,41.56353360545957,190.4635336054596,94.76353360545956,2.5,0.023340391880693746,-0.8300000000000018,0.0,-6.914273526304491,-15.714273526304481,-7.214273526304524
2023-01-05,3959.47998046875,19.53,2.832,4.343,3.38,2.415742967111544,41.62570328884559,192.7257032888456,96.42570328884558,2.5,-0.0036528890800188417,0.08000000000000185,0.0,0.06216968338602413,2.26216968338602,1.6621696833860256
2023-01-06,4017.830078125,18.49,2.723,4.226,3.273,2.3642917157261643,35.87082842738356,186.1708284273836,90.8708284273836,2.5,0.014629276755501672,-1.0400000000000027,0.0,-5.754874861462035,-6.554874861461997,-5.5548748614619825
2023-01-09,4068.6201171875,19.0,2.73,4.178,3.266,2.349535816338053,38.046418366194686,182.84641836619468,91.6464183661947,2.5,0.012561929086740302,0.5100000000000016,0.0,2.175589938811129,-3.324410061188928,0.7755899388110947
2023-01-10,4057.4599609375,19.25,2.802,4.219,3.334,2.359179639439585,44.28203605604151,185.98203605604152,97.48203605604152,2.5,-0.00274675197864744,0.25,0.0,6.235617689846826,3.135617689846839,5.835617689846828
2023-01-11,4099.759765625,19.34,2.673,4.044,3.203,2.263607933390884,40.9392066609116,178.03920666091156,93.93920666091158,2.5,0.010371225800016285,0.08999999999999986,0.0,-3.342829395129911,-7.942829395129962,-3.5428293951299423
2023-01-12,4126.68017578125,17.94,2.624,3.998,3.152,2.203747568371912,42.0252431628088,179.4252431628088,94.8252431628088,2.5,0.006544873953597036,-1.3999999999999986,0.0,1.0860365018971976,1.3860365018972516,0.8860365018972232
2023-01-13,4150.7998046875,17.34,2.637,4.01,3.166,2.170443058846556,46.65569411534438,183.9556941153444,99.55569411534438,2.5,0.00582778749762457,-0.6000000000000014,0.0,4.630450952535583,4.530450952535574,4.730450952535577
2023-01-16,4157.0,18.35,2.638,4.011,3.163,2.1984303733571404,43.956962664285946,181.256962664286,96.45696266428594,2.5,0.001492620575697616,1.0100000000000016,0.0,-2.6987314510584355,-2.698731451058393,-3.098731451058441
2023-01-17,4174.330078125,18.62,2.533,3.881,3.06,2.186919071955929,34.60809280440711,169.4080928044071,87.30809280440712,2.5,0.004160224827841061,0.2699999999999996,0.0,-9.348869859878839,-11.848869859878903,-9.148869859878815
2023-01-18,4174.33984375,18.12,2.45,3.756,2.961,2.0324374906750133,41.75625093249869,172.35625093249865,92.85625093249864,2.5,2.33944450831217e-06,-0.5,0.0,7.1481581280915805,2.9481581280915634,5.548158128091515
2023-01-19,4094.280029296875,20.3,2.483,3.76,3.017,2.08729232802771,39.570767197229,167.27076719722896,92.97076719722898,2.5,-0.019365339716961593,2.1799999999999997,0.0,-2.1854837352696848,-5.08548373526969,0.11451626473034082
2023-01-20,4119.89990234375,18.68,2.619,3.982,3.161,2.196191131302154,42.28088686978464,178.58088686978465,96.48088686978464,2.5,0.006237982692771691,-1.620000000000001,0.0,2.710119672555635,11.310119672555686,3.5101196725556605
2023-01-23,4150.81982421875,18.16,2.659,4.027,3.2,2.2418412593930963,41.71587406069035,178.51587406069038,95.8158740606904,2.5,0.007476995218427428,-0.5199999999999996,0.0,-0.5650128090942843,-0.0650128090942701,-0.665012809094236
2023-01-24,4153.02001953125,18.06,2.591,3.916,3.126,2.2389853352210247,35.20146647789755,167.70146647789753,88.70146647789751,2.5,0.0005299223986464127,-0.10000000000000142,0.0,-6.514407582792806,-10.814407582792853,-7.114407582792893
2023-01-25,4148.10986328125,18.42,2.601,4.087,3.149,2.163417628838445,43.75823711615552,192.3582371161555,98.55823711615552,2.5,-0.0011830092751151813,0.360000000000003,0.0,8.556770638257973,24.656770638257967,9.856770638258013
2023-01-26,4173.97998046875,18.17,2.674,4.17,3.221,2.226586860624061,44.74131393759389,194.3413139375939,99.4413139375939,2.5,0.006217236536781613,-0.25,0.0,0.9830768214383667,1.9830768214384022,0.8830768214383795
2023-01-27,4178.009765625,17.29,2.702,4.226,3.281,2.2928506476499027,40.91493523500973,193.31493523500973,98.81493523500976,2.5,0.0009649881265351999,-0.8800000000000026,0.0,-3.826378702584158,-1.026378702584168,-0.6263787025841481
2023-01-30,4158.6298828125,18.75,2.786,4.318,3.358,2.3215959950207234,46.440400497927655,199.64040049792763,103.64040049792766,2.5,-0.004649335593213016,1.4600000000000009,0.0,5.525465262917926,6.325465262917902,4.825465262917902
2023-01-31,4163.4501953125,18.57,2.752,4.272,3.326,2.321746829009651,43.0253170990349,195.0253170990349,100.42531709903491,2.5,0.0011584394751822976,-0.17999999999999972,0.0,-3.4150833988927545,-4.615083398892722,-3.2150833988927445
2023-02-01,4171.43994140625,18.7,2.76,4.292,3.342,2.320551355540444,43.9448644459556,197.1448644459556,102.14486444595563,2.5,0.0019171814888838514,0.129999999999999,0.0,0.9195473469207016,2.119547346920683,1.71954734692072
2023-02-02,4241.1201171875,16.67,2.511,3.887,3.042,2.204823466989794,30.6176533010206,168.2176533010206,83.71765330102056,2.5,0.01656612704201821,-2.0299999999999976,0.0,-13.327211144935003,-28.927211144935,-18.42721114493507
2023-02-03,4257.97998046875,16.76,2.634,4.008,3.152,2.2239657262908032,41.00342737091967,178.40342737091967,92.80342737091968,2.5,0.0039674518956100335,0.08999999999999986,0.0,10.385774069899067,10.185774069899082,9.085774069899117
2023-02-06,4205.4501953125,18.64,2.75,4.153,3.308,2.3212550429795087,42.87449570204913,183.1744957020491,98.67449570204911,2.5,-0.012413515232752543,1.879999999999999,0.0,1.8710683311294645,4.771068331129413,5.871068331129436
2023-02-07,4209.31005859375,18.76,2.79,4.214,3.361,2.3391587843849004,45.08412156150996,187.48412156151,102.18412156150998,2.5,0.0009174030953936355,0.120000000000001,0.0,2.2096258594608287,4.309625859460908,3.5096258594608685
2023-02-08,4209.14990234375,18.72,2.816,4.234,3.391,2.385503320002768,43.04966799972316,184.8496679997232,100.54966799972318,3.0,-3.804882383773476e-05,-0.0400000000000027,0.5,-2.0344535617867976,-2.634453561786785,-1.634453561786799
2023-02-09,4250.14013671875,18.17,2.768,4.131,3.329,2.324127957516212,44.38720424837879,180.68720424837883,100.48720424837884,3.0,0.009691251867084808,-0.5499999999999972,0.0,1.3375362486556241,-4.162463751344376,-0.0624637513443389
2023-02-10,4197.93994140625,20.47,2.833,4.213,3.402,2.39608248577462,43.691751422538026,181.691751422538,100.59175142253802,3.0,-0.012358040919989311,2.299999999999997,0.0,-0.6954528258407606,1.0045471741591712,0.10454717415917969
2023-02-13,4241.35986328125,19.79,2.828,4.177,3.39,2.406919030818028,42.10809691819719,177.00809691819717,98.30809691819722,3.0,0.01029002547708593,-0.6799999999999997,0.0,-1.583654504340835,-4.683654504340836,-2.2836545043408023
2023-02-14,4238.759765625,18.9,2.907,4.235,3.459,2.4624399335994624,44.45600664005376,177.25600664005378,99.65600664005376,3.0,-0.0006132219476870309,-0.8900000000000006,0.0,2.347909721856567,0.2479097218566153,1.3479097218565386
2023-02-15,4280.0400390625,17.62,2.938,4.324,3.517,2.501264310923427,43.67356890765733,182.27356890765728,101.57356890765728,3.0,0.009691646123378878,-1.2799999999999976,0.0,-0.7824377323964313,5.017562267603495,1.9175622676035147
2023-02-16,4297.240234375,18.05,2.936,4.324,3.52,2.5759667539916338,36.00332460083662,174.80332460083662,94.40332460083664,3.0,0.004010646223510802,0.4299999999999997,0.0,-7.670244306820706,-7.4702443068206605,-7.170244306820635
2023-02-17,4274.919921875,19.23,2.91,4.297,3.5,2.51057414553606,39.942585446394,178.64258544639395,98.94258544639398,3.0,-0.00520764020646771,1.1799999999999997,0.0,3.939260845557378,3.839260845557334,4.539260845557337
2023-02-20,4271.18017578125,19.53,2.928,4.335,3.51,2.487782138619118,44.02178613808818,184.7217861380882,102.22178613808816,3.0,-0.0008751936648822151,0.3000000000000007,0.0,4.079200691694183,6.07920069169424,3.279200691694186
2023-02-21,4250.39990234375,20.89,3.016,4.466,3.603,2.5948665318435933,42.11334681564068,187.11334681564068,100.8133468156407,3.0,-0.004877103644436731,1.3599999999999994,0.0,-1.9084393224474994,2.3915606775524907,-1.4084393224474638
2023-02-22,4242.8798828125,21.18,3.001,4.461,3.587,2.5754450645752485,42.55549354247514,188.5554935424752,101.15549354247516,3.0,-0.0017708168544015653,0.28999999999999915,0.0,0.44214672683445855,1.4421467268345225,0.3421467268344571
2023-02-23,4258.16015625,20.24,2.945,4.37,3.518,2.546118410631453,39.888158936854666,182.3881589368547,97.18815893685466,3.0,0.003594922462065822,-0.9400000000000013,0.0,-2.667334605620475,-6.1673346056205105,-3.9673346056204934
2023-02-24,4178.81982421875,21.67,3.013,4.434,3.587,2.593268515931665,41.97314840683348,184.0731484068335,99.37314840683352,3.0,-0.018808310818540563,1.4300000000000033,0.0,2.084989469978815,1.6849894699788024,2.1849894699788592
2023-02-27,4248.009765625,19.96,3.051,4.421,3.622,2.620550133304117,43.04498666958834,180.04498666958835,100.1449866695883,3.0,0.01642171484499598,-1.7100000000000009,0.0,1.0718382627548593,-4.028161737245142,0.771838262754784
2023-02-28,4238.3798828125,19.5,3.119,4.473,3.678,2.7593967440187765,35.96032559812237,171.36032559812233,91.86032559812234,3.0,-0.0022694896993247365,-0.46000000000000085,0.0,-7.084661071465973,-8.684661071466024,-8.284661071465962
2023-03-01,4215.75,20.11,3.202,4.577,3.755,2.743558257999496,45.844174200050425,183.3441742000504,101.1441742000504,3.0,-0.00535358154545518,0.6099999999999994,0.0,9.883848601928058,11.98384860192806,9.283848601928057
2023-03-02,4240.58984375,19.67,3.234,4.621,3.789,2.788514593224295,44.54854067757048,183.24854067757053,100.0485406775705,3.0,0.0058748620922224794,-0.4399999999999977,0.0,-1.295633522479946,-0.0956335224798579,-1.0956335224799005
2023-03-03,4294.7998046875,18.12,3.205,4.538,3.741,2.761844112868192,44.3155887131808,177.6155887131808,97.9155887131808,3.0,0.012702569440956242,-1.5500000000000007,0.0,-0.23295196438967736,-5.632951964389719,-2.1329519643897044
2023-03-06,4313.77978515625,17.87,3.239,4.573,3.768,2.8053553887459097,43.364461125409015,176.76446112540907,96.264461125409,3.0,0.004409557006438727,-0.25,0.0,-0.9511275877717864,-0.8511275877717424,-1.6511275877717964
2023-03-07,4278.9599609375,18.43,3.188,4.521,3.722,2.7393520835294183,44.86479164705819,178.16479164705817,98.26479164705816,3.0,-0.008104519824257637,0.5599999999999987,0.0,1.5003305216491754,1.4003305216490958,2.000330521649161
2023-03-08,4288.4501953125,18.06,3.139,4.42,3.664,2.701317328864796,43.7682671135204,171.8682671135204,96.26826711352044,3.0,0.0022154275524388072,-0.370000000000001,0.0,-1.0965245335377887,-6.296524533537763,-1.9965245335377233
2023-03-09,4286.1201171875,18.02,3.137,4.386,3.64,2.7184848371954806,41.85151628045194,166.75151628045194,92.15151628045194,3.0,-0.0005434857018917107,-0.03999999999999915,0.0,-1.9167508330684626,-5.1167508330684655,-4.116750833068494
2023-03-10,4229.52978515625,21.17,3.014,4.324,3.546,2.525408734620048,48.85912653799518,179.8591265379952,102.05912653799518,3.0,-0.01329109715641517,3.150000000000002,0.0,7.0076102575432415,13.107610257543257,9.90761025754324
2023-03-13,4096.5400390625,25.86,2.83,4.208,3.39,2.297744556190855,53.22554438091451,191.0255443809145,109.22554438091451,3.0,-0.031948100457049565,4.689999999999998,0.0,4.366417842919333,11.166417842919316,7.16641784291933
2023-03-14,4179.47021484375,22.76,2.965,4.278,3.502,2.516178106187451,44.8821893812549,176.1821893812549,98.58218938125488,3.0,0.020041771123163903,-3.099999999999998,0.0,-8.34335499965961,-14.843354999659624,-10.643354999659635
2023-03-15,4034.919921875,32.02,2.686,4.101,3.25,2.251535668614634,43.4464331385366,184.9464331385366,99.8464331385366,3.0,-0.03519803999858466,9.260000000000002,0.0,-1.4357562427183055,8.764243757281719,1.2642437572817187
2023-03-16,4116.97998046875,26.65,2.806,4.169,3.354,2.271130822079904,53.486917792009606,189.78691779200955,108.2869177920096,3.0,0.020133424480475174,-5.3700000000000045,0.0,10.040484653473008,4.8404846534729415,8.440484653473007
2023-03-17,4064.989990234375,30.04,2.674,4.045,3.223,2.1946188355104232,47.93811644895767,185.03811644895768,102.83811644895766,3.0,-0.012708599555879375,3.3900000000000006,0.0,-5.5488013430519345,-4.748801343051866,-5.44880134305194
2023-03-20,4119.419921875,28.43,2.662,3.979,3.189,2.2058997607419206,45.61002392580793,177.31002392580794,98.31002392580794,3.0,0.01330107721761357,-1.6099999999999994,0.0,-2.328092523149742,-7.728092523149741,-4.5280925231497235
2023-03-21,4181.60009765625,24.11,2.809,4.111,3.325,2.332588766703134,47.64112332968659,177.84112332968655,99.2411233296866,3.0,0.014981613982987004,-4.32,0.0,2.031099403878663,0.5310994038786134,0.9310994038786617
2023-03-22,4195.7001953125,22.25,2.851,4.174,3.37,2.4376814186145728,41.33185813854272,173.63185813854275,93.23185813854272,3.5,0.003366266094812719,-1.8599999999999994,0.5,-6.309265191143872,-4.2092651911438,-6.009265191143882
2023-03-23,4207.14013671875,21.57,2.718,4.057,3.24,2.319662673600908,39.83373263990919,173.73373263990922,92.03373263990922,3.5,0.002722876556554681,-0.6799999999999997,0.0,-1.4981254986335273,0.10187450136646703,-1.1981254986335017
2023-03-24,4130.6201171875,24.88,2.66,4.016,3.196,2.204084023237307,45.5915976762693,181.19159767626928,99.19159767626932,3.5,-0.018355569280027142,3.3099999999999987,0.0,5.7578650363601085,7.457865036360062,7.157865036360107
2023-03-27,4164.6201171875,23.06,2.748,4.061,3.264,2.348881150064657,39.91188499353431,171.21188499353428,91.51188499353428,3.5,0.008197517959012236,-1.8200000000000003,0.0,-5.679712682734994,-9.979712682734998,-7.679712682735044
2023-03-28,4168.2099609375,22.09,2.811,4.141,3.33,2.350994641942642,46.00053580573578,179.00053580573578,97.9005358057358,3.5,0.000861614586743852,-0.9699999999999989,0.0,6.088650812201472,7.788650812201496,6.388650812201519
2023-03-29,4231.27001953125,20.4,2.819,4.141,3.336,2.395367387134224,42.36326128657759,174.5632612865776,94.0632612865776,3.5,0.015015511331334754,-1.6900000000000013,0.0,-3.63727451915819,-4.437274519158166,-3.8372745191582
2023-03-30,4285.419921875,19.78,2.89,4.235,3.409,2.4489750263127967,44.102497368720336,178.60249736872035,96.00249736872031,3.5,0.012716356333286967,-0.6199999999999974,0.0,1.739236082142746,4.039236082142736,1.9392360821427133
2023-03-31,4315.0498046875,19.42,2.796,4.098,3.306,2.4053734039225585,39.06265960774413,169.26265960774413,90.06265960774415,3.5,0.006890321338587387,-0.35999999999999943,0.0,-5.039837760976205,-9.339837760976224,-5.939837760976161
2023-04-03,4311.0498046875,19.09,2.751,4.091,3.27,2.387035065269912,36.396493473008775,170.3964934730088,88.29649347300878,3.5,-0.0009274180609633117,-0.33000000000000185,0.0,-2.666166134735356,1.1338338652646769,-1.7661661347353714
2023-04-04,4315.31982421875,19.02,2.772,4.114,3.288,2.4151327410116035,35.68672589883963,169.88672589883964,87.28672589883963,3.5,0.0009899923290302439,-0.07000000000000028,0.0,-0.7097675741691418,-0.5097675741691603,-1.009767574169146
2023-04-05,4298.35986328125,19.93,2.688,4.011,3.209,2.303020825455385,38.49791745446152,170.79791745446153,90.59791745446152,3.5,-0.003937918164962083,0.9100000000000001,0.0,2.811191555621889,0.9111915556218833,3.311191555621889
2023-04-06,4309.4501953125,19.12,2.71,4.034,3.234,2.250727967784352,45.92720322156478,178.32720322156476,98.3272032215648,3.5,0.0025768082920864833,-0.8099999999999987,0.0,7.429285767103259,7.529285767103232,7.729285767103278
2023-04-11,4333.2900390625,18.82,2.825,4.162,3.358,2.384509277962634,44.04907220373664,177.7490722037366,97.34907220373664,3.5,0.005516746672067803,-0.3000000000000007,0.0,-1.8781310178281387,-0.5781310178281558,-0.9781310178281615
2023-04-12,4334.02978515625,18.63,2.885,4.216,3.412,2.435996832578673,44.90031674213269,178.00031674213272,97.60031674213268,3.5,0.0001706977729099648,-0.19000000000000128,0.0,0.8512445383960454,0.25124453839612215,0.2512445383960369
2023-04-13,4363.240234375,17.64,2.888,4.22,3.417,2.4437101043278555,44.42898956721444,177.62898956721443,97.32898956721444,3.5,0.0067171788355555075,-0.9899999999999984,0.0,-0.47132717491825105,-0.37132717491829226,-0.2713271749182411
2023-04-14,4390.75,16.44,2.947,4.291,3.475,2.472042030647635,47.49579693523649,181.8957969352365,100.2957969352365,3.5,0.006285100953302658,-1.1999999999999993,0.0,3.0668073680220544,4.266807368022057,2.96680736802206
2023-04-17,4367.60986328125,17.46,2.967,4.305,3.5,2.5477121132204887,41.92878867795113,175.7287886779511,95.22878867795112,3.5,-0.005284137880471894,1.0199999999999996,0.0,-5.567008257285359,-6.167008257285403,-5.06700825728538
2023-04-18,4393.9501953125,16.9,2.978,4.301,3.497,2.5510986395686084,42.690136043139184,174.9901360431392,94.59013604313915,3.5,0.006012721755371082,-0.5600000000000023,0.0,0.7613473651880511,-0.7386526348118991,-0.6386526348119617
2023-04-19,4393.56982421875,16.93,3.014,4.365,3.543,2.590685961890101,42.33140381098988,177.4314038109899,95.23140381098992,3.5,-8.657074877603485e-05,0.030000000000001137,0.0,-0.3587322321493005,2.441267767850718,0.6412677678507634
2023-04-20,4384.85986328125,17.73,2.954,4.31,3.482,2.573343385096954,38.06566149030464,173.6656614903046,90.86566149030465,3.5,-0.0019844013350386385,0.8000000000000007,0.0,-4.265742320685241,-3.7657423206853196,-4.365742320685271
2023-04-21,4408.58984375,17.08,2.997,4.356,3.526,2.584085999585133,41.2914000414867,177.1914000414867,94.1914000414867,3.5,0.005397207890774616,-0.6500000000000021,0.0,3.2257385511820615,3.5257385511821155,3.325738551182056
2023-04-24,4401.7998046875,17.16,3.07,4.374,3.534,2.586948147094005,48.30518529059948,178.70518529059947,94.70518529059947,3.5,-0.0015413711941861298,0.08000000000000185,0.0,7.013785249112779,1.5137852491127717,0.5137852491127717
2023-04-25,4377.85009765625,17.93,2.941,4.261,3.424,2.505199817529581,43.58001824704188,175.5800182470419,91.88001824704187,3.5,-0.005455745206967837,0.7699999999999996,0.0,-4.7251670435576045,-3.125167043557582,-2.825167043557599
2023-04-26,4347.7099609375,18.78,2.961,4.256,3.437,2.463824134723531,49.71758652764691,179.21758652764694,97.31758652764692,3.5,-0.0069084978825375894,0.8500000000000014,0.0,6.137568280605031,3.637568280605052,5.437568280605049
2023-04-27,4358.0498046875,18.18,3.028,4.353,3.507,2.526644670195402,50.13553298045981,182.63553298045977,98.03553298045982,3.5,0.002375404075068885,-0.6000000000000014,0.0,0.4179464528128989,3.417946452812828,0.717946452812896
2023-04-28,4359.31005859375,17.43,2.892,4.183,3.364,2.4444445430269903,44.75554569730096,173.85554569730095,91.95554569730096,3.5,0.00028913660438355715,-0.75,0.0,-5.379987283158847,-8.779987283158817,-6.079987283158857
2023-05-02,4294.85009765625,20.57,2.86,4.173,3.327,2.448127676744327,41.18723232556727,172.48723232556728,87.88723232556728,3.5,-0.014897148163606684,3.1400000000000006,0.0,-3.5683133717336872,-1.3683133717336773,-4.06831337173368
2023-05-03,4310.18017578125,19.94,2.835,4.125,3.318,2.344989810855426,49.00101891445741,178.0010189144574,97.30101891445742,3.5,0.0035630541337470937,-0.629999999999999,0.0,7.813786588890139,5.513786588890127,9.413786588890133
2023-05-04,4287.02978515625,20.83,2.798,4.116,3.294,2.3586600249053946,43.93399750946054,175.7339975094605,93.53399750946056,3.5,-0.005385571990308053,0.889999999999997,0.0,-5.067021404996872,-2.2670214049969104,-3.7670214049968536
2023-05-05,4340.43017578125,18.28,2.88,4.198,3.378,2.3848229445658986,49.51770554341013,181.31770554341017,99.31770554341016,3.5,0.01237932666681121,-2.549999999999997,0.0,5.583708033949591,5.5837080339496765,5.783708033949594
2023-05-08,4348.64990234375,18.07,2.91,4.24,3.404,2.424054778476,48.59452215240001,181.59452215240003,97.99452215239998,3.5,0.0018919676054309246,-0.21000000000000085,0.0,-0.9231833910101201,0.2768166089898614,-1.3231833910101756
2023-05-09,4323.08984375,18.92,2.942,4.276,3.441,2.424662062081823,51.73379379181773,185.13379379181768,101.6337937918177,3.5,-0.005895041447966539,0.8500000000000014,0.0,3.1392716394177214,3.539271639417649,3.6392716394177143
2023-05-10,4306.759765625,18.67,2.879,4.212,3.379,2.38344518562992,49.55548143700801,182.855481437008,99.555481437008,3.75,-0.0037845613435568215,-0.25,0.25,-2.1783123548097194,-2.2783123548096853,-2.0783123548096967
2023-05-11,4309.75,18.56,2.8,4.111,3.304,2.3055688137903347,49.44311862096651,180.5431186209665,99.84311862096652,3.75,0.0006940709350719233,-0.11000000000000298,0.0,-0.11236281604150378,-2.3123628160414853,0.2876371839585232
2023-05-12,4317.8798828125,17.01,2.853,4.174,3.354,2.343937983270325,50.90620167296751,183.00620167296756,101.0062016729675,3.75,0.0018846161296257288,-1.5499999999999972,0.0,1.4630830520010036,2.4630830520010534,1.1630830520009852
2023-05-15,4316.41015625,17.17,2.885,4.181,3.379,2.4043196166894694,48.068038331053046,177.66803833105308,97.46803833105308,3.75,-0.00034043947331992026,0.16000000000000014,0.0,-2.8381633419144663,-5.3381633419144805,-3.5381633419144265
2023-05-16,4315.509765625,16.88,2.937,4.227,3.42,2.421305039856424,51.56949601435756,180.5694960143576,99.86949601435757,3.75,-0.000208618855692482,-0.2900000000000027,0.0,3.5014576833045155,2.9014576833045282,2.4014576833044856
2023-05-17,4323.22998046875,16.95,2.92,4.187,3.399,2.4280734692060864,49.19265307939136,175.89265307939138,97.09265307939135,3.75,0.0017873479525757575,0.07000000000000028,0.0,-2.3768429349661986,-4.676842934966231,-2.7768429349662114
2023-05-19,4395.2998046875,15.72,3.005,4.262,3.468,2.574757246,43.0242754,168.72427539999995,89.3242754,3.75,0.01653294021042796,-1.2299999999999986,0.0,-6.168377679391362,-7.168377679391426,-7.7683776793913495
2023-05-22,4385.6298828125,16.31,3.037,4.312,3.507,2.5547422271,48.22577728999997,175.72577729,95.22577729,3.75,-0.0022024833652357495,0.5899999999999981,0.0,5.201501889999967,7.001501890000043,5.901501889999992
2023-05-23,4342.3798828125,17.67,3.048,4.327,3.521,2.5572139941,49.07860059,176.97860059,96.37860059,3.75,-0.00991070247842851,1.360000000000003,0.0,0.8528233000000327,1.252823300000017,1.1528233000000085
2023-05-24,4263.740234375,20.93,3.042,4.328,3.528,2.5357380252,50.626197479999966,179.22619748000002,99.22619748,3.75,-0.018275793548859873,3.259999999999998,0.0,1.5475968899999657,2.247596890000011,2.8475968899999913
2023-05-25,4269.64013671875,19.86,3.1,4.387,3.578,2.5851148774,51.48851225999999,180.18851225999995,99.28851225999998,3.75,0.0013827822099268393,-1.0700000000000003,0.0,0.8623147800000268,0.9623147799999288,0.06231477999997992
2023-05-26,4337.5,17.6,3.115,4.389,3.601,2.6225550772,49.24449228000003,176.64449228000004,97.84449228,3.75,0.015768598699006882,-2.259999999999998,0.0,-2.244019979999962,-3.5440199799999164,-1.4440199799999789
2023-05-30,4291.580078125,17.96,2.917,4.16,3.395,2.4603335071,45.66664928999997,169.96664929,93.46664929,3.75,-0.0106431635656988,0.35999999999999943,0.0,-3.5778429900000646,-6.677842990000045,-4.377842989999991
2023-05-31,4218.0400390625,19.98,2.848,4.093,3.338,2.3837639734,46.42360266000001,170.92360266000003,95.42360266000004,3.75,-0.017284407267465152,2.0199999999999996,0.0,0.7569533700000406,0.9569533700000363,1.9569533700000363
2023-06-01,4257.60986328125,17.55,2.828,4.009,3.3,2.3525142584,47.54857416,165.64857416000004,94.74857416,3.75,0.009337363428171151,-2.4299999999999997,0.0,1.1249714999999938,-5.275028499999991,-0.6750285000000389
2023-06-02,4323.52001953125,16.03,2.865,3.985,3.317,2.3991278931,46.587210690000006,158.58721068999998,91.78721069,3.75,0.015361951938914275,-1.5199999999999996,0.0,-0.9613634699999949,-7.06136347000006,-2.961363470000009
2023-06-05,4293.240234375,16.12,2.917,4.047,3.375,2.479590491,43.740950899999966,156.74095089999994,89.54095089999998,3.75,-0.007028142573898672,0.08999999999999986,0.0,-2.8462597900000404,-1.8462597900000333,-2.2462597900000105
2023-06-06,4295.22021484375,15.4,2.919,4.165,3.368,2.4666990139,45.23009861,169.83009861,90.13009861,3.75,0.00046107926223443857,-0.7200000000000006,0.0,1.489147710000033,13.089147710000049,0.5891477100000202
2023-06-07,4291.91015625,15.33,3.001,4.269,3.457,2.4775996926,52.340030739999975,179.14003074,97.94003073999995,3.75,-0.0007709347860454878,-0.07000000000000028,0.0,7.109932129999976,9.309932129999993,7.80993212999995
2023-06-08,4297.68017578125,15.1,2.968,4.2,3.418,2.5008032137,46.71967863000002,169.91967863000005,91.71967863000005,3.75,0.0013434914067148003,-0.23000000000000043,0.0,-5.620352109999956,-9.220352109999936,-6.220352109999908
2023-06-09,4289.7900390625,14.99,2.927,4.119,3.36,2.4973687502,42.96312497999999,162.16312497999996,86.26312497999997,3.75,-0.0018375933171477384,-0.10999999999999943,0.0,-3.756553650000029,-7.756553650000086,-5.456553650000075
2023-06-12,4316.490234375,15.18,2.91,4.06,3.337,2.4729858263,43.701417370000016,158.70141736999997,86.40141737000002,3.75,0.0062048364978238004,0.1899999999999995,0.0,0.7382923900000264,-3.4617076099999906,0.13829239000004634
2023-06-13,4347.5498046875,14.78,2.952,4.073,3.376,2.4993327518,45.26672482000001,157.36672482000006,87.66672482,3.75,0.0071697968214225315,-0.40000000000000036,0.0,1.5653074499999917,-1.3346925499999145,1.2653074499999803
2023-06-14,4375.97998046875,14.23,2.971,4.092,3.406,2.5475095593,42.34904407000002,154.44904407,85.84904407000002,3.75,0.006518067144035117,-0.5499999999999989,0.0,-2.917680749999988,-2.917680750000045,-1.8176807499999796
2023-06-15,4365.1201171875,13.72,3.017,4.125,3.436,2.5361437389,48.08562611,158.88562611,89.98562611,3.75,-0.002484783093078691,-0.5099999999999998,0.0,5.7365820399999805,4.4365820399999905,4.136582039999979
2023-06-16,4394.81982421875,13.07,2.969,4.036,3.381,2.5521340864,41.686591359999966,148.38659135999995,82.88659135999995,3.75,0.006780827500704601,-0.6500000000000004,0.0,-6.399034750000034,-10.49903475000005,-7.099034750000044
2023-06-19,4362.3798828125,14.22,3.032,4.13,3.442,2.589633066,44.23669339999998,154.03669339999996,85.2366934,3.75,-0.007408781545974216,1.1500000000000004,0.0,2.550102040000013,5.650102040000007,2.3501020400000385
2023-06-20,4343.14013671875,14.65,2.927,4.028,3.344,2.506030618,42.0969382,152.19693819999995,83.79693819999999,3.75,-0.004420132829608106,0.4299999999999997,0.0,-2.139755199999982,-1.8397552000000132,-1.4397552000000076
2023-06-21,4322.75,14.4,2.959,4.047,3.37,2.5167563336,44.22436664,153.02436663999995,85.32436664000001,4.0,-0.004705846491319578,-0.25,0.25,2.1274284400000028,0.8274284400000056,1.5274284400000226
2023-06-22,4304.47021484375,14.86,3.017,4.124,3.441,2.5519367845,46.50632154999998,157.20632154999996,88.90632154999997,4.0,-0.0042377062499745904,0.4599999999999991,0.0,2.281954909999982,4.181954910000002,3.581954909999965
2023-06-23,4271.60986328125,15.35,2.879,3.99,3.32,2.4134357814,46.55642186,157.65642186000002,90.65642185999998,4.0,-0.007663294203480511,0.4900000000000002,0.0,0.05010031000001902,0.45010031000006734,1.7501003100000077
2023-06-26,4280.56982421875,15.88,2.833,3.945,3.271,2.4126217121,42.03782879000002,153.23782878999998,85.83782878999999,4.0,0.0020953638822296394,0.5300000000000011,0.0,-4.51859306999998,-4.418593070000043,-4.8185930699999915
2023-06-27,4305.259765625,15.2,2.882,3.993,3.319,2.3751722746,50.68277254,161.78277253999997,94.38277253999998,4.0,0.005751339274900949,-0.6800000000000015,0.0,8.644943749999982,8.544943749999987,8.544943749999987
2023-06-28,4344.75,14.21,2.843,3.971,3.288,2.4030967939,43.99032060999999,156.79032061,88.49032060999997,4.0,0.009130743156269147,-0.9899999999999984,0.0,-6.692451930000011,-4.992451929999959,-5.892451930000007
2023-06-29,4354.68994140625,14.25,2.949,4.099,3.405,2.4574849868,49.15150132,164.15150132000002,94.75150132,4.0,0.002285192104046859,0.03999999999999915,0.0,5.161180710000011,7.3611807100000135,6.261180710000033
2023-06-30,4399.08984375,13.61,2.937,4.075,3.386,2.5070983224,42.99016775999998,156.79016776,87.89016776,4.0,0.010144254067104614,-0.6400000000000006,0.0,-6.161333560000024,-7.36133356000002,-6.861333560000006
2023-07-03,4398.14990234375,13.65,2.978,4.144,3.443,2.4839268966,49.40731034000003,166.00731034000003,95.90731034000002,4.0,-0.00021369007483152959,0.040000000000000924,0.0,6.417142580000053,9.21714258000003,8.017142580000026
2023-07-04,4390.990234375,14.1,3.002,4.206,3.468,2.5098375535,49.216244649999965,169.61624465000003,95.81624465,4.0,-0.001629208191256211,0.4499999999999993,0.0,-0.191065690000066,3.608934309999995,-0.09106569000002196
2023-07-05,4350.7099609375,15.29,3.025,4.169,3.532,2.5176156948,50.73843052,165.13843051999996,101.43843052,4.0,-0.00921572637346465,1.1899999999999995,0.0,1.5221858700000368,-4.47781413000007,5.622185869999996
2023-07-06,4223.08984375,19.23,3.191,4.394,3.704,2.647373604,54.362639599999966,174.66263959999998,105.6626396,4.0,-0.029771990604964674,3.9400000000000013,0.0,3.6242090799999644,9.52420908000002,4.2242090800000085
2023-07-07,4236.60009765625,17.54,3.189,4.36,3.687,2.6907802965,49.82197035000002,166.92197035000004,99.62197035,4.0,0.003194033229496491,-1.6900000000000013,0.0,-4.540669249999944,-7.740669249999939,-6.040669250000008
2023-07-10,4256.509765625,17.5,3.203,4.389,3.697,2.7256122133,47.73877867,166.33877867000004,97.13877867000002,4.0,0.004688436805716503,-0.03999999999999915,0.0,-2.08319168000002,-0.5831916799999988,-2.483191679999976
2023-07-11,4286.56005859375,16.57,3.213,4.423,3.717,2.7318971902,48.11028097999999,169.11028097999997,98.51028098,4.0,0.007035039517138135,-0.9299999999999997,0.0,0.3715023099999897,2.7715023099999314,1.3715023099999826
2023-07-12,4360.4599609375,15.18,3.098,4.27,3.595,2.6826236171,41.53763828999999,158.73763828999995,91.23763829000002,4.0,0.017092987282845713,-1.3900000000000006,0.0,-6.572642690000002,-10.37264269000002,-7.272642689999984
2023-07-13,4391.759765625,15.05,3.017,4.154,3.503,2.5723437997,44.46562002999998,158.16562003,93.06562003,4.0,0.0071524571138781,-0.129999999999999,0.0,2.927981739999993,-0.5720182599999362,1.8279817399999843
2023-07-14,4400.10986328125,14.8,3.032,4.178,3.529,2.5263080146,50.56919854,165.16919854,100.26919853999998,4.0,0.0018995050016382127,-0.25,0.0,6.10357851000002,7.003578509999983,7.203578509999971
2023-07-17,4356.7900390625,15.83,3.007,4.164,3.512,2.5379481465,46.90518535000003,162.60518535,97.40518535000002,4.0,-0.009893952902017871,1.0299999999999994,0.0,-3.66401318999997,-2.564013189999997,-2.8640131899999517
2023-07-18,4369.72998046875,15.51,2.909,4.014,3.388,2.4392947598,46.97052401999997,157.47052402000003,94.87052401999998,4.0,0.002965661194002529,-0.3200000000000003,0.0,0.06533866999993876,-5.134661329999972,-2.5346613300000485
2023-07-19,4362.27978515625,15.97,2.961,4.075,3.441,2.4601343081,50.086569190000006,161.48656919000004,98.08656919,4.0,-0.0017064106248808892,0.46000000000000085,0.0,3.116045170000035,4.016045170000012,3.2160451700000294
2023-07-20,4373.72998046875,15.69,3.014,4.111,3.485,2.5317575206,48.22424794,157.92424794,95.32424794,4.0,0.0026213802814989058,-0.28000000000000114,0.0,-1.862321250000008,-3.5623212500000534,-2.7623212499999994
2023-07-21,4391.41015625,14.94,2.988,4.07,3.465,2.5046864024,48.331359760000005,156.53135976000004,96.03135976,4.0,0.004034208120797341,-0.75,0.0,0.10711182000000719,-1.392888179999943,0.7071118199999944
2023-07-24,4383.02978515625,15.53,2.948,4.028,3.434,2.5058932842,44.21067158,152.21067157999997,92.81067158000002,4.0,-0.0019101785864149145,0.5899999999999999,0.0,-4.120688180000002,-4.320688180000076,-3.220688179999982
2023-07-25,4391.2998046875,15.48,2.956,4.063,3.446,2.4953210537,46.067894629999984,156.76789462999997,95.06789463,4.0,0.0018850493124216905,-0.049999999999998934,0.0,1.8572230499999804,4.557223050000005,2.257223049999979
2023-07-26,4346.14990234375,16.1,3.007,4.103,3.503,2.532469516,47.45304840000002,157.0530484,97.05304840000002,4.0,-0.010334893070345817,0.620000000000001,0.0,1.3851537700000378,0.2851537700000222,1.985153770000025
2023-07-27,4447.43994140625,14.97,3.0,4.076,3.48,2.4930874937,50.69125063,158.29125062999995,98.69125063,4.0,0.023038263301897104,-1.1300000000000008,0.0,3.2382022299999775,1.2382022299999562,1.6382022299999761
2023-07-28,4466.5,15.22,3.032,4.119,3.513,2.5420333973,48.99666027000001,157.69666026999997,97.09666027,4.0,0.00427646759274483,0.25,0.0,-1.6945903599999923,-0.5945903599999838,-1.594590359999998
2023-07-31,4471.31005859375,16.23,3.026,4.104,3.512,2.5434072241,48.25927758999997,156.05927759,96.85927759,4.0,0.001076339511936557,1.0099999999999998,0.0,-0.7373826800000387,-1.6373826799999733,-0.23738267999999607
2023-08-02,4336.5,19.71,3.088,4.197,3.585,2.5697675859,51.82324140999999,162.72324141,101.52324140999995,4.25,-0.0306138725293198,3.4800000000000004,0.25,3.563963820000019,6.663963820000021,4.66396381999995
2023-08-03,4304.6298828125,19.65,3.119,4.253,3.625,2.6633518519,45.56481481000003,158.96481481,96.16481481,4.25,-0.007376410753643586,-0.060000000000002274,0.0,-6.258426599999957,-3.758426600000007,-5.358426599999959
2023-08-04,4332.91015625,18.35,3.089,4.213,3.587,2.663754606,42.52453940000001,154.9245394,92.32453940000002,4.25,0.006548247386015341,-1.2999999999999972,0.0,-3.040275410000021,-4.040275410000021,-3.8402754099999754
2023-08-07,4337.5,18.62,3.129,4.259,3.632,2.6592784724,46.97215276,159.97215276000003,97.27215276,4.25,0.0010587374982324721,0.2699999999999996,0.0,4.447613359999991,5.047613360000042,4.947613359999977
2023-08-08,4288.85009765625,19.54,3.003,4.133,3.506,2.5236080032,47.93919968,160.93919968,98.23919967999996,4.25,-0.01127949076723534,0.9199999999999982,0.0,0.9670469200000014,0.9670469199999729,0.9670469199999587
2023-08-09,4317.330078125,18.98,3.031,4.152,3.53,2.5678933482,46.31066518,158.41066518,96.21066517999996,4.25,0.006618519215326829,-0.5599999999999987,0.0,-1.6285345000000007,-2.5285345000000063,-2.028534499999992
2023-08-10,4384.0400390625,18.08,3.064,4.153,3.549,2.5782225133,48.57774867,157.47774866999995,97.07774867,4.25,0.015333508880772744,-0.9000000000000021,0.0,2.2670834899999974,-0.9329165100000409,0.8670834900000415
2023-08-11,4321.330078125,18.37,3.16,4.263,3.639,2.6884603794,47.15396206000002,157.45396206,95.05396206,4.25,-0.014407439278885591,0.2900000000000027,0.0,-1.4237866099999792,-0.023786609999945085,-2.023786610000002
2023-08-14,4330.22998046875,18.05,3.177,4.287,3.653,2.6924764114,48.45235886000001,159.45235886,96.05235886,4.25,0.002057410553210885,-0.3200000000000003,0.0,1.298396799999992,1.9983967999999948,0.9983967999999948
2023-08-15,4288.56982421875,18.86,3.22,4.36,3.712,2.7492159061,47.07840939000003,161.07840939000005,96.27840939000004,4.25,-0.009667350825793251,0.8099999999999987,0.0,-1.3739494699999781,1.6260505300000432,0.2260505300000375
2023-08-16,4284.27001953125,18.55,3.194,4.358,3.704,2.7263347302,46.76652697999999,163.16652697999996,97.76652698,4.25,-0.0010031226819647928,-0.3099999999999987,0.0,-0.31188241000004524,2.0881175899999107,1.488117589999959
2023-08-17,4227.830078125,20.35,3.246,4.417,3.758,2.7599443482,48.60556518000001,165.70556517999998,99.80556518000002,4.25,-0.013261302826274858,1.8000000000000007,0.0,1.8390382000000258,2.5390382000000216,2.0390382000000216
2023-08-18,4212.9501953125,20.25,3.169,4.324,3.677,2.7153016552,45.36983447999998,160.86983447999995,96.16983447999998,4.25,-0.003525716283182703,-0.10000000000000142,0.0,-3.2357307000000333,-4.835730700000028,-3.635730700000039
2023-08-21,4224.8701171875,19.84,3.249,4.408,3.757,2.7498040078,49.91959922000002,165.81959922000004,100.71959922000002,4.25,0.0028253575835731413,-0.41000000000000014,0.0,4.549764740000043,4.9497647400000915,4.549764740000043
2023-08-22,4260.3701171875,19.13,3.169,4.305,3.675,2.7348478192,43.41521808,157.01521807999995,94.01521807999995,4.25,0.008367519633631085,-0.7100000000000009,0.0,-6.504381140000021,-8.804381140000089,-6.704381140000066
2023-08-23,4266.669921875,18.5,3.046,4.177,3.542,2.5961695834,44.98304165999998,158.08304165999996,94.58304165999998,4.25,0.0014776067204677684,-0.629999999999999,0.0,1.567823579999974,1.0678235800000095,0.5678235800000238
2023-08-24,4232.22021484375,18.9,3.047,4.184,3.543,2.6010297109,44.597028910000034,158.29702891000005,94.19702891000004,4.25,-0.008106916350824585,0.3999999999999986,0.0,-0.3860127499999422,0.21398725000008767,-0.38601274999993507
2023-08-25,4236.25,18.47,3.079,4.23,3.575,2.6219908077,45.70091923000001,160.80091923000003,95.30091923000002,4.25,0.0009517150933247031,-0.4299999999999997,0.0,1.1038903199999766,2.5038903199999822,1.1038903199999766
2023-08-28,4293.68994140625,17.82,3.082,4.226,3.582,2.6346870167,44.73129832999998,159.13129833,94.73129833,4.25,0.013468045506158266,-0.6499999999999986,0.0,-0.9696209000000309,-1.6696209000000408,-0.5696209000000181
2023-08-29,4326.47021484375,16.78,3.031,4.153,3.523,2.6397873111,39.12126889,151.32126888999994,88.32126889,4.25,0.007605527241984533,-1.0399999999999991,0.0,-5.610029439999977,-7.810029440000051,-6.410029440000002
2023-08-30,4315.31005859375,16.56,3.06,4.194,3.556,2.6075873919,45.24126080999999,158.64126080999998,94.84126081,4.25,-0.0025828387441119683,-0.22000000000000242,0.0,6.11999191999999,7.319991920000035,6.519991919999995
2023-08-31,4297.10986328125,16.06,2.981,4.124,3.477,2.5706069449,41.03930550999997,155.33930550999995,90.63930550999996,4.25,-0.004226506039100105,-0.5,0.0,-4.201955300000023,-3.3019553000000315,-4.201955300000037
2023-09-01,4282.64013671875,15.94,3.07,4.239,3.57,2.6278747898,44.21252102,161.11252102,94.21252102,4.25,-0.0033729981132653414,-0.11999999999999922,0.0,3.173215510000027,5.773215510000057,3.57321551000004
2023-09-04,4279.8701171875,16.66,3.105,4.291,3.612,2.6385322093,46.64677906999999,165.24677907000003,97.34677907,4.25,-0.0006470111090656886,0.7200000000000006,0.0,2.4342580499999897,4.134258050000028,3.1342580499999997
2023-09-05,4269.16015625,16.35,3.141,4.346,3.656,2.6680758478,47.29241522000001,167.79241522,98.79241522000002,4.25,-0.0025055395051361545,-0.3099999999999987,0.0,0.6456361500000227,2.5456361499999787,1.445636150000027
2023-09-06,4238.259765625,16.8,3.188,4.41,3.705,2.6783721017,50.96278983000002,173.16278983,102.66278983,4.25,-0.007264370818862283,0.4499999999999993,0.0,3.6703746100000103,5.370374609999999,3.8703746099999705
2023-09-07,4221.02001953125,16.99,3.149,4.355,3.655,2.7128876583,43.61123416999999,164.21123417000004,94.21123416999995,4.25,-0.004075942727755682,0.18999999999999773,0.0,-7.351555660000031,-8.951555659999968,-8.45155566000004
2023-09-08,4237.18994140625,16.19,3.142,4.347,3.644,2.684847041,45.71529590000001,166.21529590000006,95.91529590000005,4.25,0.003823490229915055,-0.7999999999999972,0.0,2.1040617300000193,2.004061730000018,1.7040617300000918
2023-09-11,4254.330078125,16.23,3.175,4.397,3.69,2.6896912526,48.53087474,170.73087474000005,100.03087474,4.25,0.004037006321048285,0.03999999999999915,0.0,2.8155788399999935,4.515578839999989,4.115578839999955
2023-09-12,4242.27001953125,16.52,3.187,4.41,3.701,2.7011827426,48.58172574,170.88172574000004,99.98172574000002,4.25,-0.002838798237940858,0.28999999999999915,0.0,0.050851000000001534,0.15085099999998874,-0.049148999999985676
2023-09-13,4223.47998046875,16.5,3.203,4.465,3.727,2.7131078162,48.98921837999999,175.18921838,101.38921838,4.25,-0.004439079802255564,-0.019999999999999574,0.0,0.40749263999998675,4.307492639999964,1.4074926399999867
2023-09-14,4279.75,14.75,3.127,4.353,3.64,2.6842987583,44.27012416999996,166.87012416999997,95.57012417,4.25,0.01323516853201417,-1.75,0.0,-4.71909421000003,-8.319094210000031,-5.819094210000003
2023-09-15,4295.0498046875,14.73,3.222,4.467,3.742,2.7349477927,48.70522073000001,173.20522072999998,100.70522073,4.25,0.0035685546653854445,-0.019999999999999574,0.0,4.435096560000048,6.335096560000011,5.135096559999994
2023-09-18,4245.8798828125,16.15,3.259,4.522,3.788,2.7881726159,47.08273840999997,173.38273841,99.98273840999995,4.25,-0.011514077950279271,1.4199999999999982,0.0,-1.6224823200000387,0.17751768000002244,-0.7224823200000401
2023-09-19,4242.7001953125,16.35,3.282,4.518,3.799,2.8076747104,47.43252895999999,171.03252895999995,99.13252895999996,4.25,-0.0007491683224881383,0.20000000000000284,0.0,0.3497905500000229,-2.350209450000051,-0.8502094499999941
2023-09-20,4275.97998046875,15.41,3.24,4.453,3.753,2.7657704991,47.42295009000004,168.72295009000004,98.72295009000004,4.5,0.007813406250350053,-0.9400000000000013,0.25,-0.009578869999948836,-2.3095788699999105,-0.409578869999919
2023-09-21,4212.58984375,17.12,3.282,4.547,3.802,2.8225524569,45.94475431,172.44475430999998,97.94475431,4.5,-0.014935687971499812,1.7100000000000009,0.0,-1.4781957800000427,3.721804219999939,-0.778195780000047
2023-09-22,4207.16015625,16.96,3.285,4.59,3.809,2.8196368903,46.53631097000002,177.03631097,98.93631097000002,4.5,-0.0012897504682848786,-0.16000000000000014,0.0,0.5915566600000162,4.591556660000009,0.991556660000029
2023-09-25,4167.3701171875,19.08,3.34,4.652,3.861,2.8669855682,47.30144317999998,178.50144318,99.40144318000002,4.5,-0.009502703360652344,2.1199999999999974,0.0,0.7651322099999618,1.4651322100000073,0.46513220999999305
2023-09-26,4129.18017578125,19.77,3.36,4.73,3.896,2.8708600458,48.91399541999997,185.91399542,102.51399541999996,4.5,-0.009206286900447117,0.6900000000000013,0.0,1.6125522399999923,7.412552239999997,3.1125522399999426
2023-09-27,4131.68017578125,19.51,3.403,4.786,3.94,2.8599938456,54.30061544,192.60061544,108.00061544,4.5,0.0006052638514459499,-0.259999999999998,0.0,5.386620020000031,6.686620020000021,5.486620020000046
2023-09-28,4161.56005859375,18.82,3.507,4.882,4.039,3.0333501699,47.36498301000003,184.86498301,100.56498301,4.5,0.007205871591720677,-0.6900000000000013,0.0,-6.93563242999997,-7.73563243000001,-7.435632429999998
2023-09-29,4174.66015625,17.47,3.415,4.8,3.949,2.8762763259,53.87236740999999,192.37236741,107.27236740999996,4.5,0.0031429372310835127,-1.3500000000000014,0.0,6.507384399999957,7.5073844000000065,6.7073843999999525
2023-10-02,4137.6298828125,18.92,3.483,4.812,4.002,2.9328354324,55.01645676,187.91645676,106.91645675999996,4.5,-0.008909823462295524,1.4500000000000028,0.0,1.1440893500000087,-4.455910650000021,-0.35591064999999844
2023-10-03,4095.590087890625,20.2,3.533,4.932,4.065,2.9641872265,56.88127734999999,196.78127735000004,110.08127735000004,4.5,-0.010212325296117085,1.2799999999999976,0.0,1.8648205899999937,8.86482059000005,3.164820590000076
2023-10-04,4099.85009765625,20.22,3.499,4.889,4.032,2.9925401129,50.64598871000001,189.64598871,103.94598871,4.5,0.0010396049639443733,0.019999999999999574,0.0,-6.235288639999979,-7.135288640000027,-6.1352886400000415
2023-10-05,4099.81005859375,19.66,3.469,4.901,4.007,2.9472925432,52.170745679999975,195.37074568,105.97074567999996,4.5,-9.766029746886448e-06,-0.5599999999999987,0.0,1.524756969999963,5.724756969999987,2.02475696999997
2023-10-06,4144.43017578125,18.65,3.484,4.924,4.015,2.9604325215,52.35674785,196.35674785000003,105.45674784999996,4.5,0.010824661001769173,-1.0100000000000016,0.0,0.18600217000002317,0.9860021700000345,-0.5139978300000081
2023-10-09,4112.56982421875,20.24,3.363,4.836,3.918,2.8738935511,48.91064488999999,196.21064489000003,104.41064489,4.5,-0.007717211985847342,1.5899999999999999,0.0,-3.4461029600000046,-0.14610296000000744,-1.0461029599999563
2023-10-10,4205.22998046875,18.61,3.337,4.73,3.881,2.8643948716,47.26051284000001,186.56051284000003,101.66051283999995,4.5,0.02228088959332742,-1.629999999999999,0.0,-1.650132049999982,-9.650132049999996,-2.7501320500000475
2023-10-11,4200.7998046875,17.77,3.276,4.665,3.813,2.7561586862,51.98413137999998,190.88413138,105.68413138,4.5,-0.0010540472267274732,-0.8399999999999999,0.0,4.723618539999968,4.323618539999984,4.023618540000044
2023-10-12,4198.22998046875,17.16,3.342,4.758,3.896,2.7938537924,54.81462075999999,196.41462076,110.21462075999996,4.5,-0.0006119336077325648,-0.6099999999999994,0.0,2.83048938000001,5.5304893799999775,4.530489379999963
2023-10-13,4136.1201171875,20.18,3.321,4.775,3.882,2.8835732133,43.74267867000001,189.14267867000004,99.84267867,4.5,-0.014904824582051016,3.0199999999999996,0.0,-11.071942089999979,-7.271942089999953,-10.371942089999962
2023-10-16,4149.85986328125,19.92,3.409,4.778,3.912,2.8620178446,54.69821553999999,191.59821554,104.99821554,4.5,0.0033163871308154176,-0.259999999999998,0.0,10.955536869999982,2.4555368699999747,5.155536870000006
2023-10-17,4152.31982421875,19.87,3.503,4.892,4.004,2.9370802435,56.59197565,195.49197565000003,106.69197564999996,4.5,0.0005926060630066426,-0.05000000000000071,0.0,1.8937601100000094,3.8937601100000165,1.6937601099999569
2023-10-18,4105.85986328125,21.64,3.552,4.984,4.054,2.9527097575,59.92902425,203.12902425,110.12902425,4.5,-0.011251983578657289,1.7699999999999996,0.0,3.3370485999999957,7.637048599999957,3.4370486000000398
2023-10-19,4090.330078125,22.3,3.542,4.945,4.033,3.0011097622,54.08902377999998,194.38902378000003,103.18902378000004,4.5,-0.0037895177763860163,0.6600000000000001,0.0,-5.840000470000021,-8.740000469999956,-6.9400004699999585
2023-10-20,4024.679931640625,23.33,3.513,4.923,4.0,2.9495121221,56.34878779000001,197.34878779,105.04878779000002,4.5,-0.01618028287703506,1.0299999999999976,0.0,2.2597640100000334,2.959764009999958,1.859764009999978
2023-10-23,4041.75,21.94,3.482,4.842,3.966,2.9765842729,50.54157271000004,186.54157271,98.94157271000005,4.5,0.004232378880227757,-1.389999999999997,0.0,-5.80721507999997,-10.807215079999992,-6.107215079999975
2023-10-24,4065.3701171875,20.99,3.463,4.847,3.951,2.8932419598,56.97580402,195.37580402000003,105.77580402,4.5,0.005827022094041737,-0.9500000000000028,0.0,6.434231309999959,8.834231310000035,6.83423130999995
2023-10-25,4073.35009765625,20.58,3.517,4.916,4.005,2.9189824464,59.80175536000001,199.70175536000005,108.60175536,4.5,0.0019609921008072293,-0.41000000000000014,0.0,2.8259513400000102,4.325951340000017,2.825951340000003
2023-10-26,4049.39990234375,21.5,3.48,4.85,3.96,2.9033934306,57.66065694,194.66065694,105.66065694,4.5,-0.005897082815376276,0.9200000000000017,0.0,-2.141098420000006,-5.041098420000054,-2.941098420000003
2023-10-27,4014.360107421875,20.79,3.452,4.812,3.929,2.8984970075,55.35029924999999,191.35029925000003,103.05029924999998,4.5,-0.008690738668405851,-0.7100000000000009,0.0,-2.3103576900000107,-3.310357689999961,-2.610357690000015
2023-10-30,4028.320068359375,20.95,3.441,4.74,3.9,2.9012196761,53.97803238999997,183.87803239,99.87803238999996,4.5,0.0034714733526201684,0.16000000000000014,0.0,-1.3722668600000247,-7.4722668600000475,-3.172266860000022
2023-10-31,4061.1201171875,19.71,3.43,4.726,3.886,2.8226726907,60.73273093,190.33273093,106.33273093,4.5,0.008109393932352143,-1.2399999999999984,0.0,6.754698540000035,6.45469854000001,6.454698540000038
2023-11-01,4091.7099609375,18.65,3.383,4.673,3.842,2.8197946048,56.32053951999998,185.32053952,102.22053952,4.5,0.007504139545398624,-1.0600000000000023,0.0,-4.41219141000002,-5.012191409999986,-4.112191409999994
2023-11-02,4169.6201171875,17.73,3.307,4.557,3.759,2.7491134356,55.78865644,180.78865644000004,100.98865644,4.5,0.018861966624124482,-0.9199999999999982,0.0,-0.5318830799999859,-4.531883079999972,-1.231883080000003
2023-11-03,4174.669921875,16.84,3.233,4.447,3.68,2.7005766639,53.24233360999999,174.64233360999998,97.94233361,4.5,0.0012103618834789628,-0.8900000000000006,0.0,-2.5463228300000083,-6.146322830000059,-3.046322829999994
2023-11-06,4158.64013671875,16.83,3.335,4.584,3.796,2.7691646463,56.58353536999998,181.48353536999997,102.68353536999996,4.5,-0.0038471639275386993,-0.010000000000001563,0.0,3.34120175999999,6.84120175999999,4.741201759999953
2023-11-07,4153.3701171875,16.68,3.257,4.493,3.722,2.7184321682,53.85678318,177.45678318000003,100.35678317999998,4.5,-0.0012680495034120072,-0.14999999999999858,0.0,-2.726752189999978,-4.0267521899999394,-2.3267521899999792
2023-11-08,4178.490234375,16.05,3.205,4.478,3.663,2.6835389676,52.14610324,179.44610323999996,97.94610323999996,4.5,0.006029912226353102,-0.629999999999999,0.0,-1.7106799399999986,1.9893200599999261,-2.4106799400000227
2023-11-09,4229.2001953125,15.77,3.233,4.513,3.698,2.7002831579,53.27168421000002,181.27168421,99.77168421,4.5,0.012062902714112924,-0.28000000000000114,0.0,1.1255809700000157,1.8255809700000327,1.825580970000047
2023-11-10,4197.35986328125,16.04,3.3,4.578,3.77,2.7551960877,54.48039123,182.28039123000005,101.48039123,4.5,-0.007557172403784962,0.2699999999999996,0.0,1.2087070199999843,1.0087070200000596,1.7087070199999914
2023-11-13,4232.18994140625,15.87,3.289,4.56,3.766,2.7881690124,50.08309876000001,177.18309875999995,97.78309876,4.5,0.0082638520793144,-0.16999999999999993,0.0,-4.397292469999989,-5.097292470000099,-3.6972924699999936
2023-11-14,4291.72021484375,15.03,3.154,4.411,3.632,2.6848069955,46.91930045000001,172.61930044999997,94.71930045000003,4.5,0.013968059315330884,-0.8399999999999999,0.0,-3.163798310000004,-4.5637983099999815,-3.0637983099999673
2023-11-15,4315.52978515625,14.81,3.21,4.451,3.671,2.6871053051,52.289469490000016,176.38946948999998,98.38946949,4.5,0.005532459506337228,-0.21999999999999886,0.0,5.3701690400000075,3.770169040000013,3.670169039999962
2023-11-16,4302.4501953125,14.68,3.147,4.348,3.586,2.6349265771,51.20734228999999,171.30734229,95.10734229,4.5,-0.0030354212741498274,-0.13000000000000078,0.0,-1.0821272000000235,-5.082127199999974,-3.282127199999991
2023-11-17,4340.77001953125,13.85,3.159,4.366,3.601,2.6413046564,51.76953435999998,172.46953435999995,95.96953436,4.5,0.008867082948506477,-0.8300000000000001,0.0,0.5621920699999876,1.1621920699999464,0.8621920699999919
2023-11-20,4342.41015625,14.01,3.178,4.359,3.609,2.6603005277,51.76994722999999,169.86994723,94.86994723,4.5,0.00037777328238106534,0.16000000000000014,0.0,0.0004128700000123331,-2.5995871299999465,-1.0995871300000033
2023-11-21,4331.89990234375,14.06,3.126,4.321,3.56,2.624200413,50.17995869999999,169.67995869999996,93.5799587,4.5,-0.0024233072091353713,0.05000000000000071,0.0,-1.5899885299999994,-0.18998853000005056,-1.289988529999988
2023-11-22,4352.02001953125,13.48,3.126,4.312,3.551,2.5855317528,54.046824719999975,172.64682472,96.54682472,4.5,0.004633887316240414,-0.5800000000000001,0.0,3.866866019999982,2.9668660200000545,2.9668660199999977
2023-11-23,4361.31982421875,13.64,3.184,4.394,3.62,2.6657392323,51.826076770000014,172.82607677,95.42607677,4.5,0.0021346139105186492,0.16000000000000014,0.0,-2.2207479499999607,0.1792520499999739,-1.120747950000009
2023-11-24,4372.10009765625,13.4,3.201,4.402,3.639,2.6869213104,51.40786896000002,171.50786896000002,95.20786896,4.5,0.002468741686334216,-0.2400000000000002,0.0,-0.4182078099999913,-1.3182078099999615,-0.21820780999999556
2023-11-27,4354.41015625,14.03,3.113,4.299,3.547,2.6289134686,48.40865314,167.00865314000004,91.80865314000002,4.5,-0.004054304670000642,0.629999999999999,0.0,-2.9992158200000247,-4.499215819999989,-3.3992158199999807
2023-11-28,4348.02001953125,14.17,3.063,4.261,3.502,2.5892364669,47.376353310000006,167.17635331,91.27635330999996,4.5,-0.0014685869896494917,0.14000000000000057,0.0,-1.0322998299999924,0.16770016999996074,-0.5322998300000563
2023-11-29,4370.52978515625,14.2,2.992,4.172,3.428,2.4830794967,50.89205033000002,168.89205033,94.49205033,4.5,0.005163660504280135,0.02999999999999936,0.0,3.5156970200000117,1.7156970199999932,3.215697020000036
2023-11-30,4382.47021484375,13.81,3.027,4.236,3.475,2.5285020009,49.84979991,170.74979990999998,94.64979991,4.5,0.0027283073447294244,-0.3899999999999988,0.0,-1.0422504200000162,1.8577495799999895,0.15774958000000083
2023-12-01,4418.509765625,13.5,2.929,4.103,3.361,2.4797884548,44.92115451999999,162.32115451999996,88.12115452000002,4.5,0.008189940735569367,-0.3100000000000005,0.0,-4.928645390000014,-8.428645390000014,-6.52864538999998
2023-12-04,4414.9501953125,14.12,2.923,4.119,3.365,2.3892714774,53.372852260000016,172.97285226,97.57285226000003,4.5,-0.0008059289385832685,0.6199999999999992,0.0,8.451697740000029,10.651697740000031,9.451697740000014
2023-12-05,4452.77001953125,14.0,2.8,3.994,3.254,2.3269332366,47.30667633999999,166.70667634000003,92.70667634,4.5,0.008529825616921389,-0.11999999999999922,0.0,-6.066175920000028,-6.2661759199999665,-4.866175920000032
2023-12-06,4483.259765625,14.08,2.746,3.951,3.205,2.2782674646,46.77325354000001,167.27325354,92.67325354000002,4.5,0.006824029271536142,0.08000000000000007,0.0,-0.5334227999999754,0.5665771999999833,-0.033422799999982544
2023-12-07,4473.77001953125,14.21,2.728,3.946,3.195,2.2353317021,49.26682979000003,171.06682979000004,95.96682979,4.5,-0.0021189501145085494,0.13000000000000078,0.0,2.493576250000018,3.7935762500000294,3.2935762499999868
2023-12-08,4523.31005859375,13.7,2.827,4.068,3.298,2.3534261872,47.35738127999998,171.45738127999994,94.45738128,4.5,0.011012581705042667,-0.5100000000000016,0.0,-1.909448510000054,0.3905514899998934,-1.5094485099999986
2023-12-11,4540.18994140625,13.71,2.823,4.068,3.3,2.3371734995,48.58265005,173.08265004999996,96.28265005,4.5,0.0037248088108867623,0.010000000000001563,0.0,1.2252687700000209,1.6252687700000195,1.8252687699999939
2023-12-12,4536.60986328125,13.2,2.771,4.005,3.241,2.3068463462,46.41536538,169.81536538,93.41536538,4.5,-0.0007888415273407976,-0.5100000000000016,0.0,-2.167284670000001,-3.2672846699999525,-2.8672846700000036
2023-12-13,4530.18994140625,13.5,2.714,3.94,3.177,2.2525470525,46.14529474999998,168.74529474999997,92.44529475,4.5,-0.0014161386787393123,0.3000000000000007,0.0,-0.27007063000002063,-1.070070630000032,-0.970070629999995
2023-12-14,4539.16015625,12.45,2.64,3.789,3.078,2.2116980315,42.83019685,157.73019685,86.63019684999998,4.5,0.001978139044633524,-1.0500000000000007,0.0,-3.3150978999999765,-11.015097899999972,-5.815097900000026
2023-12-15,4549.43994140625,12.12,2.549,3.727,2.999,2.1147842384,43.42157616,161.22157615999998,88.42157616000001,4.5,0.0022621282550575788,-0.33000000000000007,0.0,0.5913793100000007,3.491379309999985,1.791379310000039
2023-12-18,4521.1298828125,12.91,2.608,3.773,3.058,2.1553213039,45.26786961,161.76786961,90.26786960999998,4.5,-0.0062421989064748076,0.7900000000000009,0.0,1.8462934499999974,0.5462934500000074,1.846293449999962
2023-12-19,4535.39990234375,12.83,2.522,3.642,2.958,2.0913589612,43.06410387999997,155.06410387999998,86.66410388000001,4.5,0.0031513243326562104,-0.08000000000000007,0.0,-2.203765730000029,-6.703765730000015,-3.6037657299999637
2023-12-20,4533.81982421875,12.74,2.479,3.605,2.918,2.0466529474,43.23470526,155.83470526,87.13470526,4.5,-0.0003484485300007908,-0.08999999999999986,0.0,0.17060138000002922,0.7706013800000164,0.47060137999999085
2023-12-21,4524.85986328125,13.59,2.466,3.586,2.895,2.0472863063,41.87136937,153.87136936999997,84.77136936999999,4.5,-0.00197820525032551,0.8499999999999996,0.0,-1.3633358900000019,-1.9633358900000246,-2.363335890000016
2023-12-22,4521.47021484375,13.56,2.476,3.549,2.895,2.0192952065,45.670479350000015,152.97047935,87.57047935000001,4.5,-0.0007493975052559615,-0.02999999999999936,0.0,3.7991099800000185,-0.900890019999963,2.7991099800000256
2023-12-27,4528.3798828125,13.43,2.409,3.484,2.827,1.9876091225,42.13908774999997,149.63908775,83.93908774999998,4.5,0.0015270240361670508,-0.13000000000000078,0.0,-3.531391600000042,-3.3313916000000177,-3.631391600000029
2023-12-28,4514.3798828125,13.52,2.475,3.601,2.904,2.0028420209,47.21579790999999,159.81579791,90.11579790999996,4.5,-0.0030964023259527737,0.08999999999999986,0.0,5.076710160000019,10.176710159999999,6.1767101599999705
2023-12-29,4521.64990234375,13.57,2.558,3.699,2.991,2.0808856999,47.71143000999998,161.81143000999998,91.01143001,4.5,0.00160911844532826,0.05000000000000071,0.0,0.4956320999999875,1.9956320999999946,0.8956321000000429
2024-01-03,4448.1298828125,15.49,2.557,3.7,2.999,2.1214189676,43.55810324,157.85810324000002,87.75810324000003,4.5,-0.016393193087449243,1.92,0.0,-4.153326769999978,-3.9533267699999612,-3.2533267699999726
2024-01-04,4474.009765625,14.31,2.653,3.8,3.103,2.2072419203,44.57580797,159.27580797,89.57580797000003,4.5,0.005801289021334965,-1.1799999999999997,0.0,1.0177047299999984,1.4177047299999685,1.8177047300000027
2024-01-05,4463.509765625,14.12,2.68,3.829,3.132,2.2469256583,43.30743417000002,158.20743417000003,88.50743417000002,4.5,-0.002349646295936879,-0.19000000000000128,0.0,-1.2683737999999778,-1.0683737999999607,-1.0683738000000034
2024-01-08,4485.47998046875,14.0,2.662,3.813,3.112,2.2307313873,43.12686126999999,158.22686127,88.12686127,4.5,0.004910109321252067,-0.11999999999999922,0.0,-0.1805729000000298,0.019427099999973052,-0.3805729000000184
2024-01-09,4467.169921875,13.7,2.724,3.855,3.163,2.2570451998,46.69548002000003,159.79548002,90.59548002,4.5,-0.004090427822641345,-0.3000000000000007,0.0,3.5686187500000415,1.568618750000013,2.4686187499999903
2024-01-10,4468.97998046875,13.39,2.748,3.851,3.18,2.2732383195,47.476168050000034,157.77616805000002,90.67616805000004,4.5,0.000405109278220667,-0.3099999999999987,0.0,0.7806880300000003,-2.0193119699999897,0.0806880300000472
2024-01-11,4442.27978515625,13.92,2.743,3.817,3.162,2.2583578869,48.46421131,155.86421131000003,90.36421131,4.5,-0.005992480505480919,0.5299999999999994,0.0,0.9880432599999693,-1.9119567399999937,-0.31195674000004203
2024-01-12,4480.02001953125,13.42,2.678,3.732,3.091,2.226207696,45.1792304,150.57923040000003,86.47923040000003,4.5,0.008459805270973134,-0.5,0.0,-3.2849809100000016,-5.284980910000002,-3.8849809099999675
2024-01-15,4454.68017578125,14.11,2.735,3.813,3.155,2.2810119759,45.39880241,153.19880241000004,87.39880241,4.5,-0.005672246664618736,0.6899999999999995,0.0,0.21957201000000026,2.619572010000013,0.9195720099999676
2024-01-16,4446.509765625,14.15,2.75,3.83,3.173,2.2599486199,49.00513801000002,157.00513801000002,91.30513801000002,4.5,-0.0018358022926535354,0.040000000000000924,0.0,3.6063356000000155,3.806335599999983,3.90633560000002
2024-01-17,4403.080078125,15.08,2.816,3.919,3.249,2.3394291535,47.65708465,157.95708465,90.95708465000004,4.5,-0.009815152323255154,0.9299999999999997,0.0,-1.3480533600000157,0.9519466399999885,-0.3480533599999802
2024-01-18,4453.0498046875,14.51,2.847,3.927,3.27,2.363052963,48.39470370000001,156.3947037,90.69470370000002,4.5,0.011284897019746705,-0.5700000000000003,0.0,0.7376190500000064,-1.562380950000005,-0.26238095000002204
2024-01-19,4448.830078125,14.17,2.831,3.88,3.245,2.3846269956,44.63730043999998,149.53730043999997,86.03730044,4.5,-0.0009480529807431615,-0.33999999999999986,0.0,-3.757403260000025,-6.857403260000041,-4.657403260000024
2024-01-22,4480.31982421875,13.85,2.788,3.846,3.206,2.3354762926,45.25237073999997,151.05237074,87.05237073999999,4.5,0.007053275392585128,-0.3200000000000003,0.0,0.6150702999999851,1.5150703000000192,1.0150702999999908
2024-01-23,4465.91015625,13.58,2.846,3.921,3.27,2.3886325322,45.73674678000002,153.23674677999998,88.13674678000001,4.5,-0.003221397272694274,-0.2699999999999996,0.0,0.4843760400000505,2.1843760399999894,1.0843760400000235
2024-01-24,4564.10986328125,13.46,2.842,3.907,3.267,2.3845432402,45.74567597999999,152.24567598,88.24567597999997,4.5,0.021750467478766782,-0.11999999999999922,0.0,0.008929199999968773,-0.9910707999999886,0.10892919999996309
2024-01-25,4582.259765625,13.58,2.783,3.832,3.203,2.3687528773,41.42471227,146.32471227,83.42471226999999,4.5,0.003968771633690823,0.11999999999999922,0.0,-4.320963709999987,-5.920963709999995,-4.820963709999987
2024-01-26,4635.47021484375,13.61,2.785,3.825,3.201,2.3883232291,39.66767709000001,143.66767709,81.26767709,4.5,0.011545367544870408,0.02999999999999936,0.0,-1.7570351799999884,-2.65703517999998,-2.15703517999998
2024-01-29,4639.35986328125,14.06,2.72,3.739,3.132,2.3251514995,39.48485005000002,141.38485004999998,80.68485005000001,4.5,0.0008387536230356246,0.45000000000000107,0.0,-0.18282703999999228,-2.2828270400000292,-0.582827039999998
2024-01-30,4662.7001953125,14.11,2.76,3.804,3.178,2.3328476651,42.71523348999997,147.11523348999998,84.51523348999999,4.5,0.005018325159584585,0.049999999999998934,0.0,3.2303834399999474,5.730383439999997,3.830383439999977
2024-01-31,4648.39990234375,14.82,2.661,3.727,3.089,2.26580157,39.51984300000002,146.119843,82.31984300000002,4.5,-0.003071668022584227,0.7100000000000009,0.0,-3.1953904899999444,-0.995390489999977,-2.1953904899999657
2024-02-01,4638.60009765625,14.81,2.646,3.717,3.077,2.2542621453,39.17378547000001,146.27378547000004,82.27378547000002,4.5,-0.0021104357327039183,-0.009999999999999787,0.0,-0.34605753000001016,0.15394247000003247,-0.04605752999999879
2024-02-02,4654.5498046875,14.04,2.74,3.816,3.168,2.2752204759,46.47795241000004,154.07795241,89.27795241000003,4.5,0.003432576222180415,-0.7700000000000014,0.0,7.30416694000003,7.804166939999959,7.004166940000005
2024-02-05,4655.27001953125,14.16,2.82,3.889,3.236,2.380938321,43.90616789999999,150.8061679,85.50616790000004,4.5,0.00015472154322751549,0.120000000000001,0.0,-2.5717845100000503,-3.2717845100000034,-3.771784509999989
2024-02-06,4690.8701171875,13.61,2.805,3.862,3.217,2.3871789716,41.782102840000015,147.48210284,82.98210284000001,4.5,0.00761817591241759,-0.5500000000000007,0.0,-2.124065059999978,-3.324065059999981,-2.5240650600000265
2024-02-07,4678.85009765625,13.64,2.827,3.894,3.243,2.3747592768,45.224072320000005,151.92407232000002,86.82407232,4.5,-0.0025657171931546038,0.030000000000001137,0.0,3.4419694799999903,4.441969480000012,3.841969479999989
2024-02-08,4710.77978515625,13.76,2.865,3.934,3.282,2.4271401791,43.78598209000004,150.68598209000004,85.48598209000002,4.5,0.0068010796960495485,0.11999999999999922,0.0,-1.4380902299999647,-1.2380902299999832,-1.3380902299999775
2024-02-09,4715.8701171875,13.99,2.895,3.972,3.371,2.461190883,43.3809117,151.0809117,90.9809117,4.5,0.0010799876050881833,0.23000000000000043,0.0,-0.4050703900000414,0.39492960999996285,5.494929609999971
2024-02-12,4746.35009765625,14.36,2.864,3.912,3.323,2.4517828411,41.221715889999984,146.02171589,87.12171588999999,4.5,0.006442480771037912,0.3699999999999992,0.0,-2.159195810000014,-5.059195810000006,-3.859195810000003
2024-02-13,4689.27978515625,15.03,2.89,3.943,3.339,2.4619773052,42.80226948000001,148.10226948000002,87.70226948,4.5,-0.012096915448680433,0.6699999999999999,0.0,1.5805535900000223,2.0805535900000223,0.5805535900000081
2024-02-14,4709.22021484375,14.44,2.828,3.86,3.267,2.445205132,38.2794868,141.4794868,82.1794868,4.5,0.004243328107214779,-0.5899999999999999,0.0,-4.522782680000006,-6.622782680000029,-5.522782679999992
2024-02-15,4743.169921875,14.32,2.841,3.858,3.272,2.3870546854,45.39453146000003,147.09453146,88.49453145999999,4.5,0.0071833372352941875,-0.11999999999999922,0.0,7.115044660000031,5.615044660000024,6.315044659999984
2024-02-16,4765.64990234375,13.79,2.874,3.88,3.296,2.4712489514,40.27510486000004,140.87510486000002,82.47510486,4.5,0.0047282465679437235,-0.5300000000000011,0.0,-5.11942659999999,-6.219426599999991,-6.0194265999999885
2024-02-19,4763.06982421875,14.08,2.886,3.906,3.317,2.471856408,41.41435920000003,143.41435920000004,84.51435920000003,4.5,-0.0005415372184494186,0.2900000000000009,0.0,1.1392543399999866,2.5392543400000136,2.039254340000028
2024-02-20,4760.27978515625,14.2,2.849,3.865,3.281,2.4409811023,40.80188977000003,142.40188977000005,84.00188977000002,4.5,-0.0005859365153573021,0.11999999999999922,0.0,-0.6124694299999973,-1.0124694299999817,-0.5124694300000101
2024-02-21,4775.31005859375,14.55,2.928,3.952,3.363,2.4744667685,45.35332314999998,147.75332314999997,88.85332314999998,4.5,0.003152460651384006,0.3500000000000014,0.0,4.551433379999949,5.351433379999918,4.8514333799999605
2024-02-22,4855.35986328125,13.81,2.908,3.915,3.339,2.4798051672,42.81948328,143.51948328,85.91948328000001,4.5,0.016624315634924388,-0.7400000000000002,0.0,-2.53383986999998,-4.233839869999969,-2.9338398699999715
2024-02-23,4872.56982421875,13.7,2.825,3.808,3.251,2.4384341998,38.65658002000001,136.95658001999996,81.25658001999997,4.5,0.0035382613659971614,-0.11000000000000121,0.0,-4.162903259999993,-6.562903260000041,-4.662903260000036
2024-02-26,4864.2900390625,13.44,2.906,3.895,3.329,2.467280003,43.87199970000002,142.7719997,86.17199970000003,4.5,-0.0017007099348709204,-0.2599999999999998,0.0,5.215419680000011,5.815419680000048,4.915419680000056
2024-02-27,4885.740234375,13.36,2.94,3.907,3.355,2.4929769097,44.70230903000001,141.40230903000003,86.20230903000001,4.5,0.004400033500976596,-0.08000000000000007,0.0,0.8303093299999915,-1.369690669999983,0.03030932999998015
2024-02-28,4883.77001953125,13.86,2.932,3.894,3.345,2.5167377375,41.52622624999998,137.72622625,82.82622625,4.5,-0.0004033395368354546,0.5,0.0,-3.17608278000003,-3.67608278000003,-3.3760827800000044
2024-02-29,4877.77001953125,13.78,2.88,3.84,3.281,2.4801097363,39.98902636999997,135.98902636999998,80.08902637,4.5,-0.0012293143769522145,-0.08000000000000007,0.0,-1.53719988000001,-1.73719988000002,-2.7371998800000057
2024-03-01,4894.85986328125,13.78,2.909,3.896,3.315,2.5034683242,40.55316757999998,139.25316758,81.15316758,4.5,0.0034974948147723146,0.0,0.0,0.5641412100000096,3.2641412100000196,1.0641412100000025
2024-03-04,4912.919921875,13.75,2.873,3.823,3.272,2.4336236988,43.93763012000002,138.93763012,83.83763011999999,4.5,0.003682806792534105,-0.02999999999999936,0.0,3.384462540000044,-0.3155374600000016,2.684462539999984
2024-03-05,4893.06982421875,14.69,2.791,3.711,3.178,2.3635148956,42.74851044000001,134.74851044,81.44851044,4.5,-0.004048571390279908,0.9399999999999995,0.0,-1.1891196800000117,-4.189119680000005,-2.389119679999979
2024-03-06,4915.490234375,14.16,2.786,3.661,3.159,2.3597086823,42.62913177000001,130.12913177,79.92913176999998,4.5,0.004571608690867364,-0.5299999999999994,0.0,-0.11937867000000324,-4.619378670000003,-1.5193786700000231
2024-03-07,4974.22021484375,13.9,2.744,3.612,3.109,2.3402473323,40.37526677000001,127.17526677,76.87526676999998,4.5,0.011877126467884283,-0.2599999999999998,0.0,-2.2538649999999976,-2.9538649999999933,-3.053865000000002
2024-03-08,4961.10986328125,13.72,2.72,3.581,3.081,2.3031809889,41.68190111000003,127.78190111,77.78190111,4.5,-0.0026391391265181315,-0.17999999999999972,0.0,1.3066343400000164,0.6066343400000136,0.906634340000025
2024-03-11,4930.419921875,14.73,2.758,3.628,3.127,2.3591203019,39.88796981,126.88796981000002,76.78796980999998,4.5,-0.0062053171858311214,1.0099999999999998,0.0,-1.7939313000000254,-0.8939312999999913,-0.9939313000000283
2024-03-12,4983.2001953125,13.68,2.776,3.609,3.137,2.3776217828,39.83782171999999,123.13782172,75.93782172000002,4.5,0.010648132873820892,-1.0500000000000007,0.0,-0.05014809000001463,-3.7501480900000104,-0.850148089999962
2024-03-13,5000.5498046875,13.14,2.799,3.593,3.154,2.4038314531,39.51685468999999,118.91685469,75.01685468999999,4.5,0.003475573174349251,-0.5399999999999991,0.0,-0.3209670299999985,-4.220967030000011,-0.9209670300000283
2024-03-14,4993.1201171875,13.32,2.868,3.69,3.225,2.4862550511,38.17449488999998,120.37449488999998,73.87449489,4.5,-0.0014868789797707691,0.17999999999999972,0.0,-1.3423598000000112,1.457640199999986,-1.1423597999999942
2024-03-15,4986.02001953125,13.31,2.876,3.695,3.238,2.4946028896,38.13971104,120.03971104,74.33971104000001,4.5,-0.0014229881045971433,-0.009999999999999787,0.0,-0.0347838499999753,-0.33478384999997957,0.4652161500000176
2024-03-18,4982.759765625,13.44,2.889,3.683,3.241,2.5102098433,37.87901566999996,117.27901566999996,73.07901566999999,4.5,-0.0006540928965735204,0.129999999999999,0.0,-0.26069537000004317,-2.760695370000036,-1.2606953700000219
2024-03-19,5007.919921875,13.12,2.892,3.716,3.258,2.4846293611,40.73706388999998,123.13706389,77.33706389,4.5,0.0050367362836225785,-0.3200000000000003,0.0,2.858048220000022,5.858048220000029,4.258048220000006
2024-03-20,5000.31005859375,12.96,2.876,3.717,3.249,2.4862311056,38.97688944,123.07688944000002,76.27688944000002,4.5,-0.0015207213988176274,-0.15999999999999837,0.0,-1.7601744499999796,-0.06017444999997679,-1.0601744499999768
2024-03-21,5052.31005859375,12.18,2.843,3.676,3.205,2.4697606676,37.32393323999999,120.62393324,73.52393323999999,4.5,0.010345653809794922,-0.7800000000000011,0.0,-1.6529562000000126,-2.452956200000017,-2.7529562000000283
2024-03-22,5031.14990234375,12.42,2.796,3.639,3.155,2.37785216,41.81478399999996,126.11478399999996,77.71478399999995,4.5,-0.004197009239508946,0.2400000000000002,0.0,4.490850759999972,5.490850759999958,4.190850759999961
2024-03-25,5044.18994140625,12.49,2.85,3.695,3.208,2.4260237468,42.39762532000002,126.89762532,78.19762532000003,4.5,0.002588507493706118,0.07000000000000028,0.0,0.5828413200000568,0.7828413200000455,0.48284132000007673
2024-03-26,5064.18017578125,12.45,2.836,3.657,3.181,2.4049985204,43.10014795999999,125.20014796,77.60014796000002,4.5,0.0039551896503698366,-0.040000000000000924,0.0,0.7025226399999696,-1.6974773600000077,-0.5974773600000134
2024-03-27,5081.740234375,12.86,2.786,3.614,3.129,2.3510584666,43.49415334,126.29415333999998,77.79415334,4.5,0.003461504805401406,0.41000000000000014,0.0,0.39400538000001006,1.0940053799999845,0.1940053799999788
2024-03-28,5083.419921875,13.38,2.803,3.677,3.153,2.359935488,44.306451199999984,131.7064512,79.3064512,4.5,0.0003304793017460749,0.5200000000000014,0.0,0.8122978599999868,5.412297860000024,1.5122978600000039
2024-04-02,5042.0,15.18,2.924,3.808,3.263,2.4863921225,43.760787750000006,132.16078775,77.66078775,4.5,-0.00818141928598455,1.799999999999999,0.0,-0.545663449999978,0.4543365499999936,-1.6456634500000007
2024-04-03,5069.25,14.25,2.915,3.833,3.266,2.48413956,43.086044,134.88604400000003,78.186044,4.5,0.00539004890070817,-0.9299999999999997,0.0,-0.6747437500000046,2.7252562500000295,0.5252562499999982
2024-04-04,5070.759765625,13.69,2.868,3.715,3.193,2.4113003171,45.66996829000001,130.36996829,78.16996829000003,4.5,0.00029778386235384575,-0.5600000000000005,0.0,2.583924290000006,-4.516075710000024,-0.016075709999967103
2024-04-05,5014.75,16.12,2.912,3.786,3.237,2.4361684019,47.58315981000001,134.98315981000002,80.08315981000003,4.5,-0.011107091806120012,2.4300000000000015,0.0,1.9131915200000051,4.613191520000015,1.913191519999998
2024-04-08,5046.0498046875,15.52,2.927,3.799,3.254,2.4923312998,43.46687002,130.66687002,76.16687002,4.5,0.006222150579769654,-0.6000000000000014,0.0,-4.11628979000001,-4.316289790000013,-3.9162897900000218
2024-04-09,4990.89990234375,16.3,2.858,3.717,3.181,2.4321874511,42.58125489000002,128.48125489000003,74.88125489000001,4.5,-0.010989485647470758,0.7800000000000011,0.0,-0.8856151299999837,-2.1856151299999738,-1.2856151299999965
2024-04-10,5000.830078125,15.91,2.922,3.772,3.24,2.483955421,43.8044579,128.80445789999996,75.60445790000001,4.5,0.001987679625062617,-0.39000000000000057,0.0,1.2232030099999847,0.32320300999992924,0.723203010000006
2024-04-11,4966.68017578125,16.7,2.938,3.849,3.286,2.5216754851,41.63245149000004,132.73245149000005,76.43245149000002,4.5,-0.006852270044470401,0.7899999999999991,0.0,-2.172006409999966,3.927993590000085,0.8279935900000055
2024-04-12,4955.009765625,18.79,2.866,3.743,3.188,2.4069398686,45.90601314000003,133.60601314000002,78.10601314000003,4.5,-0.0023525055927869996,2.09,0.0,4.273561649999991,0.8735616499999708,1.6735616500000106
2024-04-15,4984.47998046875,18.52,2.961,3.848,3.282,2.5043256274,45.66743725999998,134.36743725999995,77.76743726,4.5,0.005929942472825358,-0.2699999999999996,0.0,-0.2385758800000488,0.7614241199999299,-0.338575880000036
2024-04-16,4916.990234375,19.63,3.007,3.916,3.332,2.565459395,44.154060500000014,135.0540605,76.65406049999999,4.5,-0.01363247878193255,1.1099999999999994,0.0,-1.5133767599999643,0.6866232400000456,-1.1133767600000084
2024-04-17,4914.1298828125,18.47,2.987,3.886,3.307,2.54460631,44.239369000000025,134.13936900000004,76.23936900000001,4.5,-0.0005818974052021003,-1.1600000000000001,0.0,0.08530850000001067,-0.9146914999999467,-0.4146914999999751
2024-04-18,4936.56982421875,17.52,3.006,3.895,3.315,2.5551833059,45.08166940999998,133.98166941,75.98166941,4.5,0.004556017519498913,-0.9499999999999993,0.0,0.8423004099999574,-0.15769959000004974,-0.25769959000001563
2024-04-19,4918.08984375,18.19,3.008,3.897,3.307,2.5772617894,43.07382105999999,131.97382105999998,72.97382105999999,4.5,-0.0037505104698714086,0.6700000000000017,0.0,-2.007848349999989,-2.0078483500000175,-3.0078483500000033
2024-04-22,4936.85009765625,17.11,2.986,3.816,3.263,2.5694069878,41.65930122000003,124.65930122,69.35930122,4.5,0.0038072837945740956,-1.0800000000000018,0.0,-1.4145198399999614,-7.314519839999974,-3.6145198399999856
2024-04-23,5008.169921875,15.79,3.0,3.814,3.275,2.5613382913,43.86617087000002,125.26617087000002,71.36617087000002,4.5,0.014343067536379612,-1.3200000000000003,0.0,2.2068696499999874,0.6068696500000215,2.006869650000013
2024-04-24,4989.8798828125,15.62,3.09,3.961,3.384,2.6439607161,44.60392838999998,131.70392839,74.00392838999998,4.5,-0.003658725416005181,-0.16999999999999993,0.0,0.7377575199999598,6.437757519999963,2.6377575199999654
2024-04-25,4939.009765625,16.36,3.129,3.997,3.434,2.6968869031,43.21130969000002,130.01130969000002,73.71130969000004,4.5,-0.0102469790890893,0.7400000000000002,0.0,-1.3926186999999572,-1.6926186999999686,-0.2926186999999487
2024-04-26,5006.85009765625,15.26,3.062,3.887,3.359,2.623464679,43.85353209999998,126.3535321,73.5535321,4.5,0.013642135540915394,-1.0999999999999996,0.0,0.6422224099999596,-3.6577775900000233,-0.15777759000003755
2024-04-29,4981.08984375,15.11,3.03,3.823,3.302,2.5936184515,43.63815485,122.93815485000002,70.83815485000002,4.5,-0.005158283124682036,-0.15000000000000036,0.0,-0.21537724999998176,-3.4153772499999775,-2.7153772499999747
2024-04-30,4921.22021484375,15.57,3.078,3.879,3.351,2.6368704855,44.11295145,124.21295145000002,71.41295145000002,4.5,-0.012092200318544855,0.46000000000000085,0.0,0.4747965999999977,1.274796600000002,0.5747965999999991
2024-05-02,4890.60986328125,15.43,3.046,3.866,3.318,2.6192687619,42.67312380999999,124.67312381000002,69.87312381000001,4.5,-0.006239498773871557,-0.14000000000000057,0.0,-1.4398276400000043,0.4601723600000014,-1.5398276400000128
2024-05-03,4921.47998046875,14.44,2.999,3.82,3.268,2.545998065,45.300193500000006,127.4001935,72.20019349999998,4.5,0.006292282180844343,-0.9900000000000002,0.0,2.6270696900000132,2.727069689999979,2.3270696899999734
2024-05-06,4956.9599609375,14.3,2.977,3.802,3.251,2.5137096838,46.32903161999997,128.82903162,73.72903161999997,4.5,0.007183347420119726,-0.1399999999999988,0.0,1.0288381199999606,1.4288381199999947,1.528838119999989
2024-05-07,5016.10009765625,14.09,2.919,3.757,3.201,2.4769806556,44.20193444000002,128.00193444000004,72.40193444000002,4.5,0.01186011707587141,-0.21000000000000085,0.0,-2.12709717999995,-0.8270971799999529,-1.327097179999953
2024-05-08,5038.169921875,13.72,2.965,3.802,3.253,2.5155847885,44.94152114999999,128.64152115000002,73.74152115000001,4.5,0.004390146598918635,-0.3699999999999992,0.0,0.7395867099999762,0.6395867099999748,1.3395867099999919
2024-05-10,5085.080078125,13.6,3.022,3.858,3.313,2.5607710993,46.12289006999997,129.72289007,75.22289007,4.5,0.009267871883524877,-0.120000000000001,0.0,1.1813689199999757,1.0813689199999885,1.4813689199999942
2024-05-13,5078.9599609375,13.92,3.014,3.858,3.3,2.5539771945,46.00228055,130.40228055000003,74.60228055,4.5,-0.0012042687560512148,0.3200000000000003,0.0,-0.12060951999996661,0.6793904800000234,-0.6206095200000021
2024-05-14,5080.2900390625,13.96,3.061,3.897,3.34,2.5869324297,47.40675703,131.00675703,75.30675702999999,4.5,0.000261845733218333,0.040000000000000924,0.0,1.4044764799999996,0.6044764799999598,0.7044764799999825
2024-05-15,5100.89990234375,13.09,2.924,3.735,3.193,2.4997507148,42.42492851999997,123.52492851999996,69.32492851999999,4.5,0.004048621340292174,-0.870000000000001,0.0,-4.981828510000028,-7.481828510000028,-5.98182851
2024-05-16,5072.4501953125,12.79,2.947,3.753,3.209,2.5059329536,44.10670464000002,124.70670464000004,70.30670464000002,4.5,-0.0055930015031367105,-0.3000000000000007,0.0,1.6817761200000447,1.1817761200000803,0.9817761200000348
2024-05-17,5064.14013671875,12.13,3.011,3.813,3.273,2.5736443805,43.73556194999999,123.93556195,69.93556195,4.5,-0.0016396165146736865,-0.6599999999999984,0.0,-0.37114269000002764,-0.7711426900000475,-0.37114269000002764
2024-05-21,5046.990234375,12.54,2.998,3.802,3.272,2.56338861,43.46113900000002,123.861139,70.86113899999998,4.5,-0.003392285167039019,0.40999999999999837,0.0,-0.2744229499999733,-0.07442294999999888,0.9255770499999869
2024-05-22,5025.169921875,12.74,3.033,3.833,3.305,2.5938440854,43.91559145999997,123.91559146,71.11559145999999,4.5,-0.004332803747734709,0.20000000000000107,0.0,0.4544524599999562,0.05445246000000736,0.2544524600000102
2024-05-23,5037.60009765625,12.52,3.082,3.893,3.353,2.6421578714,43.98421286000001,125.08421286,71.08421286000004,4.5,0.002470528905944386,-0.22000000000000064,0.0,0.06862140000003336,1.1686213999999921,-0.03137859999995385
2024-05-24,5035.41015625,12.61,3.078,3.895,3.349,2.6524141248,42.55858751999999,124.25858752,69.65858752000003,4.5,-0.0004348137022701413,0.08999999999999986,0.0,-1.4256253400000176,-0.8256253399999878,-1.4256253400000105
2024-05-27,5059.2001953125,12.88,3.03,3.833,3.3,2.5984978775,43.15021225,123.45021225000004,70.15021225,4.5,0.004713422762830161,0.27000000000000135,0.0,0.5916247300000137,-0.8083752699999707,0.49162472999996965
2024-05-28,5030.35009765625,13.31,3.083,3.901,3.349,2.6248221592,45.81778408000004,127.61778408,72.41778408000003,4.5,-0.005718823029148815,0.4299999999999997,0.0,2.6675718300000355,4.1675718299999716,2.267571830000037
2024-05-29,4963.2001953125,14.08,3.178,4.016,3.436,2.7193243024,45.86756976,129.66756976,71.66756975999999,4.5,-0.013438850257064728,0.7699999999999996,0.0,0.04978567999996386,2.049785679999985,-0.7502143200000404
2024-05-30,4982.18017578125,13.98,3.15,3.962,3.391,2.7374225597,41.25774402999998,122.45774403,65.35774402999999,4.5,0.0038168481853401194,-0.09999999999999964,0.0,-4.609825730000026,-7.2098257299999915,-6.30982573
2024-05-31,4983.669921875,14.14,3.148,3.974,3.392,2.7015587512,44.64412488000002,127.24412488000004,69.04412488,4.5,0.00029897020128708213,0.16000000000000014,0.0,3.3863808500000445,4.786380850000043,3.686380850000006
2024-06-03,5003.5400390625,14.06,3.063,3.887,3.301,2.6614829951,40.15170049000001,122.55170049,63.95170049000001,4.5,0.003979117988467965,-0.08000000000000007,0.0,-4.492424390000011,-4.692424390000042,-5.092424389999991
2024-06-04,4953.3701171875,14.74,3.035,3.859,3.282,2.597435378,43.7564622,126.1564622,68.45646219999999,4.5,-0.01007749305245639,0.6799999999999997,0.0,3.604761709999991,3.6047617100000053,4.504761709999983
2024-06-05,5035.66015625,13.93,2.988,3.809,3.23,2.5676072225,42.03927775,124.13927775000002,66.23927775,4.5,0.01647645435686486,-0.8100000000000005,0.0,-1.7171844500000049,-2.017184449999988,-2.2171844499999906
2024-06-06,5069.08984375,13.34,3.041,3.864,3.279,2.6218140315,41.91859684999999,124.21859684999998,65.71859684999998,4.5,0.0066166524580626674,-0.5899999999999999,0.0,-0.12068090000000353,0.07931909999996378,-0.5206809000000163
2024-06-07,5051.31005859375,13.29,3.118,3.97,3.398,2.6867722412,43.12277588,128.32277588000002,71.12277588000002,4.5,-0.003513656302107009,-0.05000000000000071,0.0,1.204179030000006,4.10417903000004,5.404179030000037
2024-06-10,5016.47998046875,14.51,3.239,4.08,3.493,2.7385184555,50.04815444999999,134.14815445000002,75.44815444999999,4.5,-0.006919138548923709,1.2200000000000006,0.0,6.925378569999992,5.825378569999998,4.32537856999997
2024-06-11,4965.08984375,15.76,3.24,4.068,3.456,2.70750727,53.249273000000045,136.04927299999997,74.84927300000001,4.5,-0.010297095887407626,1.25,0.0,3.2011185500000536,1.90111854999995,-0.598881449999979
2024-06-12,5034.43017578125,14.77,3.159,3.922,3.362,2.5967936569,56.22063430999997,132.52063431000002,76.52063431,4.25,0.013868954379375496,-0.9900000000000002,-0.25,2.971361309999928,-3.5286386899999513,1.6713613099999947
2024-06-13,4935.5,16.75,3.184,3.951,3.375,2.5855197162,59.84802838000003,136.54802838,78.94802838000001,4.25,-0.019846362254911185,1.9800000000000004,0.0,3.627394070000058,4.0273940699999855,2.4273940700000054
2024-06-14,4839.14013671875,19.87,3.138,3.925,3.333,2.4086873262,72.93126738,151.63126738,92.43126738000002,4.25,-0.019716937633001842,3.120000000000001,0.0,13.083238999999963,15.083238999999992,13.483239000000012
2024-06-17,4880.419921875,19.91,3.165,3.948,3.359,2.4874036276,67.75963724,146.05963724,87.15963724,4.25,0.008494218484749804,0.03999999999999915,0.0,-5.171630139999991,-5.571630139999996,-5.271630140000028
2024-06-18,4915.47021484375,18.6,3.118,3.886,3.311,2.476220875,64.17791249999998,140.9779125,83.47791249999999,4.25,0.007156152643216412,-1.3099999999999987,0.0,-3.581724740000027,-5.0817247399999985,-3.681724740000007
2024-06-19,4885.4501953125,18.52,3.157,3.943,3.345,2.4754923156,68.15076844000001,146.75076844,86.95076844000002,4.25,-0.006125978409480486,-0.08000000000000185,0.0,3.9728559400000307,5.7728559399999995,3.4728559400000307
2024-06-20,4947.72998046875,17.75,3.157,3.944,3.34,2.5093927539,64.76072461000003,143.46072461,83.06072461000001,4.25,0.012667441630553422,-0.7699999999999996,0.0,-3.390043829999982,-3.290043830000002,-3.8900438300000104
2024-06-21,4907.2998046875,17.6,3.164,3.944,3.334,2.4501759972,71.38240028,149.38240027999998,88.38240028,4.25,-0.008205029002267376,-0.14999999999999858,0.0,6.6216756699999735,5.921675669999985,5.3216756699999905
2024-06-24,4950.97998046875,17.38,3.15,3.935,3.328,2.4790816716,67.09183284,145.59183284000002,84.89183283999999,4.25,0.00886168024866337,-0.22000000000000242,0.0,-4.290567440000004,-3.790567439999961,-3.4905674400000066
2024-06-25,4935.97021484375,18.04,3.124,3.929,3.318,2.4437824241,68.02175758999999,148.52175758999996,87.42175759,4.25,-0.003036280523263092,0.6600000000000001,0.0,0.9299247499999979,2.929924749999941,2.5299247500000064
2024-06-26,4915.93994140625,18.98,3.19,3.995,3.383,2.4887604599,70.12395401,150.62395401,89.42395401,4.25,-0.004066277649555844,0.9400000000000013,0.0,2.1021964200000127,2.102196420000041,2.002196420000004
2024-06-27,4902.60009765625,19.06,3.268,4.03,3.405,2.4895226334,77.84773665999998,154.04773666000003,91.54773665999998,4.25,-0.0027172781095627456,0.0799999999999983,0.0,7.7237826499999755,3.423782650000021,2.1237826499999812
2024-06-28,4894.02001953125,18.3,3.288,4.067,3.411,2.5019106798,78.60893201999998,156.50893202000003,90.90893202,4.25,-0.0017516409161895384,-0.759999999999998,0.0,0.7611953600000021,2.461195360000005,-0.6388046399999894
2024-07-01,4929.990234375,15.9,3.349,4.112,3.472,2.6351168331,71.38831669000001,147.68831669,83.68831669,4.25,0.0073229515559713855,-2.4000000000000004,0.0,-7.220615329999973,-8.820615330000038,-7.220615330000001
2024-07-02,4906.330078125,15.88,3.32,4.067,3.456,2.625718203,69.42817969999999,144.12817970000003,83.02817970000001,4.25,-0.004810783124203133,-0.019999999999999574,0.0,-1.9601369900000236,-3.560136989999961,-0.6601369899999838
2024-07-03,4965.7998046875,14.83,3.257,3.992,3.386,2.6278943813,62.910561870000016,136.41056187,75.81056187000002,4.25,0.012048149009733508,-1.0500000000000007,0.0,-6.5176178299999705,-7.717617830000023,-7.217617829999995
2024-07-04,4987.47998046875,14.62,3.279,4.003,3.4,2.6237373697,65.52626302999998,137.92626303,77.62626302999998,4.25,0.004356395185653905,-0.21000000000000085,0.0,2.615701159999965,1.5157011599999919,1.8157011599999606
2024-07-05,4979.39013671875,14.43,3.212,3.941,3.345,2.5996836001,61.231639990000005,134.13163998999997,74.53163999,4.25,-0.0016233472356817203,-0.1899999999999995,0.0,-4.294623039999976,-3.794623040000033,-3.0946230399999735
2024-07-08,4969.830078125,13.29,3.168,3.891,3.306,2.5707227465,59.727725350000014,132.02772535,73.52772535000001,4.25,-0.0019217710191512104,-1.1400000000000006,0.0,-1.5039146399999908,-2.103914639999971,-1.0039146399999908
2024-07-09,4903.6201171875,14.6,3.253,3.954,3.368,2.5941446777,65.88553223,135.98553223000002,77.38553222999998,4.25,-0.013411918247340945,1.3100000000000005,0.0,6.157806879999981,3.957806880000021,3.85780687999997
2024-07-10,4958.85986328125,13.87,3.185,3.863,3.306,2.5570724353,62.79275647000002,130.59275647,74.89275647000002,4.25,0.0112021162749441,-0.7300000000000004,0.0,-3.0927757599999737,-5.392775760000006,-2.492775759999958
2024-07-11,4976.1298828125,13.42,3.125,3.79,3.237,2.498110511,62.68894889999999,129.1889489,73.8889489,4.25,0.0034766089080242655,-0.4499999999999993,0.0,-0.10380757000002916,-1.403807569999998,-1.0038075700000206
2024-07-12,5043.02001953125,13.06,3.15,3.793,3.261,2.5167895001,63.32104999000001,127.62104999000005,74.42104999000003,4.25,0.013352655905351268,-0.35999999999999943,0.0,0.6321010900000203,-1.5678989099999683,0.532101090000026
2024-07-15,4983.10986328125,13.59,3.113,3.748,3.23,2.5140039627,59.89960373000001,123.39960373000002,71.59960373000001,4.25,-0.011950946178594815,0.5299999999999994,0.0,-3.4214462600000033,-4.221446260000022,-2.821446260000016
2024-07-16,4947.830078125,13.86,3.086,3.708,3.2,2.4645170295,62.14829704999998,124.34829705,73.54829705000002,4.25,-0.007105054260695843,0.2699999999999996,0.0,2.2486933199999726,0.9486933199999754,1.9486933200000038
2024-07-17,4891.4599609375,14.55,3.076,3.714,3.196,2.4612971986,61.47028014,125.27028013999998,73.47028014000001,4.25,-0.011458292968303977,0.6900000000000013,0.0,-0.6780169099999824,0.9219830899999835,-0.07801691000000233
2024-07-18,4870.1201171875,15.73,3.071,3.719,3.198,2.4367519932,63.42480068,128.22480068,76.12480067999998,4.25,-0.004372217934819051,1.1799999999999997,0.0,1.9545205399999972,2.9545205400000043,2.6545205399999645
2024-07-19,4827.240234375,16.52,3.13,3.779,3.247,2.4965557827,63.34442173000001,128.24442173,75.04442173000001,4.25,-0.008843677192443505,0.7899999999999991,0.0,-0.0803789499999894,0.01962105000001202,-1.080378949999968
2024-07-22,4897.43994140625,15.69,3.148,3.777,3.258,2.5105437773,63.74562227,126.64562227,74.74562226999998,4.25,0.014437683330697176,-0.8300000000000001,0.0,0.4012005399999907,-1.598799459999995,-0.29879946000002633
2024-07-23,4916.7998046875,14.8,3.127,3.751,3.233,2.4776943683,64.93056316999999,127.33056317,75.53056317000002,4.25,0.003945265021774662,-0.8899999999999988,0.0,1.1849408999999866,0.6849409000000009,0.7849409000000378
2024-07-24,4861.8701171875,16.06,3.147,3.798,3.261,2.4715110514,67.54889485999999,132.64889486,78.94889486000002,4.25,-0.011234710998652352,1.259999999999998,0.0,2.618331690000005,5.318331690000008,3.4183316900000023
2024-07-25,4811.27978515625,16.93,3.117,3.777,3.242,2.4339080215,68.30919784999998,134.30919785,80.80919784999998,4.25,-0.010460045343915961,0.870000000000001,0.0,0.7603029899999854,1.660302989999991,1.8603029899999513
2024-07-26,4862.5,16.15,3.109,3.762,3.232,2.4245461772,68.44538228000002,133.74538228,80.74538228000003,4.25,0.010589592616549555,-0.7800000000000011,0.0,0.13618443000004277,-0.5638155700000027,-0.06381556999994586
2024-07-29,4815.39013671875,16.83,3.066,3.709,3.186,2.3896297176,67.63702823999998,131.93702824,79.63702823999998,4.25,-0.009735641697770601,0.6799999999999997,0.0,-0.8083540400000402,-1.8083540400000118,-1.1083540400000516
2024-07-30,4841.0,16.53,3.057,3.703,3.167,2.3544882773,70.25117226999997,134.85117226999995,81.25117226999996,4.25,0.005304243710763195,-0.29999999999999716,0.0,2.6141440299999914,2.91414402999996,1.6141440299999772
2024-07-31,4872.93994140625,15.74,3.013,3.653,3.117,2.3290703135,68.39296865,132.39296865,78.79296865,4.25,0.006576128060007685,-0.7900000000000009,0.0,-1.8582036199999692,-2.4582036199999493,-2.4582036199999493
2024-08-02,4638.7001953125,24.52,2.957,3.627,3.055,2.1969689437,76.00310563,143.00310563,85.80310563000002,4.25,-0.049263242343810375,8.78,0.0,7.610136979999993,10.610136979999993,7.010136980000013
2024-08-05,4571.60009765625,31.17,2.978,3.685,3.091,2.2355219221,74.24780779000004,144.94780779,85.54780779000004,4.25,-0.014570922270945388,6.650000000000002,0.0,-1.7552978399999546,1.9447021600000198,-0.255297839999983
2024-08-06,4575.22021484375,25.07,2.951,3.657,3.069,2.2599321468,69.10678531999999,139.70678532,80.90678531999997,4.25,0.0007915575583291345,-6.100000000000001,0.0,-5.141022470000053,-5.2410224700000185,-4.641022470000067
2024-08-07,4668.06005859375,20.75,3.013,3.708,3.132,2.365213727,64.7786273,134.2786273,76.67862730000002,4.25,0.020088748403058798,-4.32,0.0,-4.328158019999989,-5.428158019999984,-4.228158019999952
2024-08-08,4668.740234375,21.63,3.009,3.699,3.131,2.3631468252,64.58531748,133.58531748,76.78531747999999,4.25,0.0001456978324716162,0.879999999999999,0.0,-0.19330981999999608,-0.6933098200000245,0.10669017999997266
2024-08-09,4675.27978515625,20.43,2.965,3.644,3.085,2.3179681699,64.70318301,132.60318301000004,76.70318301,4.25,0.0013997298454615982,-1.1999999999999993,0.0,0.1178655300000031,-0.9821344699999486,-0.08213446999998553
2024-08-12,4671.8798828125,19.29,2.969,3.642,3.081,2.3271464977,64.18535023000001,131.48535023,75.38535023000001,4.25,-0.0007274728611604624,-1.1400000000000006,0.0,-0.517832779999992,-1.1178327800000432,-1.3178327799999892
2024-08-13,4694.919921875,18.34,2.924,3.576,3.029,2.2926891188,63.131088120000015,128.33108812000003,73.63108812000002,4.25,0.004919521290136628,-0.9499999999999993,0.0,-1.0542621099999963,-3.154262109999962,-1.754262109999999
2024-08-14,4727.60009765625,16.76,2.916,3.567,3.02,2.2853210792,63.06789207999999,128.16789208,73.46789208,4.25,0.006936638341464222,-1.5799999999999983,0.0,-0.06319604000002244,-0.16319604000003096,-0.16319604000001675
2024-08-15,4807.77001953125,15.31,2.981,3.639,3.093,2.3521344146,62.88655853999998,128.68655853999996,74.08655854,4.25,0.01681566840011104,-1.450000000000001,0.0,-0.18133354000001134,0.5186664599999631,0.61866646
2024-08-16,4840.52001953125,14.5,2.983,3.641,3.097,2.3349911132,64.80088868,130.60088868,76.20088867999999,4.25,0.006788793796285628,-0.8100000000000005,0.0,1.9143301400000183,1.9143301400000325,2.1143301399999928
2024-08-19,4871.41015625,14.92,2.974,3.624,3.083,2.3506021122,62.33978878000004,127.33978878000003,73.23978878000004,4.25,0.006361297976109502,0.41999999999999993,0.0,-2.461099899999958,-3.2610998999999623,-2.961099899999951
2024-08-20,4857.580078125,15.46,2.944,3.594,3.042,2.326133018,61.786698199999975,126.78669819999998,71.58669819999997,4.25,-0.0028430673908748506,0.5400000000000009,0.0,-0.5530905800000667,-0.5530905800000596,-1.6530905800000681
2024-08-21,4885.27978515625,15.48,2.908,3.565,3.009,2.3059555781,60.20444219000001,125.90444219,70.30444219,4.25,0.0056861706015265915,0.019999999999999574,0.0,-1.5822560099999663,-0.8822560099999777,-1.2822560099999691
2024-08-22,4885.0,16.01,2.95,3.615,3.052,2.3222276477,62.77723523,129.27723523,72.97723522999999,4.25,-5.7272700982724e-05,0.5300000000000011,0.0,2.5727930399999934,3.372793040000005,2.6727930399999877
2024-08-23,4909.2001953125,15.31,2.93,3.568,3.02,2.3545848339,57.54151661,121.34151661,66.54151660999999,4.25,0.004941750031464696,-0.7000000000000011,0.0,-5.23571862,-7.935718620000003,-6.435718620000003
2024-08-26,4896.68994140625,15.66,2.957,3.597,3.048,2.3611574784,59.584252159999984,123.58425216,68.68425216,4.25,-0.002551580839521194,0.34999999999999964,0.0,2.042735549999982,2.242735550000006,2.142735550000012
2024-08-27,4898.77978515625,15.46,3.01,3.664,3.102,2.397613636,61.238636399999976,126.6386364,70.4386364,4.25,0.0004266959809066241,-0.1999999999999993,0.0,1.6543842399999917,3.0543842399999903,1.7543842399999932
2024-08-28,4913.02978515625,15.59,2.987,3.65,3.094,2.3663694885,62.06305114999999,128.36305114999996,72.76305114999997,4.25,0.0029046650196199453,0.129999999999999,0.0,0.8244147500000167,1.7244147499999656,2.324414749999974
2024-08-29,4966.27001953125,15.23,2.993,3.656,3.101,2.3795267524,61.34732476,127.64732476000005,72.14732476,4.25,0.010778243567615373,-0.35999999999999943,0.0,-0.7157263899999933,-0.7157263899999151,-0.6157263899999634
2024-08-30,4957.97998046875,15.27,3.012,3.691,3.123,2.3888297669,62.31702331000002,130.21702331,73.41702331000005,4.25,-0.001670663473956263,0.03999999999999915,0.0,0.9696985500000181,2.5696985499999556,1.2696985500000437
2024-09-02,4973.06982421875,15.41,3.038,3.705,3.149,2.4485558581,58.94441418999996,125.64441419,70.04441418999998,4.25,0.0030389245164890314,0.14000000000000057,0.0,-3.3726091200000567,-4.572609119999996,-3.372609120000064
2024-09-03,4912.52001953125,17.34,3.002,3.675,3.105,2.3718172551,63.01827449,130.31827449,73.31827449000001,4.25,-0.012250267887642096,1.9299999999999997,0.0,4.073860300000042,4.673860299999987,3.273860300000024
2024-09-04,4848.18017578125,19.87,2.932,3.585,3.033,2.3230518592,60.89481407999999,126.19481408,70.99481408,4.25,-0.013183639361929343,2.530000000000001,0.0,-2.123460410000014,-4.123460409999993,-2.32346041000001
2024-09-05,4815.14990234375,20.05,2.907,3.567,3.019,2.3052108156,60.17891843999998,126.17891844,71.37891843999999,4.25,-0.006836235916002771,0.17999999999999972,0.0,-0.7158956400000065,-0.015895639999996547,0.3841043599999949
2024-09-06,4738.06005859375,22.58,2.885,3.556,3.0,2.3113879433,57.36120566999996,124.46120566999998,68.86120566999998,4.25,-0.016139395537639593,2.5299999999999976,0.0,-2.8177127700000213,-1.7177127700000199,-2.517712770000017
2024-09-09,4778.66015625,20.23,2.884,3.548,2.999,2.2959799036,58.80200963999997,125.20200964,70.30200964,4.25,0.008532423577505796,-2.349999999999998,0.0,1.4408039700000117,0.740803970000016,1.4408039700000188
2024-09-10,4747.2001953125,19.54,2.85,3.514,2.965,2.2834241895,56.657581050000026,123.05758105,68.15758105,4.25,-0.006605193474563248,-0.6900000000000013,0.0,-2.144428589999947,-2.144428590000004,-2.1444285899999898
2024-09-11,4763.580078125,19.6,2.817,3.464,2.929,2.2136942997,60.33057003,125.03057002999998,71.53057002999996,4.25,0.0034444911009450232,0.060000000000002274,0.0,3.672988979999971,1.9729889799999825,3.3729889799999597
2024-09-12,4814.080078125,17.53,2.85,3.542,2.963,2.2396543029,61.03456971000001,130.23456971,72.33456971000001,4.25,0.010545470850125138,-2.0700000000000003,0.0,0.7039996800000097,5.20399968000001,0.8039996800000466
2024-09-13,4843.990234375,16.05,2.84,3.514,2.944,2.2602491803,57.97508196999996,125.37508196999995,68.37508196999997,4.25,0.0061938360156710195,-1.4800000000000004,0.0,-3.059487740000044,-4.859487740000034,-3.9594877400000428
2024-09-16,4827.6298828125,17.12,2.827,3.478,2.918,2.2479888331,57.90111669,123.00111669000002,67.00111669000002,4.25,-0.003383169927911434,1.0700000000000003,0.0,-0.07396527999996039,-2.3739652799999362,-1.3739652799999504
2024-09-17,4860.77978515625,16.58,2.857,3.5,2.943,2.2486269095,60.83730905000002,125.13730905,69.43730905000001,4.25,0.006843234926443334,-0.5400000000000027,0.0,2.936192360000021,2.1361923599999812,2.4361923599999926
2024-09-18,4835.2998046875,17.06,2.918,3.573,3.002,2.2985907322,61.940926780000005,127.44092677999998,70.34092677999996,3.65,-0.005255740505223812,0.4800000000000004,-0.6000000000000001,1.103617729999982,2.303617729999985,0.9036177299999508
2024-09-19,4943.3798828125,15.42,2.93,3.555,2.993,2.3048459818,62.51540182,125.01540182,68.81540181999996,3.65,0.02210614989775073,-1.6399999999999988,0.0,0.5744750399999958,-2.42552495999999,-1.5255249599999985
2024-09-20,4871.5400390625,16.19,2.964,3.56,3.003,2.3288316667,63.516833329999976,123.11683333,67.41683332999999,3.65,-0.014639167163534342,0.7700000000000014,0.0,1.0014315099999749,-1.8985684899999882,-1.398568489999974
2024-09-23,4885.56982421875,16.37,2.947,3.518,2.964,2.3026272101,64.43727899000002,121.53727899,66.13727899000001,3.65,0.002875809542380012,0.17999999999999972,0.0,0.9204456600000483,-1.5795543400000014,-1.2795543399999758
2024-09-24,4940.72021484375,16.02,2.914,3.48,2.931,2.2891839665,62.481603350000015,119.08160335,64.18160335,3.65,0.011225186617893556,-0.3500000000000014,0.0,-1.9556756400000097,-2.4556756400000097,-1.9556756400000097
2024-09-25,4916.89013671875,16.22,2.981,3.538,2.992,2.291416671,68.9583329,124.6583329,70.05833290000001,3.65,-0.004834868430786214,0.1999999999999993,0.0,6.4767295499999875,5.57672955000001,5.876729550000007
2024-09-26,5032.58984375,16.38,2.971,3.484,2.96,2.2537673608,71.72326392000001,123.02326392,70.62326392,3.65,0.023258486459007483,0.16000000000000014,0.0,2.764931020000006,-1.6350689799999998,0.5649310199999888
2024-09-27,5067.4501953125,15.95,2.926,3.457,2.931,2.2521148846,67.38851154000001,120.48851153999998,67.88851154,3.65,0.006903039959823274,-0.4299999999999997,0.0,-4.334752379999998,-2.534752380000029,-2.7347523800000033
2024-09-30,5000.4501953125,18.06,2.925,3.465,2.936,2.2367867384,68.82132615999996,122.82132615999996,69.92132615999998,3.65,-0.013309823596349748,2.1099999999999994,0.0,1.4328146199999452,2.3328146199999793,2.032814619999982
2024-10-01,4954.14990234375,21.1,2.821,3.377,2.84,2.1442488285,67.67511715000003,123.27511715,69.57511715,3.65,-0.00930235798377771,3.0400000000000027,0.0,-1.1462090099999216,0.4537909900000443,-0.3462090099999813
2024-10-02,4963.2900390625,19.89,2.864,3.427,2.887,2.2298357908,63.41642091999997,119.71642092,65.71642091999999,3.65,0.0018432457086897513,-1.2100000000000009,0.0,-4.258696230000062,-3.5586962299999954,-3.8586962300000067
2024-10-03,4921.330078125,21.22,2.935,3.478,2.926,2.2890716162,64.59283837999999,118.89283838,63.69283838,3.65,-0.008490000117271444,1.3299999999999983,0.0,1.1764174600000175,-0.8235825400000039,-2.0235825399999925
2024-10-04,4954.93994140625,20.25,2.988,3.514,2.971,2.3213268231,66.66731768999998,119.26731768999996,64.96731768999999,3.65,0.006806211851521695,-0.9699999999999989,0.0,2.0744793099999868,0.3744793099999555,1.2744793099999896
2024-10-07,4969.7099609375,20.22,3.021,3.568,3.015,2.3680772013,65.29227986999997,119.99227987,64.69227987,3.65,0.002976433542894137,-0.030000000000001137,0.0,-1.3750378200000029,0.7249621800000483,-0.2750378199999943
2024-10-08,4949.0,20.28,3.016,3.554,2.996,2.3786118387,63.73881613000001,117.53881613,61.73881613,3.65,-0.0041759444756347625,0.060000000000002274,0.0,-1.5534637399999625,-2.4534637400000037,-2.9534637399999966
2024-10-09,4982.56982421875,19.37,3.028,3.56,3.014,2.3672195539,66.07804460999999,119.27804461,64.67804460999997,3.65,0.006760250929243444,-0.9100000000000001,0.0,2.3392284799999814,1.7392284799999942,2.9392284799999757
2024-10-10,4970.33984375,19.19,3.023,3.533,2.992,2.3821347867,64.08652133000001,115.08652133,60.98652133,3.65,-0.0024575701040490693,-0.17999999999999972,0.0,-1.9915232799999814,-4.191523279999998,-3.69152327999997
2024-10-11,5003.919921875,18.47,3.042,3.56,3.018,2.4091492224,63.28507775999999,115.08507776,60.88507775999999,3.65,0.0067333728589331465,-0.7200000000000024,0.0,-0.8014435700000178,-0.001443569999992178,-0.10144357000001492
2024-10-14,5041.009765625,17.67,3.035,3.548,3.012,2.407755502,62.7244498,114.0244498,60.42444979999999,3.65,0.007384822684376072,-0.7999999999999972,0.0,-0.5606279599999908,-1.060627960000005,-0.4606279599999965
2024-10-15,4946.72998046875,18.6,2.961,3.465,2.946,2.3391978925,62.18021074999997,112.58021074999998,60.68021075000001,3.65,-0.018879664062902368,0.9299999999999997,0.0,-0.54423905000003,-1.4442390500000215,0.25576095000001686
2024-10-16,4908.7099609375,19.21,2.918,3.41,2.898,2.2888657969,62.91342031,112.11342031,60.91342031,3.65,-0.007715578070293058,0.6099999999999994,0.0,0.7332095600000272,-0.4667904399999827,0.2332095599999917
2024-10-17,4947.2998046875,18.27,2.938,3.405,2.906,2.3141522729,62.38477271000002,109.08477270999998,59.18477271000002,3.65,0.007830763537034923,-0.9400000000000013,0.0,-0.528647599999978,-3.0286476000000135,-1.7286475999999809
2024-10-18,4986.27001953125,17.25,2.899,3.36,2.874,2.2940883656,60.49116344000001,106.59116344,57.991163440000015,3.65,0.007846205434682998,-1.0199999999999996,0.0,-1.8936092700000131,-2.493609269999979,-1.1936092700000032
2024-10-21,4941.22021484375,18.85,3.013,3.511,3.0,2.3808484055,63.21515944999998,113.01515945,61.91515944999999,3.65,-0.009075831424772472,1.6000000000000014,0.0,2.723996009999972,6.423996009999996,3.923996009999975
2024-10-22,4939.31005859375,18.62,3.053,3.554,3.03,2.3997309158,65.32690841999997,115.42690841999996,63.02690841999996,3.65,-0.0003866505584082857,-0.23000000000000043,0.0,2.1117489699999865,2.4117489699999624,1.1117489699999723
2024-10-23,4922.5498046875,18.99,3.036,3.524,3.007,2.4337504295,60.224957050000015,109.02495705,57.32495705000002,3.4,-0.003399007950810881,0.36999999999999744,-0.25,-5.101951369999952,-6.4019513699999635,-5.701951369999939
2024-10-24,4935.4501953125,19.17,2.987,3.47,2.948,2.3715160286,61.54839714000002,109.84839714000005,57.64839714000001,3.4,0.002617244469250945,0.18000000000000327,0.0,1.3234400900000054,0.823440090000048,0.3234400899999841
2024-10-25,4943.08984375,18.92,3.041,3.511,2.994,2.397353001,64.3646999,111.36469990000002,59.66469990000003,3.4,0.0015467164035047152,-0.25,0.0,2.816302759999985,1.5163027599999737,2.0163027600000234
2024-10-28,4969.830078125,18.66,3.013,3.496,2.98,2.3810519633,63.19480366999999,111.49480367,59.89480367,3.4,0.0053950398964513705,-0.26000000000000156,0.0,-1.1698962300000133,0.13010376999997675,0.23010376999997106
2024-10-29,4950.02001953125,18.99,3.079,3.565,3.033,2.4331853634,64.58146366000004,113.18146366000002,59.98146366000001,3.4,-0.0039940290898221615,0.3299999999999983,0.0,1.386659990000048,1.6866599900000239,0.08665999000000824
2024-10-30,4885.75,19.93,3.115,3.628,3.082,2.4724594585,64.25405415000003,115.55405415,60.95405414999999,3.4,-0.01306881599411894,0.9400000000000013,0.0,-0.3274095100000096,2.372590489999979,0.9725904899999804
2024-10-31,4827.6298828125,21.73,3.136,3.666,3.102,2.520945558,61.50544419999999,114.50544419999996,58.105444199999965,3.4,-0.011967165192126294,1.8000000000000007,0.0,-2.748609950000038,-1.048609950000042,-2.848609950000025
2024-11-01,4877.75,21.09,3.162,3.686,3.115,2.4894847017,67.25152983,119.65152983,62.55152983000003,3.4,0.010328408231948121,-0.6400000000000006,0.0,5.746085630000003,5.146085630000044,4.446085630000063
2024-11-04,4852.10009765625,20.96,3.138,3.668,3.095,2.487138698,65.0861302,118.08613020000004,60.78613020000003,3.4,-0.005272426914149008,-0.129999999999999,0.0,-2.165399629999996,-1.565399629999959,-1.7653996299999974
2024-11-05,4870.330078125,19.85,3.159,3.672,3.128,2.4983617341,66.06382658999999,117.36382659000002,62.96382659000002,3.4,0.003750091593037791,-1.1099999999999994,0.0,0.9776963899999913,-0.7223036100000257,2.177696389999987
2024-11-06,4800.6298828125,18.49,3.176,3.738,3.145,2.5113246974,66.46753026,122.66753026,63.36753026,3.4,-0.01441457775630109,-1.360000000000003,0.0,0.40370367000001295,5.30370366999999,0.4037036699999845
2024-11-07,4851.9599609375,16.74,3.205,3.737,3.177,2.5240289566,68.09710434,121.29710434,65.29710434,3.4,0.01063560408340948,-1.75,0.0,1.6295740799999976,-1.3704259200000024,1.9295740800000019
2024-11-08,4802.759765625,16.78,3.121,3.661,3.103,2.4700578721,65.09421279,119.09421279,63.29421279000002,3.4,-0.010192035109246536,0.0400000000000027,0.0,-3.002891550000001,-2.202891550000004,-2.002891549999987
2024-11-11,4854.02978515625,16.79,3.077,3.593,3.053,2.4420946519,63.49053480999998,115.09053480999998,61.09053480999997,3.4,0.010618539629500863,0.00999999999999801,0.0,-1.6036779800000218,-4.00367798000002,-2.2036779800000446
2024-11-12,4744.68994140625,17.94,3.135,3.636,3.105,2.4280603265,70.69396735,120.79396735000005,67.69396735000002,3.4,-0.022783157844132054,1.1500000000000021,0.0,7.203432540000016,5.703432540000065,6.60343254000005
2024-11-13,4740.33984375,17.68,3.131,3.624,3.105,2.474171259,65.68287409999999,114.98287410000005,63.08287410000002,3.4,-0.00091725551944117,-0.26000000000000156,0.0,-5.011093250000002,-5.811093249999999,-4.611093250000003
2024-11-14,4833.52978515625,17.1,3.081,3.547,3.045,2.4479041589,63.30958410999998,109.90958411,59.70958410999998,3.4,0.019468175006616968,-0.5799999999999983,0.0,-2.3732899900000106,-5.073289990000049,-3.373289990000039
2024-11-15,4794.85009765625,17.21,3.083,3.556,3.051,2.4575629867,62.543701330000005,109.84370133,59.34370133,3.4,-0.008034559510198486,0.10999999999999943,0.0,-0.765882779999977,-0.06588277999999548,-0.3658827799999784
2024-11-18,4790.330078125,17.79,3.102,3.573,3.069,2.4743486696,62.76513304,109.86513304,59.465133040000005,3.4,-0.0009431267401133765,0.5799999999999983,0.0,0.2214317099999974,0.021431710000001658,0.12143171000000308
2024-11-19,4751.22998046875,19.23,3.081,3.554,3.044,2.4309080958,65.00919042,112.30919041999998,61.30919042000001,3.4,-0.00819579110374456,1.4400000000000013,0.0,2.244057379999994,2.4440573799999754,1.8440573800000024
2024-11-20,4729.7099609375,20.06,3.1,3.575,3.051,2.4474474548,65.25525452000002,112.75525452000004,60.35525452000003,3.4,-0.004539646200055441,0.8299999999999983,0.0,0.24606410000002654,0.4460641000000578,-0.9539358999999763
2024-11-21,4755.830078125,18.95,3.101,3.576,3.038,2.3987406434,70.22593565999999,117.72593566,63.92593565999998,3.4,0.00550736871088285,-1.1099999999999994,0.0,4.970681139999968,4.970681139999968,3.570681139999948
2024-11-22,4789.080078125,17.97,3.047,3.505,2.973,2.3562386849,69.07613151000001,114.87613150999998,61.676131509999976,3.4,0.0069670921890038675,-0.9800000000000004,0.0,-1.14980414999998,-2.8498041500000255,-2.249804150000003
2024-11-25,4799.8701171875,17.21,3.023,3.479,2.938,2.3014732166,72.15267834000004,117.75267834000005,63.65267834000004,3.4,0.0022505161455339344,-0.759999999999998,0.0,3.0765468300000265,2.8765468300000663,1.9765468300000606
2024-11-26,4761.990234375,17.73,3.031,3.461,2.937,2.2988076041,73.21923959000003,116.21923959,63.81923959,3.4,-0.007923161306142222,0.5199999999999996,0.0,1.0665612499999924,-1.5334387500000446,0.16656124999996536
2024-11-27,4733.14990234375,18.3,3.015,3.404,2.891,2.261384337,75.36156630000002,114.2615663,62.9615663,3.4,-0.006074775160113917,0.5700000000000003,0.0,2.142326709999992,-1.9576732900000025,-0.857673290000001
2024-11-28,4758.64990234375,17.6,2.946,3.344,2.841,2.2248257945,72.11742055,111.91742054999996,61.61742055000001,3.4,0.005373071887992752,-0.6999999999999993,0.0,-3.2441457500000155,-2.344145750000038,-1.3441457499999885
2024-11-29,4804.39990234375,16.96,2.893,3.275,2.787,2.1852246483,70.77753516999996,108.97753516999995,60.17753516999997,3.4,0.009568150321566472,-0.6400000000000006,0.0,-1.339885380000041,-2.939885380000007,-1.4398853800000424
2024-12-02,4846.72998046875,17.18,2.916,3.26,2.765,2.1381738703,77.78261296999997,112.18261296999997,62.68261297,3.4,0.008772102350603755,0.21999999999999886,0.0,7.005077800000009,3.205077800000012,2.5050778000000307
2024-12-03,4878.509765625,16.47,2.896,3.241,2.753,2.1245018989,77.14981010999998,111.64981011,62.84981010999999,3.4,0.006535550609443511,-0.7100000000000009,0.0,-0.6328028599999982,-0.5328028599999612,0.16719713999999186
2024-12-04,4919.02001953125,15.84,2.897,3.215,2.754,2.1609470857,73.60529142999997,105.40529142999998,59.30529142999998,3.4,0.00826953031071475,-0.629999999999999,0.0,-3.54451868000001,-6.244518680000027,-3.54451868000001
2024-12-05,4951.580078125,15.01,2.894,3.204,2.763,2.1952120266,69.87879734,100.87879734,56.778797339999976,3.4,0.006597405704139395,-0.8300000000000001,0.0,-3.72649408999996,-4.5264940899999715,-2.526494090000007
2024-12-06,4977.77978515625,14.48,2.875,3.194,2.756,2.1639756999,71.10243001,103.00243001,59.20243000999999,3.4,0.005277232005955579,-0.5299999999999994,0.0,1.2236326700000006,2.123632669999992,2.4236326700000177
2024-12-09,4985.4599609375,14.68,2.873,3.195,2.756,2.1848501571,68.81498429000001,101.01498428999996,57.11498428999997,3.4,0.0015417027991278453,0.1999999999999993,0.0,-2.287445719999994,-1.9874457200000393,-2.0874457200000265
2024-12-10,4951.740234375,15.18,2.873,3.207,2.762,2.196991766,67.60082340000002,101.0008234,56.5008234,3.4,-0.006786590854779882,0.5,0.0,-1.214160889999988,-0.014160889999956794,-0.6141608899999653
2024-12-11,4959.35009765625,14.07,2.892,3.196,2.763,2.2067122243,68.52877757,98.92877757000002,55.62877757,3.4,0.001535626156506263,-1.1099999999999994,0.0,0.9279541699999783,-2.072045829999979,-0.8720458300000047
2024-12-12,4965.52978515625,13.84,2.975,3.337,2.848,2.2590743687,71.59256313000002,107.79256313000003,58.89256313,3.4,0.0012452923101465435,-0.23000000000000043,0.0,3.0637855600000137,8.86378556000001,3.2637855600000023
2024-12-13,4967.9501953125,13.75,3.034,3.389,2.918,2.3306589016,70.33410983999997,105.83410983999995,58.73410984,3.4,0.00048732371916185383,-0.08999999999999986,0.0,-1.2584532900000482,-1.9584532900000795,-0.15845328999999708
2024-12-16,4947.02978515625,14.42,3.044,3.399,2.931,2.3320425144,71.19574856000001,106.69574856,59.895748560000015,3.4,-0.004219966403067453,0.6699999999999999,0.0,0.8616387200000446,0.8616387200000446,1.1616387200000133
2024-12-17,4942.580078125,14.57,3.036,3.387,2.924,2.3137164817,72.22835182999998,107.32835182999996,61.02835182999997,3.4,-0.0008998752009506879,0.15000000000000036,0.0,1.0326032699999672,0.6326032699999615,1.1326032699999544
2024-12-18,4957.27978515625,14.52,3.054,3.409,2.94,2.339148239,71.48517609999998,106.98517609999998,60.08517609999999,3.15,0.002969682003043884,-0.05000000000000071,-0.25,-0.7431757300000044,-0.34317572999998447,-0.9431757299999788
2024-12-19,4879.0,18.63,3.111,3.473,3.0,2.4054384768,70.55615232000001,106.75615231999996,59.45615231999999,3.15,-0.015916879048123632,4.109999999999999,0.0,-0.9290237799999659,-0.22902378000001988,-0.6290237800000043
2024-12-20,4862.27978515625,16.84,3.084,3.45,2.978,2.3746841926,70.93158073999999,107.53158074,60.33158074,3.15,-0.0034328613144289344,-1.7899999999999991,0.0,0.37542841999997734,0.7754284200000399,0.8754284200000129
2024-12-23,4852.93017578125,17.19,3.142,3.502,3.026,2.4023438214,73.96561785999998,109.96561785999997,62.365617859999965,3.15,-0.0019247370461333642,0.3500000000000014,0.0,3.0340371199999936,2.434037119999971,2.034037119999965
2024-12-27,4898.8798828125,16.27,3.205,3.537,3.072,2.4317999928,77.32000072000002,110.52000072,64.02000072000003,3.15,0.009423901167157068,-0.9200000000000017,0.0,3.354382860000044,0.5543828600000325,1.6543828600000623
2024-12-30,4869.27978515625,17.0,3.195,3.532,3.06,2.4473038368,74.76961631999997,108.46961632,61.26961631999998,3.15,-0.006060545540578606,0.7300000000000004,0.0,-2.5503844000000555,-2.0503843999999987,-2.750384400000044
