Date,FR_10Y,IT_10Y,ES_10Y,AAA_10Y,spread_FR,spread_IT,spread_ES
2019-01-02,0.656,2.691,1.407,0.2277731720193814,42.82268279806186,246.32268279806183,117.92268279806186
2019-01-03,0.656,2.888,1.438,0.2462275849487483,40.97724150512517,264.17724150512515,119.17724150512517
2019-01-04,0.695,2.892,1.478,0.2746611771045129,42.03388228954871,261.7338822895487,120.33388228954871
2019-01-07,0.721,2.904,1.507,0.2888748335790811,43.212516642091884,261.5125166420919,121.81251664209188
2019-01-08,0.737,2.965,1.527,0.3105817908749722,42.64182091250278,265.44182091250275,121.64182091250278
2019-01-09,0.713,2.899,1.497,0.3011134769877213,41.18865230122787,259.7886523012279,119.58865230122788
2019-01-10,0.678,2.894,1.457,0.2674735772420931,41.052642275790696,262.6526422757907,118.9526422757907
2019-01-11,0.664,2.865,1.453,0.2487008781019892,41.52991218980108,261.6299121898011,120.42991218980109
2019-01-14,0.642,2.849,1.425,0.2426070715739641,39.93929284260359,260.6392928426036,118.23929284260359
2019-01-15,0.624,2.869,1.4,0.2388592302140466,38.51407697859534,263.01407697859537,116.11407697859532
2019-01-16,0.634,2.759,1.379,0.2580422898655383,37.595771013446175,250.09577101344615,112.09577101344617
2019-01-17,0.647,2.76,1.373,0.2672090339938258,37.979096600617424,249.2790966006174,110.57909660061742
2019-01-18,0.659,2.734,1.356,0.2811071406436354,37.789285935636464,245.28928593563646,107.48928593563647
2019-01-21,0.661,2.758,1.377,0.2881681561761904,37.283184382380966,246.98318438238095,108.88318438238096
2019-01-22,0.643,2.751,1.348,0.2680802570460607,37.49197429539393,248.2919742953939,107.99197429539393
2019-01-23,0.635,2.755,1.326,0.2652459915527392,36.97540084472608,248.97540084472607,106.07540084472609
2019-01-24,0.585,2.671,1.244,0.2159525970341627,36.904740296583725,245.50474029658372,102.80474029658373
2019-01-25,0.6,2.649,1.242,0.2245224257989444,37.547757420105555,242.44775742010555,101.74775742010556
2019-01-28,0.608,2.668,1.23,0.2289868402934871,37.90131597065129,243.9013159706513,100.10131597065129
2019-01-29,0.61,2.634,1.242,0.2268015997158632,38.31984002841368,240.71984002841367,101.51984002841368
2019-01-30,0.595,2.6,1.266,0.2152586627451107,37.974133725488926,238.47413372548894,105.07413372548893
2019-01-31,0.558,2.592,1.201,0.1876074798881903,37.03925201118098,240.43925201118097,101.33925201118097
2019-02-01,0.572,2.734,1.227,0.1876056777856991,38.43943222143009,254.63943222143007,103.9394322214301
2019-02-04,0.584,2.753,1.256,0.2057848207517945,37.82151792482055,254.72151792482057,105.02151792482056
2019-02-05,0.579,2.795,1.26,0.2156275055677969,36.33724944322031,257.9372494432203,104.43724944322031
2019-02-06,0.578,2.837,1.262,0.1950841126159166,38.291588738408336,264.19158873840837,106.69158873840834
2019-02-07,0.554,2.948,1.245,0.1473309502632198,40.66690497367802,280.066904973678,109.76690497367802
2019-02-08,0.539,2.977,1.24,0.1209066788765658,41.80933211234342,285.6093321123434,111.90933211234342
2019-02-11,0.571,2.89,1.25,0.1494672097430349,42.153279025696506,274.0532790256965,110.0532790256965
2019-02-12,0.566,2.844,1.246,0.1776718162281163,38.83281837718836,266.63281837718836,106.83281837718836
2019-02-13,0.553,2.785,1.244,0.1779687473438458,37.503125265615424,260.7031252656154,106.60312526561542
2019-02-14,0.528,2.806,1.245,0.1346361223007073,39.336387769929274,267.1363877699293,111.03638776992928
2019-02-15,0.537,2.8,1.248,0.1493039042508019,38.76960957491982,265.0696095749198,109.8696095749198
2019-02-18,0.546,2.768,1.234,0.156501247709333,38.949875229066706,261.14987522906665,107.74987522906669
2019-02-19,0.533,2.787,1.22,0.1541121528490903,37.88878471509097,263.28878471509097,106.58878471509097
2019-02-20,0.528,2.86,1.21,0.1454993038550047,38.25006961449953,271.4500696144995,106.45006961449953
2019-02-21,0.543,2.829,1.215,0.1839394969591405,35.90605030408596,264.506050304086,103.10605030408595
2019-02-22,0.516,2.853,1.18,0.1479103895348381,36.808961046516195,270.5089610465162,103.20896104651618
2019-02-25,0.525,2.765,1.167,0.1583176480177206,36.66823519822794,260.66823519822793,100.86823519822794
2019-02-26,0.524,2.711,1.148,0.1601038119487405,36.389618805125956,255.08961880512592,98.78961880512594
2019-02-27,0.55,2.784,1.162,0.1967485204224011,35.325147957759896,258.7251479577599,96.52514795775988
2019-02-28,0.575,2.76,1.181,0.2281325209626938,34.68674790373062,253.18674790373058,95.28674790373063
2019-03-01,0.582,2.733,1.21,0.2549494461534891,32.70505538465109,247.8050553846511,95.50505538465109
2019-03-04,0.555,2.736,1.18,0.2247227033646335,33.027729663536654,251.12772966353668,95.52772966353665
2019-03-05,0.56,2.707,1.166,0.216517984050184,34.34820159498161,249.04820159498158,94.9482015949816
2019-03-06,0.512,2.614,1.123,0.1811138541074211,33.088614589257894,243.2886145892579,94.1886145892579
2019-03-07,0.423,2.487,1.05,0.1309803509597036,29.201964904029644,235.60196490402964,91.90196490402964
2019-03-08,0.41,2.506,1.063,0.1219710544043821,28.802894559561786,238.40289455956176,94.10289455956178
2019-03-11,0.473,2.563,1.164,0.1090820490458961,36.39179509541039,245.3917950954104,105.49179509541038
2019-03-12,0.476,2.539,1.185,0.1147251635682842,36.12748364317157,242.4274836431716,107.02748364317158
2019-03-13,0.467,2.56,1.202,0.1147251635682797,35.22748364317203,244.52748364317202,108.72748364317202
2019-03-14,0.471,2.499,1.209,0.1300044644419218,34.099553555807816,236.89955355580784,107.89955355580783
2019-03-15,0.462,2.498,1.201,0.1310416737271214,33.09583262728786,236.69583262728787,106.99583262728787
2019-03-18,0.454,2.462,1.168,0.1340795395141767,31.992046048582335,232.79204604858234,103.39204604858232
2019-03-19,0.476,2.487,1.183,0.1571049543599576,31.889504564004234,232.98950456400425,102.58950456400424
2019-03-20,0.458,2.511,1.177,0.1368180909245189,32.11819090754811,237.4181909075481,104.01819090754812
2019-03-21,0.402,2.443,1.114,0.0926855715652252,30.931442843477484,235.03144284347746,102.13144284347749
2019-03-22,0.347,2.449,1.079,0.0155754714761329,33.142452852386704,243.34245285238669,106.3424528523867
2019-03-25,0.35,2.516,1.111,0.032600052838323,31.739994716167697,248.3399947161677,107.8399947161677
2019-03-26,0.354,2.47,1.104,0.0280913337258392,32.59086662741608,244.19086662741609,107.59086662741608
2019-03-27,0.299,2.438,1.059,-0.0336564559057279,33.26564559057279,247.1656455905728,109.26564559057279
2019-03-28,0.313,2.477,1.107,-0.0232666246051294,33.62666246051294,250.02666246051294,113.02666246051294
2019-03-29,0.316,2.483,1.105,-0.0134294349958481,32.94294349958481,249.64294349958482,111.8429434995848
2019-04-01,0.372,2.516,1.143,0.0081585304100282,36.384146958997185,250.78414695899718,113.48414695899717
2019-04-02,0.355,2.53,1.12,0.0113446890750634,34.365531092493654,251.86553109249363,110.86553109249367
2019-04-03,0.39,2.545,1.145,0.055835304364467,33.4164695635533,248.91646956355328,108.91646956355329
2019-04-04,0.369,2.509,1.113,0.0442018633669638,32.47981366330362,246.47981366330362,106.87981366330361
2019-04-05,0.364,2.47,1.111,0.0499743692716569,31.40256307283431,242.00256307283433,106.1025630728343
2019-04-08,0.36,2.638,1.089,0.051849131345627,30.815086865437298,258.61508686543726,103.71508686543729
2019-04-09,0.346,2.577,1.083,0.0394865855229134,30.651341447708656,253.75134144770865,104.35134144770866
2019-04-10,0.317,2.556,1.045,0.0127112752718345,30.428872472816547,254.32887247281656,103.22887247281653
2019-04-11,0.332,2.513,1.004,0.0308424818041777,30.115751819582233,248.2157518195822,97.31575181958223
2019-04-12,0.396,2.544,1.051,0.090170766985913,30.582923301408705,245.3829233014087,96.0829233014087
2019-04-15,0.422,2.585,1.087,0.1150477302503643,30.695226974963568,246.99522697496357,97.19522697496356
2019-04-16,0.418,2.596,1.086,0.1072378389019834,31.076216109801656,248.87621610980167,97.87621610980166
2019-04-17,0.426,2.616,1.113,0.1274962291361352,29.85037708638648,248.8503770863865,98.55037708638648
2019-04-18,0.368,2.612,1.063,0.0725736382141772,29.54263617858228,253.9426361785823,99.04263617858227
2019-04-23,0.398,2.68,1.12,0.0845989246841316,31.340107531586842,259.54010753158684,103.54010753158684
2019-04-24,0.348,2.68,1.075,0.0390836468344439,30.89163531655561,264.0916353165556,103.5916353165556
2019-04-25,0.371,2.692,1.096,0.0391228593352925,33.187714066470754,265.28771406647076,105.68771406647075
2019-04-26,0.352,2.581,1.026,0.0304865472921314,32.151345270786855,255.05134527078687,99.55134527078687
2019-04-29,0.366,2.588,1.02,0.0561914214297303,30.980857857026965,253.18085785702698,96.38085785702697
2019-04-30,0.37,2.565,1.008,0.0761878544554783,29.38121455445217,248.88121455445216,93.18121455445217
2019-05-02,0.374,2.554,0.998,0.0593398053985803,31.46601946014197,249.46601946014195,93.86601946014197
2019-05-03,0.37,2.555,0.988,0.0651605071425143,30.48394928574857,248.9839492857486,92.28394928574856
2019-05-06,0.359,2.598,0.984,0.0617863578319615,29.72136421680385,253.62136421680384,92.22136421680385
2019-05-07,0.33,2.632,0.971,0.0193468238560781,31.06531761439219,261.2653176143922,95.16531761439218
2019-05-08,0.327,2.604,0.958,0.0019885055598809,32.501149444011915,260.2011494440119,95.6011494440119
2019-05-09,0.346,2.677,0.997,-0.0053698785817859,35.136987858178585,268.2369878581786,100.23698785817858
2019-05-10,0.346,2.685,0.978,0.0210306412591094,32.496935874089054,266.3969358740891,95.69693587408906
2019-05-13,0.333,2.719,0.996,-0.0012420114929847,33.42420114929847,272.02420114929845,99.72420114929848
2019-05-14,0.329,2.739,0.978,-0.0172238039155092,34.62238039155092,275.6223803915509,99.52238039155091
2019-05-15,0.306,2.747,0.962,-0.053947157757741,35.9947157757741,280.0947157757741,101.5947157757741
2019-05-16,0.292,2.685,0.907,-0.0280312101331166,32.003121013311656,271.3031210133117,93.50312101331167
2019-05-17,0.285,2.673,0.883,-0.0446204000615271,32.96204000615271,271.7620400061527,92.76204000615272
2019-05-20,0.313,2.705,0.889,-0.0279463745283292,34.09463745283292,273.29463745283294,91.69463745283292
2019-05-21,0.33,2.643,0.877,-0.0110129223581578,34.101292235815784,265.4012922358158,88.80129223581578
2019-05-22,0.306,2.634,0.87,-0.0156953901877687,32.169539018776874,264.96953901877686,88.56953901877687
2019-05-23,0.283,2.639,0.857,-0.050595377300898,33.3595377300898,268.9595377300898,90.7595377300898
2019-05-24,0.282,2.55,0.827,-0.0461320958908424,32.81320958908424,259.61320958908425,87.31320958908424
2019-05-27,0.263,2.658,0.81,-0.0727535517885158,33.57535517885158,273.07535517885157,88.27535517885158
2019-05-28,0.254,2.688,0.792,-0.0850865484653629,33.908654846536294,277.3086548465363,87.70865484653629
2019-05-29,0.227,2.645,0.733,-0.1100936805507961,33.709368055079615,275.5093680550796,84.3093680550796
2019-05-30,0.237,2.649,0.767,-0.0986345652019768,33.563456520197676,274.7634565201977,86.56345652019768
2019-05-31,0.211,2.663,0.716,-0.1317339566911721,34.273395669117214,279.4733956691172,84.7733956691172
2019-06-03,0.202,2.574,0.695,-0.1439480990346955,34.594809903469546,271.7948099034695,83.89480990346955
2019-06-04,0.186,2.525,0.668,-0.1462880655729286,33.228806557292856,267.1288065572929,81.42880655729286
2019-06-05,0.158,2.487,0.634,-0.1671417480833614,32.514174808336136,265.41417480833616,80.11417480833613
2019-06-06,0.117,2.491,0.611,-0.1668102519763499,28.38102519763499,265.781025197635,77.78102519763499
2019-06-07,0.085,2.361,0.551,-0.2058512388002991,29.08512388002991,256.68512388002995,75.68512388002992
2019-06-10,0.135,2.368,0.607,-0.1615216772769203,29.65216772769203,252.95216772769203,76.85216772769203
2019-06-11,0.119,2.382,0.578,-0.1732442800768798,29.22442800768798,255.524428007688,75.12442800768797
2019-06-12,0.117,2.369,0.576,-0.1754792559113274,29.24792559113274,254.44792559113276,75.14792559113273
2019-06-13,0.109,2.37,0.546,-0.184136216280125,29.3136216280125,255.41362162801252,73.0136216280125
2019-06-14,0.093,2.34,0.501,-0.192624006520115,28.562400652011497,253.26240065201148,69.3624006520115
2019-06-17,0.11,2.289,0.529,-0.1801843625105217,29.018436251052172,246.91843625105219,70.91843625105217
2019-06-18,0.011,2.105,0.392,-0.2541286667618458,26.512866676184583,235.9128666761846,64.61286667618458
2019-06-19,0.049,2.121,0.409,-0.2283185907642408,27.73185907642408,234.93185907642408,63.73185907642408
2019-06-20,0.011,2.151,0.39,-0.2589806351735197,26.998063517351973,240.99806351735197,64.89806351735197
2019-06-21,0.047,2.163,0.444,-0.220985780612763,26.798578061276302,238.39857806127628,66.4985780612763
2019-06-24,0.025,2.16,0.411,-0.236256178446395,26.1256178446395,239.62561784463952,64.72561784463949
2019-06-25,-0.006,2.157,0.38,-0.2668973850955889,26.08973850955889,242.3897385095589,64.6897385095589
2019-06-26,0.019,2.143,0.394,-0.2551530776744495,27.41530776744495,239.81530776744492,64.91530776744496
2019-06-27,0.0,2.133,0.398,-0.2476540647390281,24.76540647390281,238.0654064739028,64.56540647390281
2019-06-28,-0.006,2.09,0.395,-0.2588942841047439,25.28942841047439,234.88942841047438,65.3894284104744
2019-07-01,-0.049,2.001,0.336,-0.2822507044178106,23.325070441781058,228.32507044178107,61.82507044178106
2019-07-02,-0.058,1.857,0.295,-0.295684715854378,23.7684715854378,215.2684715854378,59.0684715854378
2019-07-03,-0.098,1.612,0.218,-0.3233026522007147,22.53026522007147,193.5302652200715,54.13026522007147
2019-07-04,-0.13,1.669,0.249,-0.3386541676528445,20.86541676528445,200.76541676528444,58.76541676528445
2019-07-05,-0.083,1.746,0.329,-0.2811771411426611,19.81771411426611,202.7177141142661,61.017714114266106
2019-07-08,-0.069,1.78,0.44,-0.3185665538172992,24.95665538172992,209.8566553817299,75.85665538172992
2019-07-09,-0.052,1.741,0.421,-0.2828982478013682,23.08982478013682,202.38982478013682,70.38982478013682
2019-07-10,-0.015,1.741,0.444,-0.2322518805097879,21.72518805097879,197.3251880509788,67.62518805097879
2019-07-11,0.02,1.715,0.481,-0.2050963058150006,22.50963058150006,192.00963058150006,68.60963058150006
2019-07-12,0.063,1.733,0.57,-0.1802300406916455,24.32300406916455,191.32300406916457,75.02300406916454
2019-07-15,0.013,1.64,0.513,-0.2239930439373068,23.69930439373068,186.39930439373066,73.69930439373069
2019-07-16,0.002,1.612,0.491,-0.2301979167969126,23.21979167969126,184.21979167969127,72.11979167969126
2019-07-17,-0.037,1.604,0.459,-0.2663176698717433,22.93176698717433,187.03176698717434,72.53176698717434
2019-07-18,-0.062,1.558,0.409,-0.2732295241437557,21.12295241437557,183.12295241437556,68.22295241437557
2019-07-19,-0.072,1.604,0.398,-0.2942121540578526,22.221215405785262,189.82121540578527,69.22121540578526
2019-07-22,-0.082,1.667,0.407,-0.308391021670733,22.6391021670733,197.5391021670733,71.5391021670733
2019-07-23,-0.089,1.603,0.406,-0.3188229363477268,22.98229363477268,192.1822936347727,72.48229363477267
2019-07-24,-0.114,1.497,0.351,-0.3556120516892473,24.16120516892473,185.26120516892476,70.66120516892474
2019-07-25,-0.111,1.524,0.372,-0.3128483573934599,20.184835739345992,183.684835739346,68.48483573934598
2019-07-26,-0.12,1.575,0.385,-0.3435090809685244,22.35090809685244,191.85090809685244,72.85090809685244
2019-07-29,-0.138,1.581,0.362,-0.3699780393391343,23.19780393391343,195.09780393391344,73.19780393391343
2019-07-30,-0.14,1.583,0.36,-0.3727334858910356,23.27334858910356,195.57334858910355,73.27334858910356
2019-07-31,-0.183,1.547,0.289,-0.3904594031654613,20.74594031654613,193.74594031654613,67.94594031654613
2019-08-01,-0.187,1.564,0.291,-0.418788529351183,23.1788529351183,198.27885293511832,70.9788529351183
2019-08-02,-0.234,1.541,0.256,-0.4522644373659639,21.82644373659639,199.3264437365964,70.82644373659639
2019-08-05,-0.235,1.564,0.257,-0.4904111160493314,25.541111604933143,205.44111160493316,74.74111160493314
2019-08-06,-0.264,1.509,0.241,-0.5044519797708062,24.045197977080623,201.3451979770806,74.54519797708062
2019-08-07,-0.313,1.433,0.169,-0.5782931035842056,26.52931035842056,201.12931035842055,74.72931035842056
2019-08-08,-0.279,1.538,0.243,-0.5273443492965746,24.834434929657455,206.53443492965744,77.03443492965746
2019-08-09,-0.266,1.826,0.273,-0.5389426225725074,27.294262257250736,236.49426225725074,81.19426225725074
2019-08-12,-0.284,1.736,0.238,-0.55705653084746,27.305653084746,229.305653084746,79.505653084746
2019-08-13,-0.312,1.62,0.213,-0.566503042976227,25.4503042976227,218.6503042976227,77.9503042976227
2019-08-14,-0.37,1.515,0.15,-0.6154969419987606,24.54969419987606,213.04969419987606,76.54969419987606
2019-08-15,-0.433,1.342,0.044,-0.6560361272580888,22.30361272580888,199.80361272580888,70.00361272580888
2019-08-16,-0.41,1.354,0.096,-0.6694386680997124,25.943866809971244,202.34386680997125,76.54386680997123
2019-08-19,-0.366,1.431,0.139,-0.6035549201196875,23.755492011968748,203.45549201196874,74.25549201196876
2019-08-20,-0.412,1.372,0.106,-0.6591605838044821,24.716058380448207,203.11605838044818,76.5160583804482
2019-08-21,-0.402,1.337,0.106,-0.6324653342967186,23.046533429671857,196.94653342967186,73.84653342967185
2019-08-22,-0.359,1.332,0.147,-0.6009931155429968,24.199311554299683,193.2993115542997,74.79931155429969
2019-08-23,-0.371,1.318,0.146,-0.6068446041662208,23.58446041662208,192.48446041662208,75.28446041662208
2019-08-26,-0.375,1.333,0.144,-0.6197477039190202,24.474770391902023,195.27477039190202,76.37477039190202
2019-08-27,-0.417,1.138,0.086,-0.6423986973704445,22.539869737044455,178.03986973704446,72.83986973704445
2019-08-28,-0.435,1.048,0.072,-0.6803128383431969,24.53128383431969,172.8312838343197,75.23128383431968
2019-08-29,-0.411,0.99,0.115,-0.6567194182117428,24.57194182117429,164.67194182117427,77.17194182117429
2019-08-30,-0.409,1.033,0.123,-0.6526805405710738,24.368054057107386,168.56805405710736,77.56805405710739
2019-09-02,-0.393,0.971,0.141,-0.6459338318807459,25.293383188074593,161.6933831880746,78.69338318807459
2019-09-03,-0.4,0.862,0.12,-0.6558821046502317,25.588210465023163,151.78821046502318,77.58821046502317
2019-09-04,-0.375,0.822,0.169,-0.6093422921739715,23.434229217397153,143.13422921739715,77.83422921739715
2019-09-05,-0.281,0.938,0.257,-0.5401369927529736,25.913699275297354,147.81369927529735,79.71369927529736
2019-09-06,-0.341,0.883,0.181,-0.587504400343394,24.6504400343394,147.0504400343394,76.85044003433941
2019-09-09,-0.279,0.955,0.228,-0.5297917094533093,25.07917094533093,148.47917094533094,75.77917094533093
2019-09-10,-0.245,1.026,0.267,-0.5259884867446023,28.098848674460232,155.19884867446024,79.29884867446023
2019-09-11,-0.26,0.976,0.274,-0.5217154825725316,26.171548257253164,149.77154825725316,79.57154825725317
2019-09-12,-0.242,0.844,0.229,-0.5264382987596723,28.443829875967232,137.04382987596722,75.54382987596723
2019-09-13,-0.175,0.87,0.313,-0.4428530465877127,26.78530465877127,131.28530465877125,75.58530465877126
2019-09-16,-0.201,0.853,0.272,-0.4300552577409258,22.905525774092578,128.3055257740926,70.20552577409258
2019-09-17,-0.18,0.929,0.302,-0.4355409695901002,25.55409695901002,136.45409695901003,73.75409695901001
2019-09-18,-0.223,0.868,0.239,-0.4555477016382112,23.254770163821117,132.35477016382112,69.45477016382111
2019-09-19,-0.21,0.888,0.267,-0.4564759425948046,24.647594259480464,134.44759425948044,72.34759425948046
2019-09-20,-0.22,0.921,0.246,-0.4734546186223682,25.345461862236817,139.44546186223684,71.94546186223683
2019-09-23,-0.289,0.834,0.163,-0.539055426277939,25.005542627793904,137.3055426277939,70.2055426277939
2019-09-24,-0.3,0.831,0.121,-0.5412999510699241,24.129995106992414,137.22999510699242,66.22999510699242
2019-09-25,-0.275,0.835,0.14,-0.5625564984968463,28.755649849684627,139.75564984968463,70.25564984968463
2019-09-26,-0.287,0.829,0.156,-0.5330093327805128,24.60093327805128,136.20093327805128,68.90093327805128
2019-09-27,-0.281,0.829,0.159,-0.540628427520967,25.962842752096694,136.9628427520967,69.9628427520967
2019-09-30,-0.273,0.828,0.149,-0.5210200593301089,24.802005933010886,134.90200593301088,67.00200593301089
2019-10-01,-0.263,0.856,0.164,-0.4911456205732021,22.81456205732021,134.7145620573202,65.51456205732022
2019-10-02,-0.25,0.896,0.179,-0.4890583508045334,23.905835080453343,138.50583508045332,66.80583508045335
2019-10-03,-0.286,0.828,0.147,-0.545025068308433,25.902506830843304,137.3025068308433,69.2025068308433
2019-10-04,-0.281,0.831,0.14,-0.5395014143504913,25.850141435049125,137.0501414350491,67.95014143504913
2019-10-07,-0.275,0.955,0.152,-0.5358568620820776,26.085686208207758,149.08568620820776,68.78568620820776
2019-10-08,-0.301,0.948,0.135,-0.5463180468511566,24.53180468511566,149.43180468511565,68.13180468511565
2019-10-09,-0.258,0.974,0.164,-0.5196653222910337,26.166532229103368,149.36653222910337,68.36653222910337
2019-10-10,-0.187,1.059,0.229,-0.4355530911837086,24.85530911837086,149.45530911837085,66.45530911837086
2019-10-11,-0.165,1.056,0.257,-0.404815146088354,23.9815146088354,146.0815146088354,66.1815146088354
2019-10-14,-0.181,1.02,0.223,-0.4109760015739629,22.997600157396292,143.0976001573963,63.3976001573963
2019-10-15,-0.162,1.035,0.233,-0.4199959140833309,25.79959140833309,145.4995914083331,65.29959140833309
2019-10-16,-0.136,1.028,0.255,-0.3406904201441074,20.46904201441074,136.86904201441075,59.56904201441073
2019-10-17,-0.148,0.995,0.236,-0.3533183535963942,20.53183535963942,134.83183535963943,58.931835359639415
2019-10-18,-0.077,1.03,0.261,-0.3320884254293594,25.508842542935938,136.20884254293594,59.308842542935935
2019-10-21,-0.04,1.089,0.302,-0.2977929654352937,25.779296543529373,138.67929654352938,59.97929654352937
2019-10-22,-0.062,1.03,0.272,-0.3260065424401097,26.40065424401097,135.60065424401097,59.80065424401098
2019-10-23,-0.092,1.042,0.258,-0.3528551036786362,26.08551036786362,139.48551036786364,61.08551036786363
2019-10-24,-0.105,1.01,0.254,-0.354018210845731,24.9018210845731,136.4018210845731,60.801821084573106
2019-10-25,-0.071,1.047,0.273,-0.3282783360588817,25.72783360588817,137.52783360588816,60.12783360588817
2019-10-28,-0.028,1.103,0.317,-0.2807901987884289,25.279019878842888,138.37901987884288,59.77901987884289
2019-10-29,-0.055,1.097,0.294,-0.3011600967122811,24.616009671228113,139.8160096712281,59.51600967122811
2019-10-30,-0.058,1.094,0.3,-0.3108008455914759,25.280084559147593,140.4800845591476,61.08008455914759
2019-10-31,-0.097,1.028,0.252,-0.3645588719895603,26.75588719895603,139.25588719895603,61.65588719895603
2019-11-01,-0.069,1.097,0.289,-0.3441161750711101,27.51161750711101,144.11161750711102,63.31161750711101
2019-11-04,-0.044,1.094,0.321,-0.3021454461068025,25.81454461068025,139.61454461068027,62.314544610680244
2019-11-05,-0.016,1.113,0.335,-0.2710676566086931,25.506765660869306,138.40676566086933,60.606765660869314
2019-11-06,-0.031,1.124,0.312,-0.2787346063823466,24.77346063823466,140.27346063823467,59.073460638234664
2019-11-07,0.049,1.25,0.389,-0.2201532546105151,26.91532546105151,147.0153254610515,60.915325461051516
2019-11-08,0.025,1.272,0.4,-0.2103714368814579,23.53714368814579,148.2371436881458,61.03714368814579
2019-11-11,0.052,1.342,0.436,-0.2123400482789588,26.43400482789588,155.43400482789588,64.83400482789588
2019-11-12,0.051,1.304,0.46,-0.1979308834242665,24.89308834242665,150.19308834242665,65.79308834242666
2019-11-13,0.014,1.333,0.466,-0.2515448649363168,26.55448649363168,158.45448649363166,71.75448649363167
2019-11-14,-0.022,1.433,0.465,-0.2868179394782228,26.48179394782228,171.9817939478223,75.18179394782229
2019-11-15,-0.02,1.33,0.459,-0.2871831969159881,26.718319691598808,161.71831969159882,74.61831969159881
2019-11-18,-0.027,1.294,0.426,-0.2900271193479522,26.30271193479522,158.40271193479524,71.60271193479521
2019-11-19,-0.027,1.331,0.443,-0.2841604354693521,25.716043546935207,161.5160435469352,72.71604354693521
2019-11-20,-0.042,1.301,0.433,-0.3109123343617468,26.891233436174684,161.19123343617468,74.39123343617469
2019-11-21,-0.014,1.282,0.465,-0.272655670494704,25.8655670494704,155.46556704947042,73.7655670494704
2019-11-22,-0.044,1.297,0.42,-0.2973916357957993,25.33916357957993,159.4391635795799,71.73916357957992
2019-11-25,-0.037,1.278,0.419,-0.3061156040067034,26.911560400670343,158.41156040067034,72.51156040067033
2019-11-26,-0.059,1.274,0.405,-0.3272787648525148,26.82787648525148,160.12787648525148,73.22787648525149
2019-11-27,-0.057,1.323,0.408,-0.3124069590627201,25.54069590627201,163.540695906272,72.040695906272
2019-11-28,-0.051,1.349,0.422,-0.3103829971593468,25.938299715934683,165.93829971593468,73.23829971593467
2019-11-29,-0.049,1.338,0.431,-0.2973038143639779,24.83038143639779,163.5303814363978,72.8303814363978
2019-12-02,0.028,1.446,0.497,-0.2256774051360315,25.36774051360315,167.16774051360315,72.26774051360316
2019-12-03,-0.044,1.385,0.427,-0.2736879642698002,22.96879642698002,165.86879642698003,70.06879642698001
2019-12-04,-0.005,1.381,0.458,-0.2799956118351088,27.499561183510878,166.09956118351087,73.79956118351087
2019-12-05,0.023,1.483,0.502,-0.22895993687438,25.195993687438,171.195993687438,73.095993687438
2019-12-06,0.031,1.447,0.503,-0.2352510049178291,26.62510049178291,168.2251004917829,73.82510049178292
2019-12-09,0.013,1.391,0.474,-0.2490349363125705,26.203493631257054,164.00349363125707,72.30349363125706
2019-12-10,0.017,1.348,0.475,-0.2320126396514843,24.90126396514843,158.00126396514844,70.70126396514843
2019-12-11,-0.007,1.321,0.432,-0.250099353815663,24.3099353815663,157.1099353815663,68.2099353815663
2019-12-12,0.042,1.342,0.462,-0.23276364955082,27.476364955082,157.476364955082,69.476364955082
2019-12-13,0.002,1.258,0.427,-0.209293288334734,21.1293288334734,146.7293288334734,63.629328833473394
2019-12-16,0.022,1.299,0.433,-0.2336635567080494,25.566355670804942,153.26635567080493,66.66635567080495
2019-12-17,0.009,1.275,0.406,-0.2264504818646728,23.54504818646728,150.14504818646728,63.24504818646728
2019-12-18,0.051,1.338,0.432,-0.1954644282915549,24.646442829155486,153.3464428291555,62.74644282915549
2019-12-19,0.066,1.396,0.469,-0.1588309274253023,22.483092742530232,155.48309274253023,62.78309274253022
2019-12-20,0.055,1.421,0.46,-0.1754136474164531,23.04136474164531,159.64136474164533,63.54136474164531
2019-12-23,0.058,1.439,0.447,-0.1836878146458915,24.168781464589152,162.26878146458915,63.06878146458915
2019-12-27,0.047,1.396,0.419,-0.1911062849224456,23.81062849224456,158.71062849224455,61.01062849224456
2019-12-30,0.12,1.422,0.476,-0.1416139923580766,26.161399235807657,156.36139923580765,61.76139923580766
2020-01-02,0.079,1.425,0.461,-0.1739952290506492,25.29952290506492,159.89952290506494,63.49952290506492
2020-01-03,0.02,1.345,0.395,-0.2229262874035447,24.29262874035447,156.79262874035447,61.79262874035447
2020-01-06,0.022,1.358,0.405,-0.2474256713180889,26.942567131808893,160.5425671318089,65.2425671318089
2020-01-07,0.021,1.389,0.415,-0.2321297946632867,25.312979466328674,162.11297946632868,64.71297946632866
2020-01-08,0.048,1.407,0.433,-0.2045804381697511,25.25804381697511,161.15804381697512,63.75804381697511
2020-01-09,0.065,1.38,0.455,-0.1704795188835031,23.547951888350312,155.0479518883503,62.54795188835032
2020-01-10,0.049,1.332,0.443,-0.1716351285092181,22.063512850921814,150.3635128509218,61.46351285092181
2020-01-13,0.091,1.385,0.484,-0.1406716470596256,23.16716470596256,152.56716470596257,62.46716470596256
2020-01-14,0.083,1.39,0.481,-0.1581516795862603,24.11516795862603,154.81516795862603,63.91516795862603
2020-01-15,0.049,1.39,0.45,-0.1844169430166284,23.34169430166284,157.44169430166284,63.44169430166284
2020-01-16,0.045,1.438,0.468,-0.1952813726951796,24.028137269517956,163.32813726951795,66.32813726951797
2020-01-17,0.042,1.386,0.468,-0.1876597776975583,22.96597776975583,157.36597776975583,65.56597776975583
2020-01-20,0.039,1.36,0.451,-0.1961084729175675,23.51084729175675,155.61084729175676,64.71084729175675
2020-01-21,0.009,1.366,0.424,-0.2024295210555888,21.142952105558884,156.8429521055589,62.64295210555888
2020-01-22,-0.007,1.352,0.415,-0.2413260651055151,23.43260651055151,159.33260651055153,65.63260651055151
2020-01-23,-0.061,1.255,0.362,-0.274775830234081,21.377583023408096,152.9775830234081,63.67758302340809
2020-01-24,-0.077,1.23,0.347,-0.2890709559875732,21.20709559875732,151.90709559875734,63.607095598757326
2020-01-27,-0.125,1.043,0.288,-0.3474035493063248,22.240354930632478,139.04035493063247,63.54035493063248
2020-01-28,-0.089,1.028,0.315,-0.3346603235730501,24.56603235730501,136.26603235730502,64.96603235730501
2020-01-29,-0.122,0.963,0.303,-0.3448154271763561,22.28154271763561,130.7815427176356,64.7815427176356
2020-01-30,-0.147,0.939,0.273,-0.3635179596217428,21.651795962174283,130.2517959621743,63.65179596217428
2020-01-31,-0.183,0.924,0.23,-0.3982077398358039,21.520773983580387,132.2207739835804,62.820773983580395
2020-02-03,-0.18,0.957,0.246,-0.402813896006994,22.281389600699402,135.9813896006994,64.8813896006994
2020-02-04,-0.144,0.948,0.276,-0.355814043587328,21.1814043587328,130.3814043587328,63.181404358732806
2020-02-05,-0.102,0.967,0.297,-0.3251897667994936,22.31897667994936,129.21897667994935,62.21897667994936
2020-02-06,-0.112,0.969,0.3,-0.3121010087922475,20.01010087922475,128.11010087922475,61.21010087922475
2020-02-07,-0.134,0.948,0.29,-0.3566917083887873,22.269170838878726,130.4691708388787,64.66917083887873
2020-02-10,-0.165,0.952,0.261,-0.3609515216190782,19.595152161907816,131.29515216190782,62.19515216190782
2020-02-11,-0.143,0.972,0.271,-0.3585664011272444,21.55664011272444,133.05664011272444,62.956640112724436
2020-02-12,-0.14,0.922,0.312,-0.3428180050697578,20.281800506975777,126.48180050697579,65.48180050697579
2020-02-13,-0.145,0.896,0.304,-0.348096359725043,20.3096359725043,124.40963597250429,65.2096359725043
2020-02-14,-0.156,0.924,0.298,-0.3705077224328503,21.45077224328503,129.45077224328503,66.85077224328502
2020-02-17,-0.16,0.906,0.292,-0.3642674431213324,20.42674431213324,127.02674431213326,65.62674431213324
2020-02-18,-0.168,0.929,0.289,-0.3628297946670535,19.48297946670535,129.18297946670535,65.18297946670535
2020-02-19,-0.183,0.942,0.273,-0.3712332951487851,18.823329514878512,131.3233295148785,64.42332951487852
2020-02-20,-0.213,0.913,0.232,-0.3924990118510174,17.949901185101737,130.54990118510176,62.449901185101744
2020-02-21,-0.205,0.907,0.228,-0.4108924274161136,20.58924274161136,131.78924274161136,63.88924274161136
2020-02-24,-0.233,0.968,0.214,-0.4397553021274061,20.675530212740608,140.77553021274062,65.37553021274061
2020-02-25,-0.246,0.982,0.217,-0.4545266652956194,20.85266652956194,143.65266652956194,67.15266652956194
2020-02-26,-0.229,0.994,0.249,-0.4496438968959015,22.06438968959015,144.36438968959015,69.86438968959014
2020-02-27,-0.26,1.074,0.307,-0.5029516978646975,24.29516978646975,157.69516978646976,80.99516978646975
2020-02-28,-0.287,1.127,0.299,-0.5719619376432523,28.496193764325234,169.89619376432523,87.09619376432522
2020-03-02,-0.299,1.154,0.291,-0.5880763725897622,28.90763725897622,174.2076372589762,87.90763725897621
2020-03-03,-0.326,0.985,0.186,-0.5560707424315745,23.00707424315745,154.10707424315743,74.20707424315745
2020-03-04,-0.322,1.017,0.178,-0.5861897239546017,26.418972395460166,160.31897239546015,76.41897239546016
2020-03-05,-0.351,1.068,0.218,-0.6207002835710718,26.97002835710718,168.87002835710717,83.87002835710717
2020-03-06,-0.354,1.079,0.218,-0.6907591114368969,33.675911143689696,176.9759111436897,90.87591114368969
2020-03-09,-0.377,1.408,0.275,-0.8152153483803315,43.82153483803315,222.32153483803313,109.02153483803315
2020-03-10,-0.291,1.386,0.354,-0.739890248508448,44.8890248508448,212.58902485084477,109.3890248508448
2020-03-11,-0.318,1.186,0.266,-0.7025231014419004,38.452310144190044,188.85231014419003,96.85231014419004
2020-03-12,-0.139,1.895,0.477,-0.6823884534583988,54.33884534583988,257.7388453458399,115.93884534583987
2020-03-13,0.02,1.805,0.633,-0.4964854710742976,51.648547107429756,230.14854710742975,112.94854710742976
2020-03-16,0.171,2.164,0.841,-0.3928589740459123,56.38589740459123,255.68589740459123,123.38589740459123
2020-03-17,0.246,2.391,1.051,-0.3574957916003418,60.34957916003418,274.8495791600342,140.84957916003418
2020-03-18,0.366,2.495,1.233,-0.1780639156936012,54.40639156936011,267.30639156936013,141.10639156936014
2020-03-19,0.251,1.819,0.907,-0.1069264996597154,35.79264996597154,192.59264996597153,101.39264996597154
2020-03-20,0.125,1.635,0.77,-0.2482208155816199,37.32208155816199,188.32208155816198,101.822081558162
2020-03-23,0.112,1.605,0.77,-0.291235780141823,40.323578014182296,189.6235780141823,106.1235780141823
2020-03-24,0.185,1.592,0.895,-0.2663578457315503,45.13578457315503,185.83578457315502,116.13578457315504
2020-03-25,0.221,1.576,0.881,-0.2383652373274745,45.936523732747446,181.43652373274745,111.93652373274745
2020-03-26,0.015,1.243,0.567,-0.2686452399296861,28.36452399296861,151.1645239929686,83.5645239929686
2020-03-27,-0.051,1.334,0.538,-0.3952602898250528,34.42602898250528,172.92602898250527,93.32602898250528
2020-03-30,-0.064,1.486,0.596,-0.4505475844329756,38.65475844329756,193.65475844329757,104.65475844329757
2020-03-31,0.001,1.534,0.682,-0.4142217275658404,41.52217275658404,194.82217275658405,109.62217275658404
2020-04-01,0.005,1.547,0.696,-0.3792923258915759,38.42923258915759,192.6292325891576,107.52923258915759
2020-04-02,0.052,1.492,0.711,-0.3618051034749845,41.38051034749845,185.38051034749844,107.28051034749843
2020-04-03,0.071,1.542,0.748,-0.3678165416972803,43.88165416972803,190.98165416972805,111.58165416972803
2020-04-06,0.068,1.542,0.721,-0.3326687054384121,40.06687054384121,187.46687054384122,105.36687054384122
2020-04-07,0.178,1.602,0.816,-0.2487718486590724,42.677184865907236,185.07718486590724,106.47718486590722
2020-04-08,0.173,1.656,0.843,-0.2190768577083477,39.207685770834765,187.50768577083477,106.20768577083477
2020-04-09,0.108,1.599,0.787,-0.2522837548004877,36.028375480048766,185.12837548004876,103.92837548004876
2020-04-14,0.107,1.789,0.844,-0.2988593947948299,40.58593947948299,208.78593947948298,114.28593947948298
2020-04-15,0.057,1.908,0.868,-0.3758689460178548,43.286894601785484,228.38689460178549,124.38689460178547
2020-04-16,0.047,1.857,0.834,-0.3737586621562259,42.07586621562259,223.07586621562257,120.7758662156226
2020-04-17,0.034,1.79,0.817,-0.3707949403650108,40.47949403650109,216.07949403650107,118.77949403650108
2020-04-20,0.084,1.952,0.901,-0.3468469364480637,43.08469364480637,229.88469364480636,124.78469364480638
2020-04-21,0.076,1.978,1.007,-0.3702438109681485,44.62438109681485,234.82438109681488,137.72438109681485
2020-04-22,0.131,2.107,1.139,-0.3333140192188724,46.431401921887236,244.03140192188727,147.23140192188723
2020-04-23,0.078,2.006,1.051,-0.3358285909046601,41.38285909046601,234.182859090466,138.682859090466
2020-04-24,0.027,1.89,0.957,-0.3625937456042409,38.959374560424095,225.25937456042408,131.95937456042407
2020-04-27,0.023,1.759,0.9,-0.3555674087408658,37.85674087408658,211.45674087408656,125.55674087408657
2020-04-28,0.003,1.735,0.85,-0.3724736202926442,37.54736202926442,210.74736202926445,122.24736202926442
2020-04-29,-0.038,1.769,0.807,-0.4120554793862694,37.405547938626945,218.1055479386269,121.90554793862694
2020-04-30,-0.102,1.777,0.733,-0.4577088658789732,35.57088658789732,223.47088658789733,119.07088658789733
2020-05-04,-0.043,1.755,0.836,-0.4445438869151521,40.154388691515216,219.95438869151522,128.05438869151521
2020-05-05,-0.064,1.874,0.863,-0.4497137463667042,38.57137463667042,232.37137463667042,131.27137463667043
2020-05-06,0.007,1.978,0.921,-0.4175174965383055,42.451749653830554,239.55174965383054,133.85174965383055
2020-05-07,-0.032,1.903,0.895,-0.4149614266412413,38.29614266412413,231.79614266412415,130.99614266412414
2020-05-08,-0.035,1.839,0.869,-0.4204737893138675,38.547378931386746,225.94737893138674,128.94737893138674
2020-05-11,-0.011,1.887,0.888,-0.4075834627421506,39.65834627421506,229.45834627421507,129.55834627421504
2020-05-12,-0.021,1.892,0.868,-0.3875111130354143,36.65111130354143,227.9511113035414,125.55111130354142
2020-05-13,-0.045,1.807,0.815,-0.4225872451115355,37.75872451115355,222.95872451115355,123.75872451115355
2020-05-14,-0.04,1.822,0.825,-0.4477477072921043,40.77477072921043,226.9747707292104,127.27477072921043
2020-05-15,-0.023,1.854,0.842,-0.458467797394662,43.546779739466196,231.2467797394662,130.0467797394662
2020-05-18,-0.012,1.703,0.81,-0.4167596324400104,40.475963244001036,211.97596324400104,122.67596324400105
2020-05-19,-0.018,1.647,0.718,-0.3754843147794826,35.74843147794826,202.24843147794823,109.34843147794825
2020-05-20,-0.032,1.635,0.72,-0.4019455041177679,36.99455041177679,203.6945504117768,112.19455041177679
2020-05-21,-0.052,1.634,0.71,-0.4103757780394184,35.83757780394184,204.43757780394182,112.03757780394183
2020-05-22,-0.033,1.606,0.701,-0.3991108371600362,36.61108371600362,200.5110837160036,110.01108371600361
2020-05-25,-0.039,1.588,0.702,-0.4033485531642906,36.43485531642906,199.13485531642908,110.53485531642906
2020-05-26,0.008,1.553,0.697,-0.3475946422598603,35.559464225986034,190.05946422598603,104.45946422598603
2020-05-27,-0.009,1.491,0.652,-0.330152516124806,32.1152516124806,182.11525161248062,98.2152516124806
2020-05-28,-0.056,1.435,0.587,-0.3403945214275654,28.439452142756537,177.53945214275655,92.73945214275653
2020-05-29,-0.075,1.491,0.569,-0.3592212288998233,28.422122889982326,185.02212288998234,92.82212288998232
2020-06-01,-0.022,1.469,0.587,-0.3183326909071988,29.633269090719878,178.7332690907199,90.53326909071988
2020-06-02,-0.049,1.509,0.564,-0.3308349151691883,28.183491516918828,183.98349151691883,89.48349151691882
2020-06-03,0.01,1.552,0.619,-0.2873537356547566,29.73537356547566,183.93537356547566,90.63537356547566
2020-06-04,-0.003,1.42,0.575,-0.2466432367094002,24.36432367094002,166.66432367094,82.16432367094002
2020-06-05,0.024,1.422,0.567,-0.2011248622454076,22.51248622454076,162.31248622454075,76.81248622454075
2020-06-08,0.047,1.407,0.56,-0.2399232584266961,28.692325842669607,164.69232584266962,79.99232584266962
2020-06-09,0.075,1.463,0.646,-0.2569465607478602,33.194656074786025,171.99465607478604,90.29465607478602
2020-06-10,0.078,1.514,0.69,-0.2582867477598141,33.62867477598141,177.2286747759814,94.8286747759814
2020-06-11,0.002,1.485,0.638,-0.3402277341546318,34.22277341546318,182.52277341546318,97.82277341546319
2020-06-12,-0.044,1.418,0.606,-0.3550624816158323,31.106248161583235,177.30624816158323,96.10624816158322
2020-06-15,-0.045,1.401,0.567,-0.3745102924390311,32.951029243903115,177.55102924390312,94.15102924390311
2020-06-16,-0.047,1.362,0.54,-0.3498574643246215,30.28574643246215,171.18574643246217,88.98574643246215
2020-06-17,-0.051,1.375,0.565,-0.3633493844474578,31.23493844474578,173.83493844474577,92.83493844474577
2020-06-18,-0.076,1.343,0.527,-0.3801660799551247,30.416607995512468,172.31660799551247,90.71660799551246
2020-06-19,-0.094,1.323,0.504,-0.3873921899015462,29.339218990154624,171.0392189901546,89.13921899015462
2020-06-22,-0.116,1.357,0.468,-0.423582335223907,30.7582335223907,178.0582335223907,89.1582335223907
2020-06-23,-0.082,1.334,0.492,-0.3854677716831549,30.346777168315487,171.9467771683155,87.74677716831549
2020-06-24,-0.103,1.34,0.474,-0.3785676032424985,27.55676032424985,171.85676032424985,85.25676032424985
2020-06-25,-0.12,1.368,0.465,-0.4317089595925036,31.170895959250362,179.97089595925038,89.67089595925036
2020-06-26,-0.126,1.372,0.471,-0.4303633793999046,30.43633793999046,180.23633793999048,90.13633793999045
2020-06-29,-0.125,1.364,0.484,-0.4206285712497437,29.562857124974368,178.4628571249744,90.46285712497438
2020-06-30,-0.116,1.327,0.472,-0.4511601140782186,33.516011407821864,177.81601140782186,92.31601140782186
2020-07-01,-0.058,1.343,0.512,-0.3646722682488486,30.667226824884857,170.76722682488486,87.66722682488486
2020-07-02,-0.106,1.286,0.459,-0.3868078043952838,28.08078043952838,167.2807804395284,84.58078043952838
2020-07-03,-0.107,1.33,0.454,-0.4010754066396234,29.40754066396234,173.10754066396234,85.50754066396233
2020-07-06,-0.116,1.308,0.429,-0.3927475129734308,27.674751297343082,170.07475129734308,82.17475129734308
2020-07-07,-0.115,1.288,0.422,-0.3961275728936626,28.112757289366265,168.41275728936625,81.81275728936626
2020-07-08,-0.13,1.275,0.416,-0.4046544079135743,27.46544079135743,167.96544079135742,82.06544079135742
2020-07-09,-0.138,1.282,0.412,-0.4229079331193075,28.49079331193075,170.49079331193076,83.49079331193074
2020-07-10,-0.14,1.288,0.43,-0.4523359643399973,31.23359643399973,174.03359643399975,88.23359643399972
2020-07-13,-0.095,1.308,0.447,-0.3887019794626258,29.37019794626258,169.6701979462626,83.57019794626258
2020-07-14,-0.129,1.277,0.413,-0.4133933435176868,28.43933435176868,169.03933435176867,82.63933435176868
2020-07-15,-0.131,1.27,0.426,-0.3935838896794204,26.258388967942036,166.35838896794203,81.95838896794203
2020-07-16,-0.15,1.243,0.411,-0.4334242541405415,28.34242541405415,167.64242541405417,84.44242541405414
2020-07-17,-0.137,1.24,0.428,-0.4280650570372879,29.106505703728793,166.8065057037288,85.60650570372879
2020-07-20,-0.161,1.158,0.38,-0.4451441100187625,28.41441100187625,160.31441100187624,82.51441100187624
2020-07-21,-0.157,1.139,0.366,-0.4292295495792557,27.222954957925573,156.8229549579256,79.52295495792556
2020-07-22,-0.186,1.1,0.341,-0.4651311290657629,27.91311290657629,156.5131129065763,80.61311290657629
2020-07-23,-0.18,1.048,0.331,-0.4566251008242981,27.662510082429808,150.46251008242982,78.7625100824298
2020-07-24,-0.141,1.071,0.373,-0.4252819763955449,28.428197639554487,149.6281976395545,79.82819763955449
2020-07-27,-0.185,1.049,0.353,-0.4598172096411765,27.48172096411765,150.88172096411765,81.28172096411765
2020-07-28,-0.191,1.075,0.363,-0.4746202109197215,28.36202109197215,154.96202109197213,83.76202109197214
2020-07-29,-0.178,1.063,0.354,-0.47856820944452,30.056820944452,154.156820944452,83.25682094445199
2020-07-30,-0.214,1.033,0.319,-0.5257299860719304,31.172998607193048,155.87299860719304,84.47299860719303
2020-07-31,-0.198,1.077,0.343,-0.4934549928365368,29.54549928365368,157.04549928365367,83.64549928365368
2020-08-03,-0.203,1.075,0.355,-0.4791267995860484,27.61267995860484,155.41267995860483,83.41267995860484
2020-08-04,-0.237,1.019,0.292,-0.5326657581051517,29.56657581051517,155.16657581051516,82.46657581051518
2020-08-05,-0.199,1.04,0.332,-0.4832810799663196,28.428107996631958,152.32810799663196,81.52810799663196
2020-08-06,-0.231,0.99,0.282,-0.5196281607510835,28.862816075108356,150.96281607510835,80.16281607510835
2020-08-07,-0.21,0.987,0.29,-0.5072362463236098,29.72362463236098,149.423624632361,79.72362463236098
2020-08-10,-0.236,0.985,0.266,-0.506526845811818,27.052684581181797,149.15268458118177,77.2526845811818
2020-08-11,-0.2,1.014,0.286,-0.4526879580656406,25.26879580656406,146.66879580656408,73.86879580656405
2020-08-12,-0.171,1.027,0.314,-0.4356647015693595,26.46647015693595,146.26647015693595,74.96647015693596
2020-08-13,-0.127,1.077,0.37,-0.3905306668893553,26.353066688935527,146.75306668893552,76.05306668893552
2020-08-14,-0.123,1.056,0.362,-0.3951394980824689,27.21394980824689,145.1139498082469,75.71394980824688
2020-08-17,-0.163,1.004,0.328,-0.4020355617151439,23.90355617151439,140.60355617151438,73.00355617151439
2020-08-18,-0.167,0.993,0.314,-0.4228381425945806,25.58381425945806,141.58381425945805,73.68381425945806
2020-08-19,-0.184,0.979,0.295,-0.446293914661847,26.229391466184698,142.5293914661847,74.12939146618469
2020-08-20,-0.201,0.98,0.293,-0.4859040806562595,28.49040806562595,146.59040806562595,77.89040806562595
2020-08-21,-0.197,1.006,0.299,-0.4764155970889594,27.94155970889594,148.24155970889595,77.54155970889593
2020-08-24,-0.191,1.007,0.326,-0.4782246599806603,28.72246599806603,148.52246599806602,80.42246599806604
2020-08-25,-0.134,1.096,0.388,-0.4121498534423615,27.81498534423615,150.81498534423616,80.01498534423615
2020-08-26,-0.122,1.086,0.381,-0.3908726618361373,26.88726618361373,147.68726618361373,77.18726618361373
2020-08-27,-0.113,1.086,0.39,-0.3701596542759735,25.715965427597354,145.61596542759736,76.01596542759735
2020-08-28,-0.1,1.102,0.386,-0.3902054514547712,29.020545145477115,149.22054514547713,77.62054514547711
2020-08-31,-0.089,1.159,0.411,-0.370767370836389,28.176737083638905,152.9767370836389,78.1767370836389
2020-09-01,-0.113,1.107,0.4,-0.3739073245545876,26.09073245545876,148.09073245545875,77.39073245545876
2020-09-02,-0.184,1.035,0.332,-0.4270503651526427,24.305036515264273,146.20503651526425,75.90503651526429
2020-09-03,-0.194,1.062,0.325,-0.4603707417079281,26.637074170792808,152.23707417079282,78.5370741707928
2020-09-04,-0.17,1.083,0.35,-0.4426237235498256,27.262372354982556,152.56237235498256,79.26237235498256
2020-09-07,-0.159,1.12,0.356,-0.434112557509938,27.5112557509938,155.4112557509938,79.0112557509938
2020-09-08,-0.191,1.103,0.332,-0.465297322710458,27.429732271045797,156.8297322710458,79.7297322710458
2020-09-09,-0.16,1.091,0.341,-0.435738335770917,27.5738335770917,152.6738335770917,77.6738335770917
2020-09-10,-0.141,1.075,0.351,-0.4085939394935156,26.759393949351562,148.35939394935156,75.95939394935156
2020-09-11,-0.19,1.041,0.309,-0.4355379983121357,24.553799831213567,147.65379983121358,74.45379983121356
2020-09-14,-0.2,1.021,0.282,-0.4638550524276317,26.38550524276317,148.48550524276317,74.58550524276318
2020-09-15,-0.21,0.999,0.273,-0.4530035279044373,24.300352790443732,145.20035279044373,72.60035279044374
2020-09-16,-0.223,0.973,0.262,-0.4628874293599914,23.988742935999138,143.58874293599914,72.48874293599914
2020-09-17,-0.229,0.956,0.267,-0.4735761258310185,24.45761258310185,142.95761258310185,74.05761258310186
2020-09-18,-0.22,0.969,0.283,-0.4729647916791992,25.296479167919916,144.1964791679199,75.59647916791991
2020-09-21,-0.253,0.941,0.255,-0.5014623559690459,24.846235596904588,144.24623559690457,75.64623559690459
2020-09-22,-0.238,0.867,0.236,-0.4839613130422657,24.59613130422657,135.09613130422656,71.99613130422658
2020-09-23,-0.242,0.852,0.23,-0.4806940500421865,23.869405004218653,133.26940500421864,71.06940500421865
2020-09-24,-0.23,0.878,0.25,-0.4881484814058701,25.81484814058701,136.61484814058701,73.814848140587
2020-09-25,-0.247,0.898,0.25,-0.4963290679447016,24.93290679447016,139.43290679447017,74.63290679447016
2020-09-28,-0.247,0.881,0.25,-0.5001584492716393,25.315844927163933,138.11584492716392,75.01584492716393
2020-09-29,-0.271,0.855,0.221,-0.5014359738487459,23.04359738487459,135.6435973848746,72.24359738487459
2020-09-30,-0.242,0.87,0.25,-0.4953658691276756,25.33658691276756,136.53658691276755,74.53658691276756
2020-10-01,-0.249,0.833,0.235,-0.4853429582467181,23.63429582467181,131.8342958246718,72.0342958246718
2020-10-02,-0.262,0.789,0.222,-0.5066794592273816,24.467945922738153,129.56794592273818,72.86794592273816
2020-10-05,-0.239,0.8,0.259,-0.4874808719694501,24.848087196945013,128.74808719694502,74.64808719694501
2020-10-06,-0.242,0.784,0.242,-0.4921696647913767,25.016966479137672,127.61696647913767,73.41696647913767
2020-10-07,-0.229,0.786,0.245,-0.4664222176752703,23.74222176752703,125.24222176752704,71.14222176752702
2020-10-08,-0.26,0.758,0.202,-0.4911001528521677,23.110015285216768,124.91001528521677,69.31001528521676
2020-10-09,-0.264,0.714,0.174,-0.5156040123577754,25.16040123577754,122.96040123577754,68.96040123577754
2020-10-12,-0.284,0.674,0.146,-0.5197315661591118,23.573156615911177,119.37315661591117,66.57315661591117
2020-10-13,-0.294,0.664,0.147,-0.5301042033197376,23.610420331973764,119.41042033197378,67.71042033197376
2020-10-14,-0.306,0.658,0.138,-0.5539630430253792,24.796304302537926,121.19630430253791,69.19630430253792
2020-10-15,-0.333,0.695,0.151,-0.5935013527583859,26.05013527583859,128.85013527583857,74.45013527583859
2020-10-16,-0.345,0.655,0.126,-0.5929924224393228,24.799242243932284,124.79924224393228,71.89924224393228
2020-10-19,-0.339,0.718,0.163,-0.5837748201340967,24.477482013409663,130.17748201340967,74.67748201340967
2020-10-20,-0.328,0.74,0.184,-0.5828554477846564,25.485544778465634,132.28554477846563,76.68554477846563
2020-10-21,-0.31,0.745,0.206,-0.5619477989644484,25.194779896444835,130.69477989644486,76.79477989644484
2020-10-22,-0.283,0.803,0.227,-0.5493628922720837,26.63628922720837,135.23628922720837,77.63628922720837
2020-10-23,-0.298,0.764,0.2,-0.5347056709079472,23.67056709079472,129.8705670907947,73.47056709079472
2020-10-26,-0.297,0.731,0.187,-0.5440869293022681,24.70869293022681,127.5086929302268,73.10869293022681
2020-10-27,-0.326,0.704,0.161,-0.5840760697426433,25.807606974264324,128.80760697426433,74.50760697426433
2020-10-28,-0.326,0.768,0.181,-0.602136529408114,27.613652940811402,137.0136529408114,78.31365294081141
2020-10-29,-0.353,0.701,0.136,-0.6030597807678006,25.005978076780067,130.40597807678006,73.90597807678006
2020-10-30,-0.34,0.718,0.137,-0.6034864733654897,26.348647336548964,132.14864733654898,74.04864733654897
2020-11-02,-0.35,0.716,0.126,-0.6056602920696017,25.566029206960174,132.16602920696016,73.16602920696018
2020-11-03,-0.343,0.699,0.112,-0.5981530487713091,25.515304877130912,129.7153048771309,71.01530487713092
2020-11-04,-0.361,0.661,0.092,-0.61858764979943,25.758764979943006,127.95876497994301,71.058764979943
2020-11-05,-0.36,0.633,0.092,-0.5994041413612963,23.94041413612963,123.24041413612963,69.14041413612962
2020-11-06,-0.352,0.618,0.1,-0.5879951845192029,23.599518451920286,120.59951845192028,68.79951845192028
2020-11-09,-0.254,0.72,0.193,-0.505353235919721,25.135323591972103,122.5353235919721,69.83532359197211
2020-11-10,-0.238,0.724,0.187,-0.4562919175746351,21.829191757463512,118.02919175746351,64.3291917574635
2020-11-11,-0.262,0.7,0.163,-0.4876685275821124,22.566852758211237,118.76685275821124,65.06685275821124
2020-11-12,-0.289,0.65,0.133,-0.5074823235409291,21.848232354092918,115.7482323540929,64.04823235409292
2020-11-13,-0.307,0.636,0.116,-0.5289951490019491,22.19951490019491,116.49951490019492,64.49951490019491
2020-11-16,-0.311,0.616,0.1,-0.5307732834270471,21.97732834270471,114.67732834270473,63.07732834270471
2020-11-17,-0.33,0.603,0.079,-0.54408000060462,21.408000060462,114.708000060462,62.308000060462
2020-11-18,-0.324,0.615,0.082,-0.5391208655469248,21.512086554692484,115.41208655469248,62.11208655469248
2020-11-19,-0.335,0.61,0.074,-0.5533823081298608,21.838230812986076,116.33823081298607,62.738230812986075
2020-11-20,-0.346,0.599,0.069,-0.5649592981213831,21.895929812138316,116.3959298121383,63.395929812138306
2020-11-23,-0.341,0.596,0.075,-0.555630375166674,21.4630375166674,115.16303751666742,63.0630375166674
2020-11-24,-0.332,0.573,0.074,-0.5564149473553304,22.441494735533034,112.94149473553303,63.041494735533036
2020-11-25,-0.335,0.577,0.068,-0.5487161480566476,21.371614805664755,112.57161480566475,61.67161480566477
2020-11-26,-0.35,0.566,0.054,-0.5578160547899262,20.781605478992628,112.38160547899261,61.18160547899263
2020-11-27,-0.344,0.56,0.061,-0.5575061289094765,21.35061289094765,111.75061289094765,61.850612890947644
2020-11-30,-0.323,0.585,0.084,-0.5496842544259004,22.66842544259004,113.46842544259003,63.36842544259004
2020-12-01,-0.283,0.642,0.122,-0.5156576019209256,23.26576019209256,115.76576019209254,63.76576019209256
2020-12-02,-0.285,0.604,0.106,-0.489175404356875,20.417540435687503,109.3175404356875,59.5175404356875
2020-12-03,-0.314,0.567,0.076,-0.5285281364203134,21.452813642031337,109.55281364203134,60.45281364203133
2020-12-04,-0.308,0.593,0.086,-0.5296154079176629,22.161540791766292,112.2615407917663,61.56154079176629
2020-12-07,-0.342,0.577,0.054,-0.5613015189065695,21.93015189065695,113.83015189065695,61.53015189065696
2020-12-08,-0.366,0.551,0.031,-0.5884381042211411,22.24381042211411,113.94381042211413,61.94381042211411
2020-12-09,-0.362,0.542,0.021,-0.580264468743704,21.826446874370397,112.2264468743704,60.1264468743704
2020-12-10,-0.356,0.527,0.026,-0.5835258649396518,22.752586493965175,111.0525864939652,60.95258649396518
2020-12-11,-0.381,0.522,0.006,-0.6148095761806123,23.380957618061228,113.68095761806123,62.08095761806123
2020-12-14,-0.372,0.511,0.005,-0.5929995565695565,22.09995565695565,110.39995565695565,59.79995565695565
2020-12-15,-0.372,0.483,-0.014,-0.599475694303583,22.747569430358304,108.24756943035831,58.5475694303583
2020-12-16,-0.329,0.504,0.027,-0.5456016619925665,21.660166199256654,104.96016619925666,57.26016619925666
2020-12-17,-0.335,0.506,0.031,-0.5701908146163914,23.51908146163914,107.61908146163914,60.11908146163915
2020-12-18,-0.332,0.536,0.049,-0.5621708132151224,23.01708132151224,109.81708132151225,61.117081321512245
2020-12-21,-0.342,0.543,0.055,-0.5758626630457333,23.38626630457333,111.88626630457334,63.086266304573336
2020-12-22,-0.352,0.522,0.05,-0.5736288136004735,22.162881360047347,109.56288136004734,62.36288136004735
2020-12-23,-0.312,0.562,0.079,-0.5324507486301204,22.045074863012044,109.44507486301205,61.14507486301204
2020-12-28,-0.328,0.509,0.059,-0.5391871813213847,21.118718132138465,104.81871813213846,59.81871813213846
2020-12-29,-0.345,0.522,0.05,-0.5599709461497477,21.497094614974777,108.19709461497477,60.99709461497478
2020-12-30,-0.336,0.525,0.056,-0.5700079921508663,23.400799215086625,109.50079921508662,62.60079921508663
2021-01-04,-0.366,0.52,0.026,-0.5720845536627377,20.60845536627377,109.20845536627377,59.80845536627377
2021-01-05,-0.333,0.532,0.042,-0.5750587859195333,24.20587859195333,110.70587859195334,61.705878591953336
2021-01-06,-0.319,0.541,0.052,-0.5401835256757694,22.11835256757694,108.11835256757693,59.21835256757695
2021-01-07,-0.315,0.531,0.049,-0.5427611275747775,22.776112757477744,107.37611275747776,59.17611275747775
2021-01-08,-0.317,0.498,0.043,-0.5446041356699363,22.760413566993627,104.26041356699362,58.76041356699363
2021-01-11,-0.287,0.54,0.066,-0.5154055823530368,22.840558235303682,105.54055823530368,58.140558235303686
2021-01-12,-0.257,0.64,0.117,-0.4912255062157467,23.42255062157467,113.12255062157467,60.82255062157466
2021-01-13,-0.311,0.557,0.066,-0.5260978206321765,21.509782063217646,108.30978206321764,59.20978206321765
2021-01-14,-0.328,0.609,0.063,-0.5633570715649387,23.535707156493874,117.23570715649387,62.63570715649387
2021-01-15,-0.317,0.583,0.06,-0.5439206382358588,22.69206382358588,112.69206382358587,60.392063823585886
2021-01-18,-0.305,0.604,0.079,-0.5311800653228023,22.618006532280226,113.51800653228024,61.018006532280225
2021-01-19,-0.304,0.56,0.071,-0.5188665579280682,21.486655792806825,107.88665579280683,58.98665579280682
2021-01-20,-0.298,0.585,0.08,-0.5357603655685685,23.776036556856855,112.07603655685685,61.57603655685685
2021-01-21,-0.269,0.654,0.128,-0.5006893786269213,23.16893786269213,115.46893786269212,62.86893786269213
2021-01-22,-0.278,0.714,0.125,-0.5150580152261877,23.705801522618763,122.90580152261876,64.00580152261877
2021-01-25,-0.315,0.647,0.078,-0.5515737942774792,23.65737942774792,119.85737942774793,62.95737942774792
2021-01-26,-0.301,0.617,0.076,-0.5405202820206063,23.95202820206063,115.75202820206063,61.65202820206063
2021-01-27,-0.307,0.621,0.079,-0.5571614336958302,25.016143369583016,117.81614336958302,63.616143369583014
2021-01-28,-0.304,0.639,0.076,-0.5417382582390453,23.77382582390453,118.07382582390453,61.773825823904524
2021-01-29,-0.273,0.643,0.101,-0.5122549639975529,23.925496399755286,115.52549639975528,61.32549639975529
2021-02-01,-0.275,0.624,0.098,-0.5112039222516493,23.62039222516493,113.52039222516494,60.92039222516493
2021-02-02,-0.245,0.656,0.12,-0.4850892939455988,24.008929394559882,114.10892939455988,60.50892939455987
2021-02-03,-0.241,0.586,0.126,-0.4657032906223932,22.47032906223932,105.1703290622393,59.17032906223931
2021-02-04,-0.236,0.548,0.125,-0.4489231951343231,21.29231951343231,99.69231951343231,57.39231951343231
2021-02-05,-0.225,0.543,0.131,-0.4547085137008468,22.97085137008468,99.77085137008469,58.57085137008469
2021-02-08,-0.227,0.511,0.129,-0.4200757725602799,19.30757725602799,93.10757725602798,54.90757725602799
2021-02-09,-0.223,0.517,0.133,-0.4418373891854568,21.883738918545678,95.88373891854567,57.48373891854568
2021-02-10,-0.211,0.505,0.15,-0.4487913236034777,23.77913236034777,95.37913236034777,59.87913236034777
2021-02-11,-0.232,0.454,0.123,-0.4552401585888952,22.32401585888952,90.92401585888952,57.824015858889524
2021-02-12,-0.198,0.486,0.161,-0.4164291824373607,21.84291824373607,90.24291824373607,57.74291824373607
2021-02-15,-0.154,0.529,0.203,-0.3746499994025516,22.064999940255163,90.36499994025516,57.764999940255166
2021-02-16,-0.121,0.569,0.235,-0.347939084671101,22.693908467110102,91.69390846711009,58.2939084671101
2021-02-17,-0.131,0.585,0.289,-0.3500528991027543,21.905289910275428,93.50528991027542,63.90528991027542
2021-02-18,-0.083,0.655,0.346,-0.3157659870889575,23.276598708895747,97.07659870889576,66.17659870889574
2021-02-19,-0.062,0.625,0.363,-0.30145744243389,23.945744243389,92.645744243389,66.445744243389
2021-02-22,-0.1,0.599,0.326,-0.3286702407023867,22.86702407023867,92.76702407023866,65.46702407023868
2021-02-23,-0.064,0.646,0.367,-0.2818750701774855,21.78750701774855,92.78750701774855,64.88750701774855
2021-02-24,-0.041,0.697,0.4,-0.259786731388874,21.878673138887397,95.67867313888739,65.9786731388874
2021-02-25,0.028,0.804,0.48,-0.2274242966420905,25.54242966420905,103.14242966420906,70.74242966420906
2021-02-26,-0.005,0.771,0.433,-0.245739451145833,24.0739451145833,101.67394511458329,67.87394511458331
2021-03-01,-0.096,0.664,0.335,-0.3240427681702531,22.80427681702531,98.80427681702531,65.9042768170253
2021-03-02,-0.105,0.686,0.344,-0.3096255270250405,20.46255270250405,99.56255270250405,65.36255270250405
2021-03-03,-0.041,0.759,0.404,-0.2935971617921047,25.25971617921047,105.25971617921046,69.75971617921047
2021-03-04,-0.064,0.756,0.388,-0.3075997400211574,24.35997400211574,106.35997400211575,69.55997400211574
2021-03-05,-0.046,0.772,0.403,-0.2837801146948027,23.77801146948027,105.57801146948027,68.67801146948027
2021-03-08,-0.032,0.762,0.406,-0.2756398836959168,24.36398836959168,103.76398836959169,68.16398836959168
2021-03-09,-0.056,0.699,0.371,-0.3041652415924818,24.816524159248182,100.31652415924816,67.51652415924818
2021-03-10,-0.06,0.682,0.362,-0.2999154739166711,23.991547391667112,98.19154739166711,66.1915473916671
2021-03-11,-0.091,0.607,0.312,-0.3243995080552486,23.339950805524857,93.13995080552486,63.63995080552486
2021-03-12,-0.056,0.632,0.333,-0.2821945038687952,22.61945038687952,91.41945038687952,61.51945038687951
2021-03-15,-0.09,0.602,0.305,-0.2952824407731191,20.52824407731191,89.7282440773119,60.02824407731191
2021-03-16,-0.086,0.627,0.324,-0.3259504672604203,23.995046726042034,95.29504672604203,64.99504672604203
2021-03-17,-0.035,0.701,0.38,-0.2813992086110062,24.63992086110062,98.23992086110061,66.13992086110062
2021-03-18,-0.018,0.692,0.38,-0.2464714097826905,22.84714097826905,93.84714097826905,62.64714097826904
2021-03-19,-0.046,0.672,0.352,-0.274255956373123,22.8255956373123,94.6255956373123,62.625595637312294
2021-03-22,-0.06,0.648,0.343,-0.2889048975093273,22.89048975093273,93.69048975093273,63.190489750932734
2021-03-23,-0.093,0.604,0.304,-0.3228741001659418,22.987410016594183,92.68741001659417,62.68741001659418
2021-03-24,-0.108,0.593,0.28,-0.327322229208165,21.932222920816503,92.0322229208165,60.732222920816504
2021-03-25,-0.136,0.578,0.266,-0.3596305455753072,22.36305455753072,93.76305455753071,62.56305455753073
2021-03-26,-0.105,0.614,0.288,-0.3309516068470874,22.59516068470874,94.49516068470874,61.89516068470874
2021-03-29,-0.071,0.641,0.317,-0.3090660643083174,23.80660643083174,95.00660643083174,62.60660643083173
2021-03-30,-0.038,0.684,0.349,-0.2595793377934994,22.15793377934994,94.35793377934995,60.857933779349935
2021-03-31,-0.048,0.669,0.339,-0.2786500209590494,23.06500209590494,94.76500209590495,61.76500209590494
2021-04-01,-0.078,0.632,0.315,-0.304830860730731,22.6830860730731,93.6830860730731,61.9830860730731
2021-04-06,-0.061,0.699,0.35,-0.2905626908834082,22.956269088340818,98.9562690883408,64.05626908834081
2021-04-07,-0.069,0.701,0.349,-0.3004071885265231,23.14071885265231,100.1407188526523,64.94071885265231
2021-04-08,-0.08,0.666,0.34,-0.3278594890271371,24.785948902713706,99.38594890271371,66.78594890271371
2021-04-09,-0.042,0.737,0.38,-0.2692333662677901,22.72333662677901,100.62333662677901,64.923336626779
2021-04-12,-0.031,0.739,0.393,-0.2715624054609455,24.05624054609455,101.05624054609454,66.45624054609456
2021-04-13,-0.033,0.746,0.389,-0.2734792585214007,24.04792585214007,101.94792585214007,66.24792585214007
2021-04-14,-0.004,0.782,0.417,-0.2594569265150683,25.54569265150683,104.14569265150683,67.64569265150683
2021-04-15,-0.035,0.731,0.382,-0.2516666822214679,21.666668222146786,98.26666822214678,63.366668222146785
2021-04-16,-0.013,0.748,0.398,-0.2312715827945521,21.827158279455208,97.92715827945521,62.927158279455206
2021-04-19,0.01,0.793,0.417,-0.1973086178001786,20.73086178001786,99.03086178001786,61.430861780017864
2021-04-20,-0.012,0.782,0.405,-0.2166951278725046,20.46951278725046,99.86951278725047,62.16951278725047
2021-04-21,-0.016,0.756,0.396,-0.2530260730267422,23.702607302674217,100.90260730267421,64.90260730267423
2021-04-22,-0.005,0.756,0.396,-0.2507764738122979,24.577647381229788,100.67764738122979,64.67764738122979
2021-04-23,-0.007,0.784,0.403,-0.2350543082878093,22.805430828780928,101.90543082878094,63.80543082878093
2021-04-26,-0.005,0.8,0.407,-0.2399162680823052,23.49162680823052,103.99162680823054,64.69162680823052
2021-04-27,0.001,0.822,0.421,-0.2251622682537033,22.61622682537033,104.71622682537031,64.61622682537033
2021-04-28,0.024,0.831,0.438,-0.2086183250727122,23.26183250727122,103.96183250727123,64.66183250727123
2021-04-29,0.161,0.876,0.479,-0.1578056425094582,31.88056425094582,103.38056425094581,63.680564250945814
2021-04-30,0.157,0.86,0.477,-0.1799941287779782,33.69941287779782,103.99941287779781,65.69941287779781
2021-05-03,0.153,0.834,0.465,-0.1766098041635775,32.96098041635775,101.06098041635774,64.16098041635775
2021-05-04,0.123,0.821,0.438,-0.218911790366802,34.1911790366802,103.99117903668021,65.6911790366802
2021-05-05,0.137,0.854,0.453,-0.2020700265078523,33.90700265078523,105.60700265078522,65.50700265078522
2021-05-06,0.146,0.872,0.461,-0.1967065488030948,34.27065488030948,106.87065488030947,65.7706548803095
2021-05-07,0.164,0.918,0.492,-0.1947493049831803,35.87493049831803,111.27493049831803,68.67493049831803
2021-05-10,0.17,0.89,0.474,-0.1796768068229419,34.96768068229419,106.96768068229419,65.36768068229419
2021-05-11,0.227,0.947,0.528,-0.1317421106752503,35.87421106752503,107.87421106752501,65.97421106752503
2021-05-12,0.265,0.984,0.57,-0.0921718773059616,35.71718773059616,107.61718773059616,66.21718773059615
2021-05-13,0.271,1.018,0.59,-0.0801736211905304,35.11736211905304,109.81736211905304,67.01736211905303
2021-05-14,0.263,1.074,0.592,-0.0956475161210042,35.86475161210042,116.96475161210043,68.76475161210041
2021-05-17,0.291,1.11,0.622,-0.0735833492945357,36.45833492945357,118.35833492945358,69.55833492945357
2021-05-18,0.299,1.107,0.61,-0.0768701104046609,37.58701104046609,118.38701104046609,68.68701104046609
2021-05-19,0.283,1.117,0.612,-0.0682340993103469,35.123409931034686,118.52340993103469,68.02340993103468
2021-05-20,0.265,1.055,0.576,-0.0713681820800298,33.636818208002985,112.63681820800298,64.73681820800297
2021-05-21,0.247,1.034,0.561,-0.1018040069948389,34.880400699483886,113.5804006994839,66.2804006994839
2021-05-24,0.234,1.02,0.544,-0.095090965764903,32.909096576490306,111.50909657649031,63.90909657649031
2021-05-25,0.199,0.965,0.502,-0.1366544228501514,33.56544228501514,110.16544228501513,63.86544228501514
2021-05-26,0.155,0.922,0.454,-0.1784022275369441,33.34022275369441,110.04022275369441,63.24022275369441
2021-05-27,0.186,0.936,0.486,-0.1471088765113632,33.310887651136326,108.31088765113633,63.31088765113632
2021-05-28,0.175,0.915,0.48,-0.1542104755539854,32.921047555398545,106.92104755539856,63.42104755539854
2021-05-31,0.172,0.916,0.474,-0.1464150531334933,31.841505313349327,106.24150531334932,62.04150531334933
2021-06-01,0.184,0.905,0.479,-0.152207882527537,33.6207882527537,105.7207882527537,63.1207882527537
2021-06-02,0.159,0.878,0.459,-0.1685155882174269,32.75155882174269,104.65155882174268,62.75155882174269
2021-06-03,0.178,0.9,0.476,-0.1605521309399908,33.85521309399908,106.05521309399907,63.65521309399907
2021-06-04,0.154,0.879,0.459,-0.186038947336363,34.0038947336363,106.5038947336363,64.5038947336363
2021-06-07,0.175,0.921,0.48,-0.1587290153378706,33.37290153378706,107.97290153378707,63.872901533787065
2021-06-08,0.143,0.865,0.437,-0.1936152276268932,33.66152276268932,105.86152276268932,63.06152276268933
2021-06-09,0.12,0.83,0.407,-0.2328220282494673,35.28220282494673,106.28220282494674,63.98220282494673
2021-06-10,0.12,0.804,0.397,-0.2120931083225241,33.209310832252406,101.60931083225242,60.909310832252416
2021-06-11,0.1,0.748,0.366,-0.254478702000358,35.4478702000358,100.2478702000358,62.047870200035796
2021-06-14,0.126,0.778,0.395,-0.2240491308840866,35.004913088408664,100.20491308840866,61.90491308840866
2021-06-15,0.147,0.792,0.415,-0.2113851744595818,35.83851744595818,100.33851744595819,62.63851744595817
2021-06-16,0.134,0.778,0.4,-0.2123028398520432,34.63028398520432,99.03028398520432,61.23028398520432
2021-06-17,0.161,0.822,0.433,-0.1895070468576549,35.05070468576549,101.15070468576548,62.25070468576549
2021-06-18,0.158,0.874,0.454,-0.2030317764716125,36.10317764716125,107.70317764716124,65.70317764716125
2021-06-21,0.169,0.879,0.459,-0.1752134200073456,34.42134200073456,105.42134200073457,63.42134200073456
2021-06-22,0.174,0.902,0.467,-0.164893215641801,33.889321564180094,106.68932156418009,63.1893215641801
2021-06-23,0.155,0.898,0.451,-0.1876441178191243,34.26441178191243,108.56441178191243,63.86441178191243
2021-06-24,0.152,0.872,0.438,-0.188387495310021,34.0387495310021,106.0387495310021,62.638749531002105
2021-06-25,0.196,0.923,0.482,-0.1714548014961381,36.745480149613805,109.44548014961381,65.3454801496138
2021-06-28,0.16,0.878,0.452,-0.1774516831439974,33.74516831439974,105.54516831439975,62.94516831439974
2021-06-29,0.169,0.881,0.462,-0.1690695598072036,33.80695598072036,105.00695598072036,63.10695598072036
2021-06-30,0.131,0.824,0.421,-0.2031675387389504,33.41675387389505,102.71675387389503,62.41675387389504
2021-07-01,0.124,0.807,0.407,-0.2121342986198175,33.61342986198175,101.91342986198175,61.91342986198175
2021-07-02,0.095,0.775,0.376,-0.2372602808236559,33.22602808236559,101.22602808236559,61.32602808236559
2021-07-05,0.122,0.807,0.402,-0.2189623650178798,34.09623650178798,102.59623650178797,62.096236501787985
2021-07-06,0.063,0.75,0.35,-0.2609668739699926,32.396687396999255,101.09668739699926,61.09668739699925
2021-07-07,0.041,0.741,0.343,-0.3094893728906402,35.04893728906402,105.04893728906401,65.24893728906403
2021-07-08,0.041,0.763,0.349,-0.326775213229264,36.7775213229264,108.97752132292639,67.5775213229264
2021-07-09,0.053,0.767,0.36,-0.2979332082395802,35.09332082395802,106.49332082395802,65.79332082395801
2021-07-12,0.049,0.74,0.348,-0.3045506305888543,35.35506305888543,104.45506305888543,65.25506305888543
2021-07-13,0.035,0.722,0.326,-0.3192123160544624,35.42123160544624,104.12123160544624,64.52123160544623
2021-07-14,0.018,0.718,0.315,-0.3173952816023466,33.53952816023466,103.53952816023467,63.239528160234656
2021-07-15,0.001,0.728,0.311,-0.3408957325298134,34.18957325298134,106.88957325298134,65.18957325298133
2021-07-16,-0.014,0.714,0.364,-0.3514391981666995,33.74391981666995,106.54391981666996,71.54391981666994
2021-07-19,-0.038,0.709,0.351,-0.3902397494860259,35.223974948602596,109.92397494860259,74.1239749486026
2021-07-20,-0.057,0.689,0.337,-0.4276975557635456,37.06975557635456,111.66975557635456,76.46975557635456
2021-07-21,-0.046,0.689,0.352,-0.3994580561662491,35.34580561662491,108.84580561662492,75.14580561662491
2021-07-22,-0.081,0.647,0.292,-0.4057264040294415,32.472640402944144,105.27264040294415,69.77264040294415
2021-07-23,-0.086,0.629,0.278,-0.4160615667264871,33.006156672648714,104.50615667264871,69.4061566726487
2021-07-26,-0.076,0.633,0.288,-0.4045311768509201,32.85311768509201,103.75311768509201,69.25311768509201
2021-07-27,-0.089,0.626,0.278,-0.4374197824317836,34.84197824317836,106.34197824317835,71.54197824317836
2021-07-28,-0.084,0.62,0.277,-0.4315674030822589,34.756740308225886,105.15674030822588,70.85674030822588
2021-07-29,-0.099,0.623,0.269,-0.4321667808819338,33.31667808819338,105.51667808819339,70.11667808819337
2021-07-30,-0.102,0.627,0.272,-0.4398795835232656,33.78795835232656,106.68795835232656,71.18795835232656
2021-08-02,-0.133,0.579,0.236,-0.4598083151093917,32.68083151093917,103.88083151093916,69.58083151093916
2021-08-03,-0.134,0.57,0.237,-0.4872730617940939,35.32730617940939,105.72730617940937,72.42730617940938
2021-08-04,-0.149,0.556,0.234,-0.5053644737109648,35.63644737109648,106.1364473710965,73.93644737109648
2021-08-05,-0.154,0.535,0.213,-0.4993421945540826,34.534219455408255,103.43421945540827,71.23421945540825
2021-08-06,-0.116,0.573,0.249,-0.4550069157791023,33.90069157791023,102.80069157791023,70.40069157791022
2021-08-09,-0.124,0.561,0.242,-0.4664286456556445,34.24286456556445,102.74286456556445,70.84286456556445
2021-08-10,-0.126,0.552,0.236,-0.4707311852289608,34.47311852289608,102.27311852289608,70.67311852289609
2021-08-11,-0.121,0.571,0.245,-0.4503548848146632,32.935488481466315,102.13548848146633,69.53548848146632
2021-08-12,-0.129,0.545,0.225,-0.4468566124150461,31.78566124150461,99.1856612415046,67.18566124150462
2021-08-13,-0.128,0.552,0.223,-0.4561557952919934,32.81557952919934,100.81557952919935,67.91557952919935
2021-08-16,-0.122,0.568,0.231,-0.4836275825293423,36.16275825293423,105.16275825293422,71.46275825293424
2021-08-17,-0.122,0.579,0.236,-0.4663881331639778,34.438813316397784,104.53881331639778,70.23881331639778
2021-08-18,-0.134,0.556,0.224,-0.4751373568367092,34.11373568367092,103.11373568367092,69.91373568367092
2021-08-19,-0.14,0.568,0.226,-0.4794708850047562,33.94708850047562,104.74708850047563,70.54708850047562
2021-08-20,-0.147,0.548,0.221,-0.487141957176322,34.0141957176322,103.5141957176322,70.8141957176322
2021-08-23,-0.133,0.582,0.238,-0.4728179927363807,33.98179927363807,105.48179927363806,71.08179927363807
2021-08-24,-0.13,0.572,0.241,-0.4696654969399518,33.96654969399518,104.16654969399517,71.06654969399517
2021-08-25,-0.065,0.667,0.312,-0.4261519499252508,36.115194992525076,109.3151949925251,73.81519499252508
2021-08-26,-0.056,0.671,0.32,-0.3975559177676162,34.15559177676162,106.85559177676163,71.75559177676162
2021-08-27,-0.066,0.639,0.303,-0.3958660488537631,32.98660488537631,103.48660488537631,69.8866048853763
2021-08-30,-0.085,0.613,0.283,-0.4159234983665945,33.092349836659444,102.89234983665945,69.89234983665943
2021-08-31,-0.028,0.711,0.346,-0.3929337298819684,36.49337298819684,110.39337298819683,73.89337298819683
2021-09-01,-0.023,0.695,0.342,-0.3743433299795975,35.13433299795975,106.93433299795973,71.63433299795976
2021-09-02,-0.034,0.671,0.322,-0.3830230506841166,34.90230506841166,105.40230506841166,70.50230506841166
2021-09-03,-0.018,0.71,0.343,-0.3497512367705693,33.17512367705693,105.97512367705693,69.27512367705692
2021-09-06,-0.026,0.69,0.324,-0.3569961266879029,33.09961266879029,104.69961266879028,68.0996126687903
2021-09-07,0.029,0.761,0.38,-0.3098359261518757,33.883592615187574,107.08359261518758,68.98359261518758
2021-09-08,0.022,0.758,0.376,-0.3115153222495874,33.35153222495874,106.95153222495874,68.75153222495874
2021-09-09,-0.033,0.672,0.31,-0.3352154340992079,30.22154340992079,100.72154340992078,64.5215434099208
2021-09-10,0.004,0.707,0.341,-0.3304344329611939,33.44344329611939,103.74344329611938,67.14344329611939
2021-09-13,0.001,0.69,0.339,-0.3252545485232527,32.62545485232527,101.52545485232527,66.42545485232527
2021-09-14,-0.015,0.649,0.312,-0.3227407955621366,30.774079556213657,97.17407955621367,63.47407955621366
2021-09-15,0.022,0.7,0.346,-0.3073480233518073,32.93480233518073,100.73480233518073,65.33480233518073
2021-09-16,0.027,0.695,0.344,-0.2823180020789371,30.931800207893712,97.7318002078937,62.631800207893704
2021-09-17,0.045,0.72,0.358,-0.265366005242782,31.036600524278196,98.5366005242782,62.3366005242782
2021-09-20,0.025,0.719,0.342,-0.2994678228107301,32.44678228107301,101.846782281073,64.14678228107302
2021-09-21,0.014,0.691,0.331,-0.3206146192201182,33.46146192201182,101.16146192201181,65.16146192201182
2021-09-22,0.006,0.663,0.314,-0.3066539306160498,31.26539306160498,96.96539306160498,62.06539306160498
2021-09-23,0.074,0.719,0.382,-0.2565487685477845,33.054876854778456,97.55487685477846,63.85487685477845
2021-09-24,0.114,0.782,0.416,-0.2036116638111065,31.76116638111065,98.56116638111065,61.961166381110644
2021-09-27,0.121,0.798,0.415,-0.2045029008023746,32.55029008023746,100.25029008023748,61.95029008023746
2021-09-28,0.152,0.857,0.446,-0.1637617087059744,31.57617087059744,102.07617087059744,60.976170870597436
2021-09-29,0.136,0.829,0.444,-0.2087689159894039,34.47689159894039,103.7768915989404,65.2768915989404
2021-09-30,0.155,0.863,0.461,-0.1701871538638641,32.51871538638641,103.31871538638642,63.11871538638641
2021-10-01,0.129,0.82,0.432,-0.2142392632805152,34.32392632805153,103.42392632805151,64.62392632805151
2021-10-04,0.133,0.828,0.438,-0.1845575526107032,31.755755261070316,101.2557552610703,62.25575526107032
2021-10-05,0.161,0.862,0.46,-0.1792621748698217,34.02621748698217,104.12621748698217,63.926217486982175
2021-10-06,0.168,0.893,0.471,-0.1688008601346844,33.68008601346844,106.18008601346844,63.98008601346844
2021-10-07,0.16,0.851,0.465,-0.1650540570657654,32.50540570657654,101.60540570657655,63.005405706576546
2021-10-08,0.194,0.881,0.495,-0.1356327653192748,32.96327653192748,101.66327653192748,63.06327653192748
2021-10-11,0.219,0.914,0.519,-0.1006233342770381,31.96233342770381,101.46233342770381,61.96233342770381
2021-10-12,0.242,0.921,0.533,-0.0842510424671507,32.62510424671507,100.52510424671507,61.72510424671507
2021-10-13,0.207,0.902,0.499,-0.1149529435862857,32.195294358628566,101.69529435862856,61.39529435862857
2021-10-14,0.144,0.837,0.438,-0.1609909942182619,30.49909942182619,99.79909942182618,59.899099421826186
2021-10-15,0.172,0.871,0.469,-0.1423224307317738,31.43224307317738,101.33224307317738,61.13224307317737
2021-10-18,0.194,0.899,0.491,-0.1270090897455178,32.10090897455178,102.60090897455179,61.80090897455178
2021-10-19,0.236,0.948,0.535,-0.0828883924539019,31.888839245390187,103.08883924539019,61.78883924539019
2021-10-20,0.215,0.917,0.508,-0.102191483664467,31.7191483664467,101.9191483664467,61.01914836644669
2021-10-21,0.237,0.951,0.529,-0.0706682558355535,30.766825583555345,102.16682558355534,59.96682558355535
2021-10-22,0.238,0.958,0.533,-0.076116591538621,31.411659153862097,103.4116591538621,60.91165915386211
2021-10-25,0.222,0.917,0.514,-0.0957020196619637,31.77020196619637,101.27020196619638,60.97020196619637
2021-10-26,0.221,0.942,0.525,-0.1095923418790429,33.05923418790429,105.15923418790429,63.459234187904286
2021-10-27,0.165,0.896,0.474,-0.1625704790323481,32.757047903234806,105.8570479032348,63.65704790323481
2021-10-28,0.211,1.002,0.519,-0.1406448758344813,35.16448758344813,114.26448758344814,65.96448758344813
2021-10-29,0.275,1.134,0.622,-0.0692417043067128,34.42417043067128,120.32417043067127,69.12417043067128
2021-11-01,0.277,1.221,0.639,-0.0856525564091286,36.26525564091286,130.66525564091287,72.46525564091286
2021-11-02,0.191,1.088,0.54,-0.1477414929441622,33.87414929441622,123.57414929441623,68.77414929441622
2021-11-03,0.181,1.048,0.523,-0.1497630475247087,33.07630475247087,119.77630475247088,67.27630475247088
2021-11-04,0.115,0.939,0.461,-0.2147132439814543,32.97132439814543,115.37132439814543,67.57132439814544
2021-11-05,0.06,0.88,0.405,-0.2654504996601829,32.54504996601829,114.54504996601828,67.0450499660183
2021-11-08,0.095,0.893,0.436,-0.2509429367430997,34.594293674309974,114.39429367430998,68.69429367430998
2021-11-09,0.046,0.845,0.387,-0.282661940461554,32.8661940461554,112.7661940461554,66.96619404615541
2021-11-10,0.116,0.938,0.465,-0.2576195497328619,37.36195497328619,119.56195497328619,72.2619549732862
2021-11-11,0.129,0.963,0.482,-0.216510950234285,34.5510950234285,117.9510950234285,69.8510950234285
2021-11-12,0.104,0.959,0.466,-0.243283375531583,34.7283375531583,120.2283375531583,70.9283375531583
2021-11-15,0.132,1.003,0.5,-0.2354397832576529,36.74397832576529,123.84397832576528,73.5439783257653
2021-11-16,0.112,0.972,0.482,-0.2285029979055295,34.05029979055295,120.05029979055296,71.05029979055296
2021-11-17,0.113,0.98,0.493,-0.2314999498417496,34.44999498417496,121.14999498417495,72.44999498417496
2021-11-18,0.068,0.919,0.439,-0.2502216224050904,31.822162240509037,116.92216224050904,68.92216224050904
2021-11-19,0.003,0.863,0.388,-0.3206252528302253,32.36252528302253,118.36252528302253,70.86252528302252
2021-11-22,0.052,0.946,0.428,-0.3126982678988783,36.469826789887826,125.86982678988782,74.06982678988783
2021-11-23,0.14,1.065,0.518,-0.2301393206691808,37.01393206691808,129.51393206691807,74.81393206691808
2021-11-24,0.142,1.079,0.531,-0.2025087038772262,34.450870387722624,128.15087038772262,73.35087038772262
2021-11-25,0.113,1.062,0.516,-0.2403029117318045,35.33029117318045,130.23029117318046,75.63029117318045
2021-11-26,0.034,0.974,0.433,-0.3200984642959916,35.409846429599156,129.40984642959916,75.30984642959916
2021-11-29,0.044,0.979,0.43,-0.2892161953499834,33.321619534998334,126.82161953499833,71.92161953499834
2021-11-30,0.015,0.982,0.415,-0.3500497959956763,36.50497959956763,133.20497959956762,76.50497959956763
2021-12-01,0.026,1.024,0.432,-0.3218840306119443,34.78840306119444,134.58840306119444,75.38840306119442
2021-12-02,-0.013,0.956,0.385,-0.3671109809449886,35.41109809449886,132.31109809449885,75.21109809449887
2021-12-03,-0.025,0.926,0.352,-0.3534597488388948,32.845974883889475,127.94597488388948,70.54597488388947
2021-12-06,-0.032,0.885,0.346,-0.3764084905704945,34.44084905704945,126.14084905704945,72.24084905704945
2021-12-07,-0.03,0.918,0.333,-0.3625682418994769,33.256824189947686,128.0568241899477,69.55682418994769
2021-12-08,0.044,1.032,0.418,-0.3194987668384299,36.34987668384299,135.149876683843,73.74987668384298
2021-12-09,0.002,1.002,0.382,-0.3479578625429007,34.99578625429007,134.99578625429007,72.99578625429007
2021-12-10,-0.006,0.968,0.375,-0.3402177053393087,33.42177053393087,130.82177053393087,71.52177053393088
2021-12-13,-0.034,0.912,0.317,-0.3587044431052315,32.47044431052315,127.07044431052314,67.57044431052314
2021-12-15,-0.014,0.923,0.349,-0.343777875759176,32.9777875759176,126.6777875759176,69.2777875759176
2021-12-16,0.005,0.98,0.388,-0.3319499373767507,33.69499373767507,131.19499373767508,71.99499373767507
2021-12-17,-0.027,0.908,0.348,-0.3604547244277594,33.345472442775936,126.84547244277593,70.84547244277594
2021-12-20,-0.014,0.936,0.365,-0.3516192954274015,33.76192954274015,128.76192954274015,71.66192954274015
2021-12-21,0.061,1.017,0.457,-0.2984542757639228,35.945427576392284,131.54542757639229,75.54542757639229
2021-12-22,0.077,1.056,0.472,-0.2737624510298655,35.076245102986555,132.97624510298655,74.57624510298655
2021-12-23,0.118,1.107,0.517,-0.2402406394770486,35.82406394770486,134.72406394770488,75.72406394770485
2021-12-24,0.119,1.127,0.527,-0.2401620199852878,35.91620199852878,136.7162019985288,76.71620199852877
2021-12-27,0.127,1.125,0.513,-0.2335021606368932,36.05021606368932,135.85021606368932,74.65021606368933
2021-12-28,0.124,1.1,0.521,-0.2313995748412405,35.53995748412405,133.13995748412407,75.23995748412405
2021-12-29,0.194,1.161,0.577,-0.2001411477556085,39.41411477556085,136.11411477556086,77.71411477556084
2021-12-30,0.199,1.18,0.584,-0.1881837312776673,38.71837312776673,136.81837312776673,77.21837312776672
2021-12-31,0.194,1.185,0.595,-0.1884997053069739,38.24997053069739,137.3499705306974,78.34997053069739
2022-01-03,0.231,1.198,0.605,-0.123137169399619,35.4137169399619,132.1137169399619,72.8137169399619
2022-01-04,0.234,1.221,0.599,-0.1158978985177299,34.98978985177299,133.689789851773,71.48978985177298
2022-01-05,0.236,1.244,0.607,-0.1072667978168788,34.32667978168788,135.1266797816879,71.42667978168788
2022-01-06,0.259,1.274,0.634,-0.0862795477340641,34.527954773406414,136.0279547734064,72.0279547734064
2022-01-07,0.289,1.319,0.655,-0.0715950553254001,36.05950553254001,139.05950553254002,72.65950553254001
2022-01-10,0.285,1.285,0.655,-0.0458051227585767,33.080512275857664,133.08051227585767,70.08051227585767
2022-01-11,0.298,1.377,0.666,-0.0418130923476076,33.98130923476076,141.88130923476078,70.78130923476076
2022-01-12,0.274,1.331,0.636,-0.0705607664618201,34.45607664618201,140.15607664618202,70.65607664618202
2022-01-13,0.242,1.29,0.604,-0.0936670673989521,33.56670673989521,138.36670673989522,69.76670673989521
2022-01-14,0.332,1.341,0.641,-0.0748330252616291,40.68330252616291,141.58330252616292,71.58330252616292
2022-01-17,0.358,1.365,0.665,-0.0402910242629941,39.82910242629941,140.5291024262994,70.52910242629942
2022-01-18,0.368,1.388,0.675,-0.0385408708116661,40.654087081166615,142.6540870811666,71.35408708116661
2022-01-19,0.375,1.406,0.686,-0.0122407711805405,38.72407711805405,141.82407711805405,69.82407711805405
2022-01-20,0.363,1.37,0.673,-0.0415055667788291,40.45055667788291,141.15055667788292,71.45055667788291
2022-01-21,0.331,1.355,0.645,-0.0795248189290624,41.052481892906236,143.45248189290623,72.45248189290623
2022-01-24,0.307,1.355,0.634,-0.1020203270679886,40.902032706798856,145.70203270679886,73.60203270679887
2022-01-25,0.333,1.36,0.656,-0.0931339547092817,42.613395470928175,145.31339547092819,74.91339547092817
2022-01-26,0.345,1.407,0.685,-0.066074806943118,41.107480694311796,147.3074806943118,75.1074806943118
2022-01-27,0.345,1.358,0.678,-0.0527107771150991,39.7710777115099,141.07107771150993,73.07107771150991
2022-01-28,0.365,1.353,0.705,-0.0329721800991174,39.79721800991174,138.59721800991173,73.79721800991173
2022-01-31,0.427,1.371,0.758,0.027558640324989,39.9441359675011,134.3441359675011,73.0441359675011
2022-02-01,0.451,1.419,0.783,0.0425028285091722,40.84971714908278,137.6497171490828,74.04971714908278
2022-02-02,0.447,1.427,0.793,0.0542394865291484,39.27605134708516,137.27605134708517,73.87605134708515
2022-02-03,0.587,1.673,0.957,0.1346257748132939,45.237422518670606,153.83742251867062,82.23742251867061
2022-02-04,0.649,1.755,1.048,0.1954798665811996,45.352013341880046,155.95201334188002,85.25201334188004
2022-02-07,0.674,1.813,1.088,0.2450817197152626,42.891828028473746,156.79182802847373,84.29182802847374
2022-02-08,0.718,1.853,1.131,0.2885859698683437,42.94140301316563,156.44140301316563,84.24140301316562
2022-02-09,0.67,1.767,1.082,0.2503207994595224,41.96792005404777,151.66792005404776,83.16792005404776
2022-02-10,0.75,1.898,1.182,0.2816895160224535,46.83104839775465,161.63104839775463,90.03104839775465
2022-02-11,0.772,1.962,1.231,0.2856751283727308,48.632487162726925,167.63248716272693,94.53248716272694
2022-02-14,0.762,1.974,1.309,0.2770706769054443,48.49293230945557,169.69293230945556,103.19293230945557
2022-02-15,0.784,1.972,1.316,0.3478562426446649,43.614375735533514,162.4143757355335,96.8143757355335
2022-02-16,0.752,1.917,1.291,0.308208290399772,44.379170960022805,160.8791709600228,98.27917096002278
2022-02-17,0.701,1.84,1.223,0.279857742718842,42.1142257281158,156.0142257281158,94.31422572811582
2022-02-18,0.686,1.845,1.211,0.2494797631292551,43.65202368707449,159.5520236870745,96.15202368707449
2022-02-21,0.716,1.916,1.25,0.2382614998782164,47.77385001217836,167.77385001217834,101.17385001217836
2022-02-22,0.737,1.934,1.284,0.3135429182653817,42.34570817346183,162.04570817346183,97.04570817346183
2022-02-23,0.728,1.932,1.267,0.2986959648035088,42.93040351964912,163.3304035196491,96.83040351964911
2022-02-24,0.662,1.807,1.177,0.2108888911402096,45.111110885979045,159.61111088597903,96.61111088597904
2022-02-25,0.708,1.842,1.219,0.264368946096611,44.363105390338895,157.76310539033892,95.46310539033891
2022-02-28,0.616,1.741,1.132,0.2151889622433027,40.08110377566973,152.58110377566973,91.68110377566971
2022-03-01,0.35,1.394,0.848,0.0326728767741553,31.732712322584465,136.13271232258447,81.53271232258447
2022-03-02,0.479,1.553,1.01,0.0313788001919355,44.762119980806446,152.16211998080644,97.86211998080645
2022-03-03,0.495,1.587,1.012,0.0986786501245822,39.632134987541775,148.83213498754176,91.33213498754178
2022-03-04,0.428,1.533,0.972,-0.0279538172095263,45.59538172095262,156.09538172095262,99.99538172095262
2022-03-07,0.477,1.597,1.01,0.0257350005660987,45.12649994339013,157.12649994339012,98.42649994339013
2022-03-08,0.559,1.601,1.059,0.1554406073608363,40.355939263916376,144.55593926391637,90.35593926391637
2022-03-09,0.647,1.672,1.137,0.2448119681135079,40.21880318864921,142.7188031886492,89.2188031886492
2022-03-10,0.748,1.908,1.274,0.2864708298911778,46.15291701088222,162.15291701088222,98.75291701088223
2022-03-11,0.731,1.867,1.248,0.3092364878513935,42.176351214860645,155.77635121486065,93.87635121486065
2022-03-14,0.839,1.968,1.36,0.3766467897877497,46.235321021225026,159.13532102122502,98.33532102122504
2022-03-15,0.809,1.907,1.318,0.3734059982155764,43.55940017844237,153.35940017844237,94.45940017844237
2022-03-16,0.852,1.899,1.343,0.414851277457978,43.7148722542022,148.4148722542022,92.8148722542022
2022-03-17,0.838,1.905,1.333,0.4171477004904327,42.08522995095672,148.78522995095673,91.58522995095673
2022-03-18,0.835,1.89,1.321,0.3987490696338296,43.62509303661704,149.12509303661702,92.22509303661704
2022-03-21,0.916,1.994,1.406,0.4700392128342219,44.596078716577814,152.39607871657782,93.59607871657781
2022-03-22,0.96,2.028,1.426,0.5377128375407272,42.22871624592728,149.02871624592728,88.82871624592727
2022-03-23,0.93,1.993,1.381,0.5160196143824851,41.39803856175149,147.6980385617515,86.49803856175149
2022-03-24,0.983,2.056,1.417,0.5412645673782679,44.17354326217321,151.47354326217322,87.57354326217322
2022-03-25,1.01,2.078,1.444,0.5955267941147533,41.447320588524676,148.24732058852464,84.84732058852467
2022-03-28,1.0,2.107,1.453,0.5971230811923866,40.287691880761344,150.9876918807614,85.58769188076135
2022-03-29,1.065,2.132,1.512,0.6266184869236298,43.83815130763702,150.53815130763704,88.53815130763702
2022-03-30,1.077,2.133,1.547,0.7262616727631478,35.073832723685214,140.67383272368522,82.07383272368521
2022-03-31,0.985,2.042,1.444,0.6178605132498334,36.71394867501666,142.41394867501666,82.61394867501666
2022-04-01,1.02,2.097,1.485,0.6376400881998646,38.23599118001354,145.93599118001356,84.73599118001354
2022-04-04,1.009,2.076,1.459,0.5638212015520495,44.51787984479504,151.21787984479505,89.51787984479506
2022-04-05,1.154,2.248,1.599,0.6327003093497094,52.129969065029044,161.52996906502906,96.62996906502906
2022-04-06,1.174,2.304,1.637,0.7140711588298412,45.992884117015876,158.99288411701588,92.29288411701589
2022-04-07,1.216,2.333,1.667,0.7409598334456973,47.50401665543027,159.20401665543028,92.60401665543027
2022-04-08,1.259,2.379,1.709,0.7424052427419571,51.659475725804285,163.6594757258043,96.6594757258043
2022-04-11,1.316,2.466,1.762,0.8500642543302709,46.59357456697292,161.59357456697293,91.19357456697291
2022-04-12,1.299,2.411,1.725,0.8294428533612078,46.95571466387921,158.15571466387922,89.55571466387923
2022-04-13,1.272,2.378,1.716,0.8205670789444384,45.143292105556164,155.74329210555618,89.54329210555616
2022-04-14,1.342,2.498,1.795,0.8707334274214256,47.12665725785745,162.72665725785745,92.42665725785744
2022-04-19,1.392,2.559,1.858,0.9807274043125882,41.12725956874117,157.8272595687412,87.72725956874119
2022-04-20,1.338,2.508,1.807,0.8896841718001853,44.83158281998148,161.83158281998146,91.73158281998145
2022-04-21,1.407,2.596,1.903,0.9212113466391624,48.578865336083766,167.47886533608377,98.17886533608376
2022-04-22,1.427,2.676,1.944,0.9770826093159876,44.99173906840125,169.89173906840125,96.69173906840123
2022-04-25,1.309,2.576,1.825,0.8994141718209822,40.95858281790178,167.6585828179018,92.55858281790178
2022-04-26,1.312,2.543,1.797,0.869412766148078,44.2587233851922,167.3587233851922,92.75872338519218
2022-04-27,1.303,2.571,1.805,0.8505607052257548,45.243929477424516,172.04392947742454,95.44392947742452
2022-04-28,1.402,2.714,1.91,0.9421926942053708,45.980730579462914,177.1807305794629,96.78073057946291
2022-04-29,1.463,2.775,1.981,0.9394447549795604,52.35552450204397,183.55552450204397,104.15552450204397
2022-05-02,1.5,2.858,2.023,1.0119890024793636,48.801099752063635,184.60109975206365,101.10109975206365
2022-05-03,1.478,2.87,2.024,0.955000121447678,52.2999878552322,191.4999878552322,106.8999878552322
2022-05-04,1.509,2.962,2.074,1.032893597061021,47.6106402938979,192.91064029389793,104.11064029389789
2022-05-05,1.57,3.025,2.147,1.0355991505275892,53.44008494724108,198.94008494724108,111.14008494724106
2022-05-06,1.666,3.149,2.251,1.1278758557890278,53.81241442109721,202.11241442109724,112.3124144210972
2022-05-09,1.626,3.142,2.207,1.1537167684881773,47.22832315118226,198.82832315118227,105.32832315118226
2022-05-10,1.549,3.012,2.11,1.0557905071782294,49.320949282177054,195.62094928217707,105.42094928217705
2022-05-11,1.496,2.891,2.028,1.0796898595157955,41.63101404842045,181.13101404842044,94.83101404842044
2022-05-12,1.375,2.721,1.9,0.932497559340668,44.250244065933195,178.8502440659332,96.75024406593319
2022-05-13,1.456,2.846,1.996,0.997992660776576,45.800733922342395,184.8007339223424,99.8007339223424
2022-05-16,1.45,2.84,2.005,1.0020727330936592,44.792726690634076,183.79272669063405,100.29272669063407
2022-05-17,1.544,2.966,2.12,1.0901069751904715,45.38930248095285,187.58930248095288,102.98930248095286
2022-05-18,1.528,2.955,2.106,1.0871904846650078,44.080951533499224,186.78095153349923,101.88095153349921
2022-05-19,1.465,2.905,2.052,0.989518819453654,47.5481180546346,191.54811805463456,106.24811805463459
2022-05-20,1.471,2.986,2.082,1.0349083261877432,43.60916738122569,195.1091673812257,104.70916738122567
2022-05-23,1.537,3.03,2.133,1.0471122875579322,48.988771244206774,198.28877124420677,108.58877124420678
2022-05-24,1.497,2.966,2.08,1.072537745028726,42.44622549712742,189.34622549712742,100.74622549712741
2022-05-25,1.483,2.947,2.059,1.0414462283883692,44.15537716116309,190.55537716116308,101.7553771611631
2022-05-26,1.513,2.902,2.061,1.0749233990747251,43.80766009252748,182.7076600925275,98.60766009252748
2022-05-27,1.479,2.892,2.032,1.0513767180138625,42.762328198613766,184.06232819861376,98.06232819861376
2022-05-30,1.563,2.99,2.122,1.1630238702072169,39.99761297927831,182.69761297927835,95.8976129792783
2022-05-31,1.645,3.125,2.22,1.2196374068344555,42.53625931655445,190.53625931655444,100.03625931655446
2022-06-01,1.703,3.192,2.297,1.231256919382106,47.17430806178942,196.07430806178942,106.57430806178942
2022-06-02,1.762,3.3,2.372,1.322099127248351,43.99008727516489,197.79008727516486,104.99008727516488
2022-06-03,1.8,3.403,2.43,1.3546440778384157,44.535592216158435,204.83559221615843,107.53559221615845
2022-06-06,1.84,3.407,2.471,1.38155388687104,45.84461131289601,202.544611312896,108.94461131289601
2022-06-07,1.81,3.402,2.415,1.3720566981310682,43.794330186893184,202.9943301868932,104.29433018689318
2022-06-08,1.874,3.468,2.479,1.434579426650601,43.94205733493992,203.3420573349399,104.44205733493992
2022-06-09,1.983,3.687,2.609,1.4881532478251698,49.48467521748303,219.884675217483,112.08467521748302
2022-06-10,2.093,3.846,2.767,1.5283740791613951,56.462592083860486,231.7625920838605,123.86259208386048
2022-06-13,2.243,4.1,2.985,1.6577866441601372,58.521335583986264,244.22133558398622,132.72133558398627
2022-06-14,2.395,4.27,3.126,1.7486188964393516,64.63811035606484,252.1381103560648,137.73811035606482
2022-06-15,2.225,3.918,2.882,1.7083732527105282,51.66267472894719,220.9626747289472,117.3626747289472
2022-06-16,2.258,3.85,2.879,1.8602601255850288,39.77398744149711,198.97398744149712,101.87398744149712
2022-06-17,2.206,3.674,2.752,1.7825017967271577,42.34982032728423,189.14982032728423,96.94982032728421
2022-06-20,2.318,3.793,2.851,1.8018568392585157,51.614316074148434,199.11431607414843,104.91431607414843
2022-06-21,2.338,3.791,2.852,1.8303634168625704,50.763658313742965,196.06365831374296,102.16365831374294
2022-06-22,2.164,3.642,2.694,1.691670775715323,47.2329224284677,195.03292242846769,100.23292242846769
2022-06-23,1.971,3.484,2.525,1.4888644354803915,48.21355645196086,199.51355645196085,103.61355645196085
2022-06-24,1.971,3.558,2.553,1.5846780224807104,38.63219775192896,197.33219775192893,96.83219775192894
2022-06-27,2.081,3.637,2.663,1.601321203516477,47.967879648352294,203.5678796483523,106.16787964835228
2022-06-28,2.177,3.664,2.732,1.728305917484093,44.86940825159071,193.56940825159072,100.36940825159073
2022-06-29,2.063,3.501,2.596,1.6572563742607116,40.57436257392886,184.37436257392883,93.87436257392885
2022-06-30,1.957,3.392,2.462,1.4984395024541597,45.856049754584035,189.35604975458403,96.35604975458405
2022-07-01,1.793,3.193,2.272,1.40449359707607,38.850640292393,178.85064029239302,86.75064029239299
2022-07-04,1.936,3.347,2.414,1.4500855079014472,48.59144920985528,189.69144920985528,96.3914492098553
2022-07-05,1.81,3.271,2.306,1.3359816612765634,47.401833872343666,193.50183387234367,97.00183387234367
2022-07-06,1.763,3.242,2.276,1.2520810364127006,51.091896358729926,198.99189635872995,102.39189635872992
2022-07-07,1.853,3.377,2.401,1.3637915335368958,48.92084664631042,201.32084664631043,103.7208466463104
2022-07-08,1.884,3.371,2.42,1.373487403218105,51.05125967818949,199.75125967818948,104.65125967818949
2022-07-11,1.777,3.298,2.338,1.3262619371104871,45.07380628895128,197.17380628895128,101.1738062889513
2022-07-12,1.645,3.197,2.226,1.188337429298218,45.6662570701782,200.8662570701782,103.7662570701782
2022-07-13,1.665,3.228,2.258,1.2637967168845847,40.12032831154153,196.42032831154154,99.42032831154152
2022-07-14,1.685,3.369,2.327,1.26360082763897,42.139917236102995,210.539917236103,106.33991723610299
2022-07-15,1.658,3.362,2.289,1.2206008942091242,43.73991057908757,214.1399105790876,106.83991057908759
2022-07-18,1.817,3.369,2.454,1.29112187846686,52.58781215331398,207.787812153314,116.28781215331401
2022-07-19,1.853,3.441,2.486,1.3183965226580303,53.460347734196965,212.26034773419693,116.76034773419698
2022-07-20,1.835,3.498,2.486,1.3020400368616825,53.29599631383175,219.5959963138318,118.39599631383177
2022-07-21,1.814,3.622,2.484,1.3546979266927923,45.930207330720776,226.73020733072073,112.93020733072076
2022-07-22,1.62,3.42,2.26,1.100348140245046,51.96518597549542,231.9651859754954,115.96518597549539
2022-07-25,1.612,3.384,2.232,1.1594895227176516,45.25104772823485,222.45104772823484,107.25104772823487
2022-07-26,1.525,3.341,2.118,1.0099462673032429,51.5053732696757,233.10537326967574,110.8053732696757
2022-07-27,1.537,3.426,2.153,1.0222210639902969,51.477893600970305,240.37789360097034,113.07789360097031
2022-07-28,1.374,3.25,1.972,0.895554261778805,47.84457382211951,235.4445738221195,107.6445738221195
2022-07-29,1.385,3.148,1.926,0.928512097752508,45.648790224749206,221.94879022474922,99.7487902247492
2022-08-01,1.346,2.986,1.857,0.8500118733517295,49.598812664827065,213.59881266482708,100.69881266482706
2022-08-02,1.379,3.031,1.934,0.8329552829008375,54.60447170991625,219.80447170991627,110.10447170991624
2022-08-03,1.44,3.023,1.988,0.9255822947200024,51.44177052799975,209.74177052799976,106.24177052799975
2022-08-04,1.362,2.946,1.91,0.8811183128928173,48.08816871071828,206.4881687107183,102.88816871071826
2022-08-05,1.495,3.025,2.041,0.9655672822496744,52.94327177503257,205.94327177503254,107.54327177503255
2022-08-08,1.439,3.039,1.998,0.941478856040774,49.75211439592261,209.75211439592263,105.6521143959226
2022-08-09,1.478,3.055,2.03,1.01087570882033,46.712429117967005,204.412429117967,101.91242911796698
2022-08-10,1.456,2.994,2.002,0.9400150970600554,51.59849029399446,205.39849029399448,106.19849029399444
2022-08-11,1.531,3.023,2.072,1.0058343118643918,52.516568813560816,201.71656881356083,106.61656881356083
2022-08-12,1.548,3.067,2.105,1.036432717911,51.156728208900006,203.0567282089,106.8567282089
2022-08-15,1.467,2.979,2.013,0.9765341543768828,49.04658456231172,200.24658456231174,103.6465845623117
2022-08-16,1.54,3.135,2.098,1.056658086364452,48.334191363554815,207.83419136355477,104.13419136355479
2022-08-17,1.655,3.314,2.223,1.1376288205659262,51.737117943407384,217.6371179434074,108.53711794340737
2022-08-18,1.678,3.323,2.246,1.1587731159949677,51.922688400503226,216.4226884005032,108.72268840050323
2022-08-19,1.807,3.489,2.378,1.2943268073026863,51.26731926973136,219.46731926973135,108.36731926973138
2022-08-22,1.905,3.627,2.502,1.3368816418153266,56.81183581846734,229.01183581846732,116.51183581846732
2022-08-23,1.914,3.641,2.508,1.4136670721554494,50.03329278445505,222.73329278445507,109.43329278445506
2022-08-24,1.983,3.674,2.57,1.4417640801554463,54.12359198445537,223.22359198445537,112.82359198445535
2022-08-25,1.934,3.553,2.495,1.4229719599473691,51.10280400526308,213.00280400526307,107.20280400526309
2022-08-26,2.009,3.691,2.596,1.517125191268235,49.18748087317648,217.3874808731765,107.8874808731765
2022-08-29,2.13,3.8,2.701,1.6057037105909502,52.42962894090497,219.42962894090496,109.52962894090498
2022-08-30,2.124,3.812,2.695,1.5329349273079824,59.10650726920177,227.90650726920174,116.20650726920174
2022-08-31,2.15,3.888,2.736,1.571382059522819,57.86179404771809,231.6617940477181,116.46179404771813
2022-09-01,2.185,3.946,2.781,1.6374362950548536,54.75637049451465,230.85637049451466,114.35637049451466
2022-09-02,2.155,3.839,2.731,1.5440424780596556,61.095752194034425,229.49575219403445,118.69575219403443
2022-09-05,2.187,3.935,2.775,1.629225267260784,55.77747327392157,230.57747327392158,114.57747327392158
2022-09-06,2.206,3.965,2.801,1.6822264297143996,52.377357028560034,228.27735702856003,111.87735702856006
2022-09-07,2.154,3.869,2.746,1.615695937695056,53.8304062304944,225.33040623049442,113.0304062304944
2022-09-08,2.253,3.949,2.835,1.669993818161332,58.3006181838668,227.90061818386675,116.50061818386679
2022-09-09,2.263,4.005,2.866,1.7480318913495032,51.49681086504967,225.69681086504966,111.7968108650497
2022-09-12,2.223,3.955,2.802,1.7101703681378546,51.28296318621452,224.48296318621453,109.18296318621455
2022-09-13,2.29,3.99,2.864,1.7784639540540543,51.15360459459457,221.15360459459458,108.55360459459456
2022-09-14,2.264,3.98,2.852,1.7889513143332223,47.50486856667775,219.1048685666778,106.30486856667775
2022-09-15,2.298,4.03,2.905,1.7660693854223095,53.193061457769055,226.39306145776908,113.89306145776902
2022-09-16,2.301,4.025,2.92,1.8200708250695263,48.09291749304738,220.4929174930474,109.99291749304736
2022-09-19,2.35,4.061,2.954,1.844714329471085,50.5285670528915,221.62856705289153,110.92856705289151
2022-09-20,2.49,4.192,3.083,1.984118966152237,50.58810338477633,220.78810338477632,109.88810338477633
2022-09-21,2.442,4.123,3.024,1.9139652591579668,52.80347408420334,220.90347408420334,111.00347408420332
2022-09-22,2.531,4.177,3.121,1.9926230873741704,53.83769126258298,218.43769126258294,112.83769126258296
2022-09-23,2.603,4.36,3.199,2.0150525783280635,58.79474216719367,234.4947421671937,118.39474216719364
2022-09-26,2.697,4.526,3.284,2.092629043945399,60.437095605460115,243.3370956054601,119.13709560546009
2022-09-27,2.831,4.73,3.428,2.182902996637207,64.8097003362793,254.70970033627935,124.50970033627931
2022-09-28,2.757,4.585,3.332,2.195363054597596,56.16369454024039,238.96369454024037,113.66369454024037
2022-09-29,2.811,4.662,3.386,2.252502887725718,55.84971122742819,240.9497112274282,113.3497112274282
2022-09-30,2.721,4.507,3.3,2.134773480380704,58.62265196192959,237.22265196192956,116.52265196192957
2022-10-03,2.493,4.205,3.069,2.0446937130494645,44.83062869505354,216.03062869505357,102.43062869505354
2022-10-04,2.476,4.188,3.053,1.9360584837570125,53.994151624298745,225.19415162429874,111.69415162429874
2022-10-05,2.637,4.46,3.236,2.039070883668442,59.79291163315579,242.09291163315578,119.6929116331558
2022-10-06,2.687,4.516,3.288,2.150407188219638,53.65928117803618,236.5592811780362,113.75928117803618
2022-10-07,2.796,4.689,3.403,2.2781102728445792,51.78897271554206,241.08897271554207,112.48897271554208
2022-10-10,2.907,4.611,3.487,2.308000918558733,59.89990814412671,230.29990814412668,117.89990814412673
2022-10-11,2.889,4.685,3.469,2.4509962186279277,43.800378137207204,223.40037813720718,101.80037813720722
2022-10-12,2.954,4.817,3.537,2.495448130233568,45.85518697664321,232.15518697664322,104.1551869766432
2022-10-13,2.87,4.673,3.453,2.451889553336256,41.81104466637442,222.11104466637443,100.1110446663744
2022-10-14,2.942,4.794,3.519,2.3909187555657905,55.10812444342097,240.30812444342092,112.80812444342097
2022-10-17,2.851,4.66,3.431,2.3752770721052805,47.572292789471945,228.47229278947196,105.57229278947196
2022-10-18,2.853,4.678,3.426,2.364947146061778,48.8052853938222,231.30528539382217,106.1052853938222
2022-10-19,2.955,4.772,3.528,2.443987972632435,51.10120273675651,232.80120273675652,108.4012027367565
2022-10-20,2.954,4.738,3.548,2.507453193890448,44.65468061095521,223.05468061095524,104.0546806109552
2022-10-21,2.988,4.764,3.551,2.545365806755106,44.263419324489384,221.8634193244894,100.5634193244894
2022-10-24,2.867,4.592,3.449,2.419957817957787,44.704218204221306,217.20421820422126,102.90421820422128
2022-10-25,2.692,4.372,3.271,2.286171709818138,40.58282901818622,208.5828290181862,98.4828290181862
2022-10-26,2.672,4.334,3.238,2.267223634373684,40.47763656263164,206.6776365626316,97.07763656263162
2022-10-27,2.459,3.992,3.0,2.1648593546966497,29.41406453033504,182.71406453033504,83.51406453033503
2022-10-28,2.606,4.161,3.151,2.184664819909778,42.13351800902218,197.63351800902217,96.63351800902218
2022-10-31,2.685,4.306,3.255,2.2391387491331125,44.58612508668875,206.68612508668875,101.58612508668874
2022-11-01,2.673,4.273,3.216,2.253662853998684,41.9337146001316,201.93371460013157,96.23371460013162
2022-11-02,2.672,4.288,3.26,2.234079288009585,43.792071199041516,205.39207119904154,102.59207119904148
2022-11-03,2.777,4.42,3.322,2.3421246873037607,43.48753126962394,207.7875312696239,97.98753126962394
2022-11-04,2.841,4.469,3.357,2.3707304229652677,47.02695770347325,209.82695770347325,98.62695770347325
2022-11-07,2.862,4.485,3.389,2.4263254933335765,43.56745066664236,205.86745066664238,96.26745066664233
2022-11-08,2.796,4.383,3.325,2.389448306372367,40.6551693627633,199.35516936276332,93.55516936276334
2022-11-09,2.688,4.279,3.218,2.3894483063723584,29.85516936276418,188.95516936276414,82.85516936276416
2022-11-10,2.503,4.007,3.034,2.1459360958664395,35.70639041335606,186.10639041335602,88.80639041335603
2022-11-11,2.669,4.198,3.205,2.24068921703696,42.83107829630399,195.73107829630402,96.431078296304
2022-11-14,2.653,4.17,3.204,2.2087307941064163,44.426920589358375,196.12692058935838,99.5269205893584
2022-11-15,2.607,4.06,3.144,2.1885018253873576,41.84981746126426,187.1498174612642,95.54981746126425
2022-11-16,2.489,3.941,3.031,2.1005971123745377,38.840288762546216,184.0402887625462,93.04028876254624
2022-11-17,2.506,3.937,3.054,2.136140125611406,36.98598743885939,180.0859874388594,91.7859874388594
2022-11-18,2.489,3.891,3.033,2.111657762016943,37.73422379830569,177.9342237983057,92.1342237983057
2022-11-21,2.46,3.927,2.984,2.060945912390832,39.90540876091679,186.60540876091682,92.30540876091679
2022-11-22,2.449,3.909,2.988,2.076606901418831,37.239309858116876,183.23930985811688,91.13930985811689
2022-11-23,2.383,3.798,2.896,2.005300623155428,37.76993768445722,179.26993768445723,89.06993768445722
2022-11-24,2.296,3.675,2.802,1.915166458649799,38.08335413502009,175.98335413502008,88.68335413502011
2022-11-25,2.438,3.851,2.959,2.033214494573974,40.47855054260263,181.7785505426026,92.57855054260263
2022-11-28,2.627,3.915,2.993,2.0604237064610293,56.65762935389704,185.45762935389706,93.25762935389706
2022-11-29,2.543,3.821,2.912,1.9935493464609348,54.94506535390653,182.74506535390654,91.8450653539065
2022-11-30,2.407,3.875,2.949,1.9939423217948185,41.305767820518156,188.10576782051817,95.50576782051814
2022-12-01,2.266,3.707,2.82,1.881787444834684,38.421255516531595,182.52125551653157,93.82125551653158
2022-12-02,2.298,3.752,2.855,1.9049654032906471,39.30345967093529,184.70345967093527,95.00345967093529
2022-12-05,2.325,3.754,2.88,1.9170590334828683,40.79409665171318,183.69409665171318,96.29409665171316
2022-12-06,2.249,3.649,2.802,1.8604547473419173,38.854525265808284,178.85452526580826,94.15452526580827
2022-12-07,2.241,3.606,2.77,1.8503101796890304,39.068982031096965,175.56898203109694,91.96898203109696
2022-12-08,2.283,3.693,2.828,1.8799560373123128,40.30439626876871,181.30439626876873,94.80439626876871
2022-12-09,2.392,3.819,2.949,1.9767511755133584,41.524882448664144,184.22488244866415,97.22488244866415
2022-12-12,2.414,3.837,2.975,1.9485726752460917,46.54273247539085,188.84273247539085,102.64273247539084
2022-12-13,2.393,3.797,2.936,1.9347812882980648,45.821871170193496,186.22187117019354,100.12187117019351
2022-12-14,2.424,3.858,2.97,2.009708006502586,41.42919934974141,184.82919934974143,96.02919934974143
2022-12-15,2.58,4.154,3.151,2.080990858897387,49.90091411026132,207.30091411026132,107.00091411026129
2022-12-16,2.669,4.28,3.242,2.241556243717952,42.74437562820479,203.8443756282048,100.04437562820479
2022-12-19,2.722,4.374,3.294,2.2754029100409885,44.65970899590115,209.85970899590112,101.85970899590116
2022-12-20,2.842,4.477,3.408,2.3612178080033925,48.07821919966075,211.57821919966077,104.67821919966073
2022-12-21,2.84,4.428,3.391,2.3599884455004503,48.00115544995496,206.80115544995496,103.10115544995497
2022-12-22,2.896,4.469,3.434,2.44207858506563,45.39214149343698,202.69214149343702,99.192141493437
2022-12-23,2.929,4.495,3.469,2.464311874240936,46.468812575906384,203.0688125759064,100.46881257590638
2022-12-27,3.049,4.616,3.577,2.5010535762647668,54.79464237352332,211.49464237352328,107.59464237352331
2022-12-28,3.049,4.631,3.578,2.522042551102518,52.69574488974818,210.89574488974822,105.59574488974816
2022-12-29,2.977,4.531,3.529,2.5267047773509126,45.02952226490873,200.4295222649087,100.22952226490874
2022-12-30,3.113,4.704,3.657,2.555313576346965,55.76864236530348,214.86864236530346,110.16864236530348
2023-01-02,2.979,4.555,3.521,2.5182541193176986,46.07458806823015,203.67458806823012,100.27458806823013
2023-01-03,2.923,4.5,3.458,2.4382219286823594,48.47780713176406,206.17780713176407,101.97780713176408
2023-01-04,2.77,4.259,3.302,2.3543646639454043,41.56353360545957,190.4635336054596,94.76353360545957
2023-01-05,2.832,4.343,3.38,2.415742967111544,41.625703288845585,192.7257032888456,96.42570328884558
2023-01-06,2.723,4.226,3.273,2.3642917157261643,35.87082842738356,186.17082842738358,90.87082842738359
2023-01-09,2.73,4.178,3.266,2.349535816338053,38.046418366194686,182.84641836619468,91.6464183661947
2023-01-10,2.802,4.219,3.334,2.359179639439585,44.282036056041505,185.98203605604152,97.48203605604151
2023-01-11,2.673,4.044,3.203,2.263607933390884,40.939206660911594,178.03920666091156,93.93920666091158
2023-01-12,2.624,3.998,3.152,2.203747568371912,42.0252431628088,179.4252431628088,94.8252431628088
2023-01-13,2.637,4.01,3.166,2.170443058846556,46.65569411534438,183.95569411534436,99.55569411534438
2023-01-16,2.638,4.011,3.163,2.1984303733571404,43.956962664285946,181.25696266428596,96.45696266428594
2023-01-17,2.533,3.881,3.06,2.186919071955929,34.60809280440711,169.4080928044071,87.30809280440712
2023-01-18,2.45,3.756,2.961,2.0324374906750133,41.75625093249869,172.35625093249865,92.85625093249865
2023-01-19,2.483,3.76,3.017,2.08729232802771,39.570767197229,167.27076719722896,92.97076719722898
2023-01-20,2.619,3.982,3.161,2.196191131302154,42.28088686978464,178.58088686978465,96.48088686978463
2023-01-23,2.659,4.027,3.2,2.2418412593930963,41.71587406069035,178.51587406069038,95.81587406069039
2023-01-24,2.591,3.916,3.126,2.2389853352210247,35.20146647789755,167.70146647789753,88.70146647789751
2023-01-25,2.601,4.087,3.149,2.163417628838445,43.75823711615552,192.3582371161555,98.55823711615552
2023-01-26,2.674,4.17,3.221,2.226586860624061,44.74131393759389,194.3413139375939,99.4413139375939
2023-01-27,2.702,4.226,3.281,2.2928506476499027,40.91493523500973,193.31493523500973,98.81493523500976
2023-01-30,2.786,4.318,3.358,2.3215959950207234,46.440400497927655,199.64040049792763,103.64040049792766
2023-01-31,2.752,4.272,3.326,2.321746829009651,43.0253170990349,195.02531709903494,100.42531709903493
2023-02-01,2.76,4.292,3.342,2.320551355540444,43.9448644459556,197.1448644459556,102.14486444595563
2023-02-02,2.511,3.887,3.042,2.204823466989794,30.617653301020596,168.2176533010206,83.71765330102056
2023-02-03,2.634,4.008,3.152,2.2239657262908032,41.00342737091967,178.40342737091967,92.80342737091969
2023-02-06,2.75,4.153,3.308,2.3212550429795087,42.87449570204913,183.1744957020491,98.67449570204911
2023-02-07,2.79,4.214,3.361,2.3391587843849004,45.08412156150996,187.48412156151,102.18412156150998
2023-02-08,2.816,4.234,3.391,2.385503320002768,43.04966799972316,184.84966799972318,100.54966799972318
2023-02-09,2.768,4.131,3.329,2.324127957516212,44.38720424837879,180.68720424837883,100.48720424837883
2023-02-10,2.833,4.213,3.402,2.39608248577462,43.691751422538026,181.691751422538,100.59175142253802
2023-02-13,2.828,4.177,3.39,2.406919030818028,42.10809691819719,177.00809691819717,98.30809691819722
2023-02-14,2.907,4.235,3.459,2.4624399335994624,44.45600664005376,177.25600664005378,99.65600664005376
2023-02-15,2.938,4.324,3.517,2.501264310923427,43.67356890765733,182.27356890765728,101.57356890765729
2023-02-16,2.936,4.324,3.52,2.5759667539916338,36.00332460083662,174.80332460083662,94.40332460083663
2023-02-17,2.91,4.297,3.5,2.51057414553606,39.942585446394,178.64258544639395,98.94258544639398
2023-02-20,2.928,4.335,3.51,2.487782138619118,44.02178613808818,184.7217861380882,102.22178613808816
2023-02-21,3.016,4.466,3.603,2.5948665318435933,42.113346815640675,187.11334681564068,100.8133468156407
2023-02-22,3.001,4.461,3.587,2.5754450645752485,42.55549354247514,188.55549354247518,101.15549354247517
2023-02-23,2.945,4.37,3.518,2.546118410631453,39.888158936854666,182.3881589368547,97.18815893685466
2023-02-24,3.013,4.434,3.587,2.593268515931665,41.97314840683348,184.0731484068335,99.37314840683351
2023-02-27,3.051,4.421,3.622,2.620550133304117,43.04498666958834,180.04498666958835,100.1449866695883
2023-02-28,3.119,4.473,3.678,2.7593967440187765,35.96032559812237,171.36032559812233,91.86032559812234
2023-03-01,3.202,4.577,3.755,2.7435582579994957,45.844174200050425,183.34417420005042,101.14417420005041
2023-03-02,3.234,4.621,3.789,2.788514593224295,44.54854067757048,183.24854067757053,100.0485406775705
2023-03-03,3.205,4.538,3.741,2.761844112868192,44.3155887131808,177.6155887131808,97.9155887131808
2023-03-06,3.239,4.573,3.768,2.8053553887459097,43.364461125409015,176.76446112540907,96.26446112540901
2023-03-07,3.188,4.521,3.722,2.7393520835294183,44.86479164705819,178.16479164705817,98.26479164705817
2023-03-08,3.139,4.42,3.664,2.701317328864796,43.768267113520395,171.8682671135204,96.26826711352044
2023-03-09,3.137,4.386,3.64,2.7184848371954806,41.85151628045194,166.75151628045194,92.15151628045194
2023-03-10,3.014,4.324,3.546,2.525408734620048,48.85912653799518,179.8591265379952,102.05912653799518
2023-03-13,2.83,4.208,3.39,2.297744556190855,53.22554438091451,191.02554438091454,109.22554438091451
2023-03-14,2.965,4.278,3.502,2.516178106187451,44.8821893812549,176.1821893812549,98.58218938125489
2023-03-15,2.686,4.101,3.25,2.251535668614634,43.4464331385366,184.9464331385366,99.84643313853661
2023-03-16,2.806,4.169,3.354,2.271130822079904,53.486917792009606,189.78691779200955,108.2869177920096
2023-03-17,2.674,4.045,3.223,2.1946188355104232,47.93811644895767,185.03811644895768,102.83811644895766
2023-03-20,2.662,3.979,3.189,2.2058997607419206,45.61002392580793,177.31002392580794,98.31002392580794
2023-03-21,2.809,4.111,3.325,2.332588766703134,47.64112332968659,177.84112332968655,99.2411233296866
2023-03-22,2.851,4.174,3.37,2.4376814186145728,41.33185813854272,173.63185813854275,93.23185813854273
2023-03-23,2.718,4.057,3.24,2.319662673600908,39.83373263990919,173.73373263990922,92.03373263990922
2023-03-24,2.66,4.016,3.196,2.204084023237307,45.5915976762693,181.19159767626928,99.19159767626931
2023-03-27,2.748,4.061,3.264,2.348881150064657,39.91188499353431,171.21188499353428,91.51188499353427
2023-03-28,2.811,4.141,3.33,2.350994641942642,46.00053580573578,179.00053580573578,97.90053580573579
2023-03-29,2.819,4.141,3.336,2.395367387134224,42.36326128657759,174.56326128657759,94.06326128657759
2023-03-30,2.89,4.235,3.409,2.4489750263127967,44.102497368720336,178.60249736872035,96.00249736872031
2023-03-31,2.796,4.098,3.306,2.4053734039225585,39.06265960774413,169.26265960774413,90.06265960774415
2023-04-03,2.751,4.091,3.27,2.387035065269912,36.396493473008775,170.3964934730088,88.29649347300878
2023-04-04,2.772,4.114,3.288,2.4151327410116035,35.68672589883963,169.88672589883964,87.28672589883963
2023-04-05,2.688,4.011,3.209,2.303020825455385,38.497917454461515,170.79791745446153,90.59791745446151
2023-04-06,2.71,4.034,3.234,2.250727967784352,45.92720322156478,178.32720322156476,98.32720322156479
2023-04-11,2.825,4.162,3.358,2.384509277962634,44.04907220373664,177.7490722037366,97.34907220373663
2023-04-12,2.885,4.216,3.412,2.435996832578673,44.90031674213269,178.00031674213272,97.60031674213269
2023-04-13,2.888,4.22,3.417,2.4437101043278555,44.42898956721444,177.62898956721443,97.32898956721444
2023-04-14,2.947,4.291,3.475,2.472042030647635,47.49579693523649,181.89579693523652,100.2957969352365
2023-04-17,2.967,4.305,3.5,2.5477121132204887,41.92878867795113,175.7287886779511,95.22878867795113
2023-04-18,2.978,4.301,3.497,2.5510986395686084,42.690136043139184,174.9901360431392,94.59013604313915
2023-04-19,3.014,4.365,3.543,2.590685961890101,42.331403810989876,177.4314038109899,95.23140381098992
2023-04-20,2.954,4.31,3.482,2.573343385096954,38.065661490304635,173.6656614903046,90.86566149030463
2023-04-21,2.997,4.356,3.526,2.584085999585133,41.2914000414867,177.1914000414867,94.1914000414867
2023-04-24,3.07,4.374,3.534,2.586948147094005,48.30518529059948,178.70518529059947,94.70518529059947
2023-04-25,2.941,4.261,3.424,2.505199817529581,43.58001824704188,175.5800182470419,91.88001824704189
2023-04-26,2.961,4.256,3.437,2.463824134723531,49.71758652764691,179.21758652764694,97.31758652764691
2023-04-27,3.028,4.353,3.507,2.526644670195402,50.13553298045981,182.63553298045977,98.03553298045982
2023-04-28,2.892,4.183,3.364,2.4444445430269903,44.75554569730096,173.85554569730095,91.95554569730095
2023-05-02,2.86,4.173,3.327,2.448127676744327,41.187232325567265,172.48723232556728,87.88723232556728
2023-05-03,2.835,4.125,3.318,2.344989810855426,49.001018914457404,178.0010189144574,97.30101891445742
2023-05-04,2.798,4.116,3.294,2.3586600249053946,43.93399750946054,175.7339975094605,93.53399750946055
2023-05-05,2.88,4.198,3.378,2.3848229445658986,49.51770554341013,181.31770554341017,99.31770554341016
2023-05-08,2.91,4.24,3.404,2.424054778476,48.59452215240001,181.59452215240003,97.99452215239998
2023-05-09,2.942,4.276,3.441,2.424662062081823,51.73379379181773,185.13379379181768,101.6337937918177
2023-05-10,2.879,4.212,3.379,2.38344518562992,49.55548143700801,182.855481437008,99.55548143700801
2023-05-11,2.8,4.111,3.304,2.3055688137903347,49.44311862096651,180.5431186209665,99.84311862096651
2023-05-12,2.853,4.174,3.354,2.343937983270325,50.90620167296751,183.00620167296753,101.0062016729675
2023-05-15,2.885,4.181,3.379,2.4043196166894694,48.068038331053046,177.66803833105308,97.46803833105307
2023-05-16,2.937,4.227,3.42,2.421305039856424,51.56949601435756,180.5694960143576,99.86949601435757
2023-05-17,2.92,4.187,3.399,2.4280734692060864,49.192653079391356,175.89265307939138,97.09265307939137
2023-05-18,3.035,4.308,3.516,2.5170936978149863,51.79063021850139,179.09063021850136,99.89063021850137
2023-05-19,3.005,4.262,3.468,2.574757246,43.0242754,168.72427539999995,89.3242754
2023-05-22,3.037,4.312,3.507,2.5547422271,48.22577728999997,175.72577729,95.22577729
2023-05-23,3.048,4.327,3.521,2.5572139941,49.07860059,176.97860058999999,96.37860058999999
2023-05-24,3.042,4.328,3.528,2.5357380252,50.626197479999966,179.22619748000002,99.22619748
2023-05-25,3.1,4.387,3.578,2.5851148774,51.48851225999999,180.18851225999995,99.28851225999998
2023-05-26,3.115,4.389,3.601,2.6225550772,49.24449228000003,176.64449228000004,97.84449228000001
2023-05-29,3.001,4.279,3.5,2.5418197439,45.91802560999998,173.71802560999998,95.81802560999999
2023-05-30,2.917,4.16,3.395,2.4603335071,45.666649289999974,169.96664929,93.46664928999999
2023-05-31,2.848,4.093,3.338,2.3837639734,46.42360266000001,170.92360266000003,95.42360266000003
2023-06-01,2.828,4.009,3.3,2.3525142584,47.54857416,165.64857416000004,94.74857416
2023-06-02,2.865,3.985,3.317,2.3991278931,46.587210690000006,158.58721068999998,91.78721069
2023-06-05,2.917,4.047,3.375,2.479590491,43.740950899999966,156.74095089999994,89.54095089999998
2023-06-06,2.919,4.165,3.368,2.4666990139,45.23009861,169.83009861,90.13009860999999
2023-06-07,3.001,4.269,3.457,2.4775996926,52.340030739999975,179.14003074,97.94003073999997
2023-06-08,2.968,4.2,3.418,2.5008032137,46.71967863000002,169.91967863000005,91.71967863000003
2023-06-09,2.927,4.119,3.36,2.4973687502,42.96312497999999,162.16312497999996,86.26312497999997
2023-06-12,2.91,4.06,3.337,2.4729858263,43.701417370000016,158.70141736999997,86.40141737000002
2023-06-13,2.952,4.073,3.376,2.4993327518,45.26672482000001,157.36672482000006,87.66672482
2023-06-14,2.971,4.092,3.406,2.5475095593,42.34904407000002,154.44904406999999,85.84904407000002
2023-06-15,3.017,4.125,3.436,2.5361437389,48.08562611,158.88562611,89.98562611
2023-06-16,2.969,4.036,3.381,2.5521340864,41.686591359999966,148.38659135999995,82.88659135999995
2023-06-19,3.032,4.13,3.442,2.589633066,44.23669339999998,154.03669339999996,85.2366934
2023-06-20,2.927,4.028,3.344,2.506030618,42.0969382,152.19693819999995,83.79693819999999
2023-06-21,2.959,4.047,3.37,2.5167563336,44.22436664,153.02436663999995,85.32436664000001
2023-06-22,3.017,4.124,3.441,2.5519367845,46.50632154999998,157.20632154999996,88.90632154999997
2023-06-23,2.879,3.99,3.32,2.4134357814,46.55642186,157.65642186000002,90.65642185999998
2023-06-26,2.833,3.945,3.271,2.4126217121,42.03782879000002,153.23782878999998,85.83782878999999
2023-06-27,2.882,3.993,3.319,2.3751722746,50.68277254,161.78277253999997,94.38277253999998
2023-06-28,2.843,3.971,3.288,2.4030967939,43.99032060999999,156.79032061,88.49032060999997
2023-06-29,2.949,4.099,3.405,2.4574849868,49.151501319999994,164.15150132000002,94.75150131999999
2023-06-30,2.937,4.075,3.386,2.5070983224,42.99016775999998,156.79016776,87.89016776
2023-07-03,2.978,4.144,3.443,2.4839268966,49.40731034000003,166.00731034000003,95.90731034000002
2023-07-04,3.002,4.206,3.468,2.5098375535,49.216244649999965,169.61624465000003,95.81624464999999
2023-07-05,3.025,4.169,3.532,2.5176156948,50.73843052,165.13843051999996,101.43843052000001
2023-07-06,3.191,4.394,3.704,2.647373604,54.362639599999966,174.66263959999998,105.66263959999999
2023-07-07,3.189,4.36,3.687,2.6907802965,49.82197035000002,166.92197035000004,99.62197035
2023-07-10,3.203,4.389,3.697,2.7256122133,47.73877867,166.33877867000004,97.13877867000002
2023-07-11,3.213,4.423,3.717,2.7318971902,48.110280979999985,169.11028097999997,98.51028097999999
2023-07-12,3.098,4.27,3.595,2.6826236171,41.53763828999999,158.73763828999995,91.23763829000002
2023-07-13,3.017,4.154,3.503,2.5723437997,44.46562002999998,158.16562002999999,93.06562003
2023-07-14,3.032,4.178,3.529,2.5263080146,50.569198539999995,165.16919854,100.26919853999998
2023-07-17,3.007,4.164,3.512,2.5379481465,46.90518535000003,162.60518535,97.40518535000002
2023-07-18,2.909,4.014,3.388,2.4392947598,46.97052401999997,157.47052402000003,94.87052401999998
2023-07-19,2.961,4.075,3.441,2.4601343081,50.086569190000006,161.48656919000004,98.08656919
2023-07-20,3.014,4.111,3.485,2.5317575206,48.22424794,157.92424794,95.32424794
2023-07-21,2.988,4.07,3.465,2.5046864024,48.331359760000005,156.53135976000004,96.03135975999999
2023-07-24,2.948,4.028,3.434,2.5058932842,44.21067158,152.21067157999997,92.81067158000002
2023-07-25,2.956,4.063,3.446,2.4953210537,46.067894629999984,156.76789462999997,95.06789463000001
2023-07-26,3.007,4.103,3.503,2.532469516,47.45304840000002,157.0530484,97.05304840000002
2023-07-27,3.0,4.076,3.48,2.4930874937,50.69125063,158.29125062999995,98.69125063
2023-07-28,3.032,4.119,3.513,2.5420333973,48.99666027000001,157.69666026999997,97.09666026999999
2023-07-31,3.026,4.104,3.512,2.5434072241,48.25927758999997,156.05927759,96.85927758999999
2023-08-01,3.099,4.193,3.582,2.5450256148,55.39743852000001,164.79743851999996,103.69743851999998
2023-08-02,3.088,4.197,3.585,2.5697675859,51.82324140999999,162.72324140999999,101.52324140999997
2023-08-03,3.119,4.253,3.625,2.6633518519,45.56481481000003,158.96481481,96.16481481000001
2023-08-04,3.089,4.213,3.587,2.663754606,42.52453940000001,154.92453940000001,92.32453940000002
2023-08-07,3.129,4.259,3.632,2.6592784724,46.97215276,159.97215276000003,97.27215276000001
2023-08-08,3.003,4.133,3.506,2.5236080032,47.93919968,160.93919968,98.23919967999997
2023-08-09,3.031,4.152,3.53,2.5678933482,46.31066518,158.41066518,96.21066517999996
2023-08-10,3.064,4.153,3.549,2.5782225133,48.57774867,157.47774866999995,97.07774866999999
2023-08-11,3.16,4.263,3.639,2.6884603794,47.15396206000002,157.45396206,95.05396205999999
2023-08-14,3.177,4.287,3.653,2.6924764114,48.45235886000001,159.45235886,96.05235886000001
2023-08-15,3.22,4.36,3.712,2.7492159061,47.07840939000003,161.07840939000005,96.27840939000004
2023-08-16,3.194,4.358,3.704,2.7263347302,46.76652697999999,163.16652697999996,97.76652698000001
2023-08-17,3.246,4.417,3.758,2.7599443482,48.60556518000001,165.70556517999998,99.80556518000002
2023-08-18,3.169,4.324,3.677,2.7153016552,45.36983447999998,160.86983447999995,96.16983447999998
2023-08-21,3.249,4.408,3.757,2.7498040078,49.91959922000002,165.81959922000004,100.71959922000002
2023-08-22,3.169,4.305,3.675,2.7348478192,43.415218079999995,157.01521807999995,94.01521807999997
2023-08-23,3.046,4.177,3.542,2.5961695834,44.98304165999998,158.08304165999996,94.58304165999998
2023-08-24,3.047,4.184,3.543,2.6010297109,44.597028910000034,158.29702891000005,94.19702891000003
2023-08-25,3.079,4.23,3.575,2.6219908077,45.70091923000001,160.80091923000003,95.30091923000002
2023-08-28,3.082,4.226,3.582,2.6346870167,44.73129832999998,159.13129833,94.73129832999999
2023-08-29,3.031,4.153,3.523,2.6397873111,39.12126889,151.32126888999994,88.32126889
2023-08-30,3.06,4.194,3.556,2.6075873919,45.24126080999999,158.64126080999998,94.84126081
2023-08-31,2.981,4.124,3.477,2.5706069449,41.03930550999997,155.33930550999995,90.63930550999997
2023-09-01,3.07,4.239,3.57,2.6278747898,44.21252102,161.11252102,94.21252102
2023-09-04,3.105,4.291,3.612,2.6385322093,46.64677906999999,165.24677907000003,97.34677907
2023-09-05,3.141,4.346,3.656,2.6680758478,47.29241522000001,167.79241522,98.79241522000002
2023-09-06,3.188,4.41,3.705,2.6783721017,50.96278983000002,173.16278983,102.66278983000001
2023-09-07,3.149,4.355,3.655,2.7128876583,43.61123416999999,164.21123417000004,94.21123416999997
2023-09-08,3.142,4.347,3.644,2.684847041,45.71529590000001,166.21529590000006,95.91529590000003
2023-09-11,3.175,4.397,3.69,2.6896912526,48.530874739999994,170.73087474000005,100.03087474
2023-09-12,3.187,4.41,3.701,2.7011827426,48.581725739999996,170.88172574000004,99.98172574000002
2023-09-13,3.203,4.465,3.727,2.7131078162,48.98921837999999,175.18921838,101.38921837999999
2023-09-14,3.127,4.353,3.64,2.6842987583,44.27012416999996,166.87012416999997,95.57012416999999
2023-09-15,3.222,4.467,3.742,2.7349477927,48.70522073000001,173.20522072999998,100.70522073000001
2023-09-18,3.259,4.522,3.788,2.7881726159,47.08273840999997,173.38273841,99.98273840999997
2023-09-19,3.282,4.518,3.799,2.8076747104,47.432528959999985,171.03252895999995,99.13252895999997
2023-09-20,3.24,4.453,3.753,2.7657704991,47.422950090000036,168.72295009000004,98.72295009000003
2023-09-21,3.282,4.547,3.802,2.8225524569,45.94475431,172.44475430999998,97.94475431000001
2023-09-22,3.285,4.59,3.809,2.8196368903,46.53631097000002,177.03631097,98.93631097000002
2023-09-25,3.34,4.652,3.861,2.8669855682,47.30144317999998,178.50144318,99.40144318000002
2023-09-26,3.36,4.73,3.896,2.8708600458,48.913995419999964,185.91399542000002,102.51399541999997
2023-09-27,3.403,4.786,3.94,2.8599938456,54.30061544,192.60061543999996,108.00061543999999
2023-09-28,3.507,4.882,4.039,3.0333501699,47.36498301000003,184.86498300999997,100.56498300999999
2023-09-29,3.415,4.8,3.949,2.8762763259,53.87236740999999,192.37236740999998,107.27236740999997
2023-10-02,3.483,4.812,4.002,2.9328354324,55.01645676,187.91645676000002,106.91645675999996
2023-10-03,3.533,4.932,4.065,2.9641872265,56.88127734999999,196.78127735000004,110.08127735000004
2023-10-04,3.499,4.889,4.032,2.9925401129,50.64598871000001,189.64598871,103.94598871000001
2023-10-05,3.469,4.901,4.007,2.9472925432,52.170745679999975,195.37074567999997,105.97074567999995
2023-10-06,3.484,4.924,4.015,2.9604325215,52.35674785,196.35674785000003,105.45674784999997
2023-10-09,3.363,4.836,3.918,2.8738935511,48.910644889999986,196.21064489000003,104.41064489
2023-10-10,3.337,4.73,3.881,2.8643948716,47.26051284000001,186.56051284000003,101.66051283999997
2023-10-11,3.276,4.665,3.813,2.7561586862,51.98413137999998,190.88413137999999,105.68413138000001
2023-10-12,3.342,4.758,3.896,2.7938537924,54.81462075999999,196.41462076,110.21462075999997
2023-10-13,3.321,4.775,3.882,2.8835732133,43.74267867000001,189.14267867000004,99.84267867000001
2023-10-16,3.409,4.778,3.912,2.8620178446,54.698215539999985,191.59821553999996,104.99821553999999
2023-10-17,3.503,4.892,4.004,2.9370802435,56.59197565,195.49197565000003,106.69197564999995
2023-10-18,3.552,4.984,4.054,2.9527097575,59.92902425,203.12902425,110.12902425000001
2023-10-19,3.542,4.945,4.033,3.0011097622,54.08902377999998,194.38902378000003,103.18902378000003
2023-10-20,3.513,4.923,4.0,2.9495121221,56.34878779000001,197.34878779000002,105.04878779000002
2023-10-23,3.482,4.842,3.966,2.9765842729,50.54157271000004,186.54157270999997,98.94157271000003
2023-10-24,3.463,4.847,3.951,2.8932419598,56.97580402,195.37580402000003,105.77580402
2023-10-25,3.517,4.916,4.005,2.9189824464,59.80175536000001,199.70175536000005,108.60175536000001
2023-10-26,3.48,4.85,3.96,2.9033934306,57.660656939999996,194.66065693999997,105.66065694
2023-10-27,3.452,4.812,3.929,2.8984970075,55.35029924999999,191.35029925000003,103.05029924999998
2023-10-30,3.441,4.74,3.9,2.9012196761,53.97803238999997,183.87803239,99.87803238999997
2023-10-31,3.43,4.726,3.886,2.8226726907,60.73273093,190.33273092999997,106.33273093
2023-11-01,3.383,4.673,3.842,2.8197946048,56.32053951999998,185.32053951999998,102.22053951999999
2023-11-02,3.307,4.557,3.759,2.7491134356,55.78865644,180.78865644000004,100.98865643999999
2023-11-03,3.233,4.447,3.68,2.7005766639,53.24233360999999,174.64233360999998,97.94233360999999
2023-11-06,3.335,4.584,3.796,2.7691646463,56.58353536999998,181.48353536999994,102.68353536999997
2023-11-07,3.257,4.493,3.722,2.7184321682,53.85678318,177.45678318000003,100.35678317999998
2023-11-08,3.205,4.478,3.663,2.6835389676,52.146103239999995,179.44610323999996,97.94610323999997
2023-11-09,3.233,4.513,3.698,2.7002831579,53.27168421000002,181.27168421,99.77168421
2023-11-10,3.3,4.578,3.77,2.7551960877,54.480391229999995,182.28039123000005,101.48039123000001
2023-11-13,3.289,4.56,3.766,2.7881690124,50.08309876000001,177.18309875999995,97.78309876
2023-11-14,3.154,4.411,3.632,2.6848069955,46.91930045000001,172.61930044999997,94.71930045000003
2023-11-15,3.21,4.451,3.671,2.6871053051,52.289469490000016,176.38946948999998,98.38946949000001
2023-11-16,3.147,4.348,3.586,2.6349265771,51.20734228999999,171.30734229,95.10734228999999
2023-11-17,3.159,4.366,3.601,2.6413046564,51.76953435999998,172.46953435999995,95.96953436
2023-11-20,3.178,4.359,3.609,2.6603005277,51.76994722999999,169.86994723,94.86994723
2023-11-21,3.126,4.321,3.56,2.624200413,50.179958699999986,169.67995869999996,93.57995869999999
2023-11-22,3.126,4.312,3.551,2.5855317528,54.046824719999975,172.64682472,96.54682472
2023-11-23,3.184,4.394,3.62,2.6657392323,51.826076770000014,172.82607677000001,95.42607677000001
2023-11-24,3.201,4.402,3.639,2.6869213104,51.40786896000002,171.50786896000002,95.20786896
2023-11-27,3.113,4.299,3.547,2.6289134686,48.40865314,167.00865314000004,91.80865314000002
2023-11-28,3.063,4.261,3.502,2.5892364669,47.376353310000006,167.17635331,91.27635330999996
2023-11-29,2.992,4.172,3.428,2.4830794967,50.89205033000002,168.89205033,94.49205033000001
2023-11-30,3.027,4.236,3.475,2.5285020009,49.84979991,170.74979990999998,94.64979991
2023-12-01,2.929,4.103,3.361,2.4797884548,44.92115451999999,162.32115451999996,88.12115452000002
2023-12-04,2.923,4.119,3.365,2.3892714774,53.372852260000016,172.97285226,97.57285226000003
2023-12-05,2.8,3.994,3.254,2.3269332366,47.30667633999999,166.70667634000003,92.70667634
2023-12-06,2.746,3.951,3.205,2.2782674646,46.77325354000001,167.27325354,92.67325354000002
2023-12-07,2.728,3.946,3.195,2.2353317021,49.26682979000003,171.06682979000004,95.96682978999999
2023-12-08,2.827,4.068,3.298,2.3534261872,47.35738127999998,171.45738127999994,94.45738127999999
2023-12-11,2.823,4.068,3.3,2.3371734995,48.58265005,173.08265004999996,96.28265004999999
2023-12-12,2.771,4.005,3.241,2.3068463462,46.41536538,169.81536538,93.41536538000001
2023-12-13,2.714,3.94,3.177,2.2525470525,46.14529474999998,168.74529474999997,92.44529474999999
2023-12-14,2.64,3.789,3.078,2.2116980315,42.83019685,157.73019685,86.63019684999998
2023-12-15,2.549,3.727,2.999,2.1147842384,43.42157616,161.22157615999998,88.42157616000001
2023-12-18,2.608,3.773,3.058,2.1553213039,45.26786961,161.76786961,90.26786960999998
2023-12-19,2.522,3.642,2.958,2.0913589612,43.06410387999997,155.06410387999998,86.66410388000001
2023-12-20,2.479,3.605,2.918,2.0466529474,43.23470526,155.83470526,87.13470526
2023-12-21,2.466,3.586,2.895,2.0472863063,41.87136937,153.87136936999997,84.77136936999999
2023-12-22,2.476,3.549,2.895,2.0192952065,45.670479350000015,152.97047935,87.57047935000001
2023-12-27,2.409,3.484,2.827,1.9876091225,42.13908774999997,149.63908775,83.93908774999998
2023-12-28,2.475,3.601,2.904,2.0028420209,47.21579790999999,159.81579791,90.11579790999997
2023-12-29,2.558,3.699,2.991,2.0808856999,47.71143000999998,161.81143000999998,91.01143001
2024-01-02,2.595,3.721,3.029,2.1199493571,47.505064290000035,160.10506429000003,90.90506429
2024-01-03,2.557,3.7,2.999,2.1214189676,43.55810324,157.85810324000002,87.75810324000003
2024-01-04,2.653,3.8,3.103,2.2072419203,44.57580797,159.27580797,89.57580797000003
2024-01-05,2.68,3.829,3.132,2.2469256583,43.30743417000002,158.20743417000003,88.50743417000002
2024-01-08,2.662,3.813,3.112,2.2307313873,43.126861269999985,158.22686127,88.12686127
2024-01-09,2.724,3.855,3.163,2.2570451998,46.69548002000003,159.79548002,90.59548002
2024-01-10,2.748,3.851,3.18,2.2732383195,47.476168050000034,157.77616805000002,90.67616805000003
2024-01-11,2.743,3.817,3.162,2.2583578869,48.46421131,155.86421131000003,90.36421131
2024-01-12,2.678,3.732,3.091,2.226207696,45.1792304,150.57923040000003,86.47923040000003
2024-01-15,2.735,3.813,3.155,2.2810119759,45.39880241,153.19880241000004,87.39880241
2024-01-16,2.75,3.83,3.173,2.2599486199,49.00513801000002,157.00513801000002,91.30513801000002
2024-01-17,2.816,3.919,3.249,2.3394291535,47.65708465,157.95708465,90.95708465000003
2024-01-18,2.847,3.927,3.27,2.363052963,48.39470370000001,156.3947037,90.69470370000002
2024-01-19,2.831,3.88,3.245,2.3846269956,44.63730043999998,149.53730043999997,86.03730044
2024-01-22,2.788,3.846,3.206,2.3354762926,45.25237073999997,151.05237074,87.05237073999999
2024-01-23,2.846,3.921,3.27,2.3886325322,45.73674678000002,153.23674677999998,88.13674678000001
2024-01-24,2.842,3.907,3.267,2.3845432402,45.74567597999999,152.24567598,88.24567597999997
2024-01-25,2.783,3.832,3.203,2.3687528773,41.42471227,146.32471227,83.42471226999999
2024-01-26,2.785,3.825,3.201,2.3883232291,39.66767709000001,143.66767709,81.26767709
2024-01-29,2.72,3.739,3.132,2.3251514995,39.48485005000002,141.38485004999998,80.68485005000001
2024-01-30,2.76,3.804,3.178,2.3328476651,42.715233489999974,147.11523348999998,84.51523348999999
2024-01-31,2.661,3.727,3.089,2.26580157,39.51984300000002,146.119843,82.31984300000002
2024-02-01,2.646,3.717,3.077,2.2542621453,39.17378547000001,146.27378547000004,82.27378547000002
2024-02-02,2.74,3.816,3.168,2.2752204759,46.477952410000036,154.07795241,89.27795241000003
2024-02-05,2.82,3.889,3.236,2.380938321,43.90616789999999,150.8061679,85.50616790000004
2024-02-06,2.805,3.862,3.217,2.3871789716,41.782102840000015,147.48210284,82.98210284000001
2024-02-07,2.827,3.894,3.243,2.3747592768,45.224072320000005,151.92407232000002,86.82407232
2024-02-08,2.865,3.934,3.282,2.4271401791,43.78598209000004,150.68598209000004,85.48598209000002
2024-02-09,2.895,3.972,3.371,2.461190883,43.3809117,151.0809117,90.98091170000001
2024-02-12,2.864,3.912,3.323,2.4517828411,41.221715889999984,146.02171589,87.12171588999999
2024-02-13,2.89,3.943,3.339,2.4619773052,42.80226948000001,148.10226948000002,87.70226948
2024-02-14,2.828,3.86,3.267,2.445205132,38.279486799999994,141.4794868,82.1794868
2024-02-15,2.841,3.858,3.272,2.3870546854,45.39453146000003,147.09453146,88.49453145999999
2024-02-16,2.874,3.88,3.296,2.4712489514,40.275104860000035,140.87510486000002,82.47510486
2024-02-19,2.886,3.906,3.317,2.471856408,41.41435920000003,143.41435920000004,84.51435920000003
2024-02-20,2.849,3.865,3.281,2.4409811023,40.80188977000003,142.40188977000003,84.00188977000002
2024-02-21,2.928,3.952,3.363,2.4744667685,45.35332314999998,147.75332314999997,88.85332314999998
2024-02-22,2.908,3.915,3.339,2.4798051672,42.81948328,143.51948328,85.91948328000001
2024-02-23,2.825,3.808,3.251,2.4384341998,38.65658002000001,136.95658001999996,81.25658001999997
2024-02-26,2.906,3.895,3.329,2.467280003,43.87199970000002,142.7719997,86.17199970000003
2024-02-27,2.94,3.907,3.355,2.4929769097,44.70230903000001,141.40230903000003,86.20230903000001
2024-02-28,2.932,3.894,3.345,2.5167377375,41.52622624999998,137.72622625,82.82622625
2024-02-29,2.88,3.84,3.281,2.4801097363,39.98902636999997,135.98902636999998,80.08902637
2024-03-01,2.909,3.896,3.315,2.5034683242,40.55316757999998,139.25316758,81.15316758
2024-03-04,2.873,3.823,3.272,2.4336236988,43.93763012000002,138.93763012,83.83763011999999
2024-03-05,2.791,3.711,3.178,2.3635148956,42.74851044000001,134.74851044,81.44851044
2024-03-06,2.786,3.661,3.159,2.3597086823,42.62913177000001,130.12913177000001,79.92913176999998
2024-03-07,2.744,3.612,3.109,2.3402473323,40.37526677000001,127.17526677,76.87526676999998
2024-03-08,2.72,3.581,3.081,2.3031809889,41.68190111000003,127.78190111,77.78190111
2024-03-11,2.758,3.628,3.127,2.3591203019,39.88796981,126.88796981000002,76.78796980999998
2024-03-12,2.776,3.609,3.137,2.3776217828,39.83782171999999,123.13782172,75.93782172000002
2024-03-13,2.799,3.593,3.154,2.4038314531,39.51685468999999,118.91685469,75.01685468999999
2024-03-14,2.868,3.69,3.225,2.4862550511,38.17449488999998,120.37449488999998,73.87449489
2024-03-15,2.876,3.695,3.238,2.4946028896,38.13971104,120.03971104,74.33971104000001
2024-03-18,2.889,3.683,3.241,2.5102098433,37.87901566999996,117.27901566999996,73.07901566999999
2024-03-19,2.892,3.716,3.258,2.4846293611,40.73706388999998,123.13706389000001,77.33706389
2024-03-20,2.876,3.717,3.249,2.4862311056,38.976889439999994,123.07688944000002,76.27688944000002
2024-03-21,2.843,3.676,3.205,2.4697606676,37.32393323999999,120.62393324,73.52393323999999
2024-03-22,2.796,3.639,3.155,2.37785216,41.81478399999996,126.11478399999996,77.71478399999995
2024-03-25,2.85,3.695,3.208,2.4260237468,42.39762532000002,126.89762532,78.19762532000003
2024-03-26,2.836,3.657,3.181,2.4049985204,43.10014795999999,125.20014796000001,77.60014796000002
2024-03-27,2.786,3.614,3.129,2.3510584666,43.49415334,126.29415333999998,77.79415334
2024-03-28,2.803,3.677,3.153,2.359935488,44.306451199999984,131.7064512,79.3064512
2024-04-02,2.924,3.808,3.263,2.4863921225,43.760787750000006,132.16078775,77.66078775
2024-04-03,2.915,3.833,3.266,2.48413956,43.086044,134.88604400000003,78.186044
2024-04-04,2.868,3.715,3.193,2.4113003171,45.66996829000001,130.36996829,78.16996829000003
2024-04-05,2.912,3.786,3.237,2.4361684019,47.58315981000001,134.98315981000002,80.08315981000003
2024-04-08,2.927,3.799,3.254,2.4923312998,43.46687002,130.66687002,76.16687002
2024-04-09,2.858,3.717,3.181,2.4321874511,42.58125489000002,128.48125489000003,74.88125489000001
2024-04-10,2.922,3.772,3.24,2.483955421,43.8044579,128.80445789999996,75.60445790000001
2024-04-11,2.938,3.849,3.286,2.5216754851,41.63245149000004,132.73245149000005,76.43245149000002
2024-04-12,2.866,3.743,3.188,2.4069398686,45.90601314000003,133.60601314000002,78.10601314000003
2024-04-15,2.961,3.848,3.282,2.5043256274,45.66743725999998,134.36743725999997,77.76743726
2024-04-16,3.007,3.916,3.332,2.565459395,44.154060500000014,135.0540605,76.65406049999999
2024-04-17,2.987,3.886,3.307,2.54460631,44.239369000000025,134.13936900000004,76.23936900000001
2024-04-18,3.006,3.895,3.315,2.5551833059,45.08166940999998,133.98166941,75.98166941
2024-04-19,3.008,3.897,3.307,2.5772617894,43.07382105999999,131.97382105999998,72.97382105999999
2024-04-22,2.986,3.816,3.263,2.5694069878,41.65930122000003,124.65930122,69.35930122
2024-04-23,3.0,3.814,3.275,2.5613382913,43.86617087000002,125.26617087000002,71.36617087000002
2024-04-24,3.09,3.961,3.384,2.6439607161,44.60392838999998,131.70392839,74.00392838999998
2024-04-25,3.129,3.997,3.434,2.6968869031,43.21130969000002,130.01130969000002,73.71130969000004
2024-04-26,3.062,3.887,3.359,2.623464679,43.85353209999998,126.3535321,73.5535321
2024-04-29,3.03,3.823,3.302,2.5936184515,43.63815485,122.93815485000002,70.83815485000002
2024-04-30,3.078,3.879,3.351,2.6368704855,44.112951450000004,124.21295145000002,71.41295145000002
2024-05-02,3.046,3.866,3.318,2.6192687619,42.67312380999999,124.67312381000002,69.87312381000001
2024-05-03,2.999,3.82,3.268,2.545998065,45.300193500000006,127.40019349999999,72.20019349999998
2024-05-06,2.977,3.802,3.251,2.5137096838,46.329031619999974,128.82903162,73.72903161999997
2024-05-07,2.919,3.757,3.201,2.4769806556,44.201934440000024,128.00193444000004,72.40193444000002
2024-05-08,2.965,3.802,3.253,2.5155847885,44.941521149999986,128.64152115000002,73.74152115000001
2024-05-09,2.997,3.835,3.284,2.5485134906,44.84865093999999,128.64865094,73.54865093999999
2024-05-10,3.022,3.858,3.313,2.5607710993,46.12289006999997,129.72289007,75.22289007
2024-05-13,3.014,3.858,3.3,2.5539771945,46.002280549999995,130.40228055000003,74.60228055
2024-05-14,3.061,3.897,3.34,2.5869324297,47.406757029999994,131.00675703,75.30675702999999
2024-05-15,2.924,3.735,3.193,2.4997507148,42.42492851999997,123.52492851999996,69.32492851999999
2024-05-16,2.947,3.753,3.209,2.5059329536,44.10670464000002,124.70670464000003,70.30670464000002
2024-05-17,3.011,3.813,3.273,2.5736443805,43.73556194999999,123.93556195,69.93556195
2024-05-20,3.018,3.816,3.286,2.5928737019,42.51262980999999,122.31262980999999,69.31262981000002
2024-05-21,2.998,3.802,3.272,2.56338861,43.46113900000002,123.861139,70.86113899999998
2024-05-22,3.033,3.833,3.305,2.5938440854,43.91559145999997,123.91559146,71.11559145999999
2024-05-23,3.082,3.893,3.353,2.6421578714,43.98421286000001,125.08421286,71.08421286000004
2024-05-24,3.078,3.895,3.349,2.6524141248,42.55858751999999,124.25858752,69.65858752000003
2024-05-27,3.03,3.833,3.3,2.5984978775,43.150212249999996,123.45021225000004,70.15021225
2024-05-28,3.083,3.901,3.349,2.6248221592,45.81778408000004,127.61778407999999,72.41778408000003
2024-05-29,3.178,4.016,3.436,2.7193243024,45.867569759999995,129.66756976,71.66756975999999
2024-05-30,3.15,3.962,3.391,2.7374225597,41.25774402999998,122.45774403,65.35774402999999
2024-05-31,3.148,3.974,3.392,2.7015587512,44.64412488000002,127.24412488000003,69.04412488
2024-06-03,3.063,3.887,3.301,2.6614829951,40.15170049000001,122.55170048999999,63.95170049000001
2024-06-04,3.035,3.859,3.282,2.597435378,43.7564622,126.15646219999999,68.45646219999999
2024-06-05,2.988,3.809,3.23,2.5676072225,42.039277750000004,124.13927775000002,66.23927775
2024-06-06,3.041,3.864,3.279,2.6218140315,41.918596849999986,124.21859684999998,65.71859684999998
2024-06-07,3.118,3.97,3.398,2.6867722412,43.12277588,128.32277588000002,71.12277588000002
2024-06-10,3.239,4.08,3.493,2.7385184555,50.04815444999999,134.14815445000002,75.44815444999999
2024-06-11,3.24,4.068,3.456,2.70750727,53.249273000000045,136.04927299999997,74.84927300000001
2024-06-12,3.159,3.922,3.362,2.5967936569,56.22063430999997,132.52063431000002,76.52063431
2024-06-13,3.184,3.951,3.375,2.5855197162,59.84802838000003,136.54802838,78.94802838000001
2024-06-14,3.138,3.925,3.333,2.4086873262,72.93126738,151.63126738,92.43126738000002
2024-06-17,3.165,3.948,3.359,2.4874036276,67.75963724,146.05963724,87.15963724
2024-06-18,3.118,3.886,3.311,2.476220875,64.17791249999998,140.9779125,83.47791249999999
2024-06-19,3.157,3.943,3.345,2.4754923156,68.15076844000001,146.75076844,86.95076844000002
2024-06-20,3.157,3.944,3.34,2.5093927539,64.76072461000003,143.46072461,83.06072461000001
2024-06-21,3.164,3.944,3.334,2.4501759972,71.38240028,149.38240027999998,88.38240028
2024-06-24,3.15,3.935,3.328,2.4790816716,67.09183284,145.59183284000002,84.89183283999999
2024-06-25,3.124,3.929,3.318,2.4437824241,68.02175758999999,148.52175758999996,87.42175759
2024-06-26,3.19,3.995,3.383,2.4887604599,70.12395401,150.62395401,89.42395401
2024-06-27,3.268,4.03,3.405,2.4895226334,77.84773665999998,154.04773666000003,91.54773665999998
2024-06-28,3.288,4.067,3.411,2.5019106798,78.60893201999998,156.50893202000003,90.90893202000001
2024-07-01,3.349,4.112,3.472,2.6351168331,71.38831669000001,147.68831669,83.68831669
2024-07-02,3.32,4.067,3.456,2.625718203,69.42817969999999,144.12817970000003,83.02817970000001
2024-07-03,3.257,3.992,3.386,2.6278943813,62.910561870000016,136.41056187,75.81056187000002
2024-07-04,3.279,4.003,3.4,2.6237373697,65.52626302999998,137.92626303,77.62626302999998
2024-07-05,3.212,3.941,3.345,2.5996836001,61.231639990000005,134.13163998999997,74.53163999
2024-07-08,3.168,3.891,3.306,2.5707227465,59.727725350000014,132.02772535,73.52772535000001
2024-07-09,3.253,3.954,3.368,2.5941446777,65.88553223,135.98553223000002,77.38553222999998
2024-07-10,3.185,3.863,3.306,2.5570724353,62.79275647000002,130.59275647,74.89275647000002
2024-07-11,3.125,3.79,3.237,2.498110511,62.688948899999986,129.18894889999999,73.8889489
2024-07-12,3.15,3.793,3.261,2.5167895001,63.32104999000001,127.62104999000003,74.42104999000003
2024-07-15,3.113,3.748,3.23,2.5140039627,59.89960373000001,123.39960373000002,71.59960373000001
2024-07-16,3.086,3.708,3.2,2.4645170295,62.14829704999998,124.34829705000001,73.54829705000002
2024-07-17,3.076,3.714,3.196,2.4612971986,61.47028014,125.27028013999998,73.47028014000001
2024-07-18,3.071,3.719,3.198,2.4367519932,63.424800680000004,128.22480068,76.12480067999998
2024-07-19,3.13,3.779,3.247,2.4965557827,63.34442173000001,128.24442173,75.04442173000001
2024-07-22,3.148,3.777,3.258,2.5105437773,63.74562227,126.64562227,74.74562226999998
2024-07-23,3.127,3.751,3.233,2.4776943683,64.93056316999999,127.33056317,75.53056317000002
2024-07-24,3.147,3.798,3.261,2.4715110514,67.54889485999999,132.64889486,78.94889486000002
2024-07-25,3.117,3.777,3.242,2.4339080215,68.30919784999998,134.30919785,80.80919784999998
2024-07-26,3.109,3.762,3.232,2.4245461772,68.44538228000002,133.74538228,80.74538228000003
2024-07-29,3.066,3.709,3.186,2.3896297176,67.63702823999998,131.93702824,79.63702823999998
2024-07-30,3.057,3.703,3.167,2.3544882773,70.25117226999997,134.85117226999995,81.25117226999996
2024-07-31,3.013,3.653,3.117,2.3290703135,68.39296865,132.39296865,78.79296865
2024-08-01,2.988,3.645,3.093,2.281431255,70.65687449999997,136.35687449999998,81.15687449999997
2024-08-02,2.957,3.627,3.055,2.1969689437,76.00310563,143.00310563,85.80310563000002
2024-08-05,2.978,3.685,3.091,2.2355219221,74.24780779000004,144.94780779,85.54780779000004
2024-08-06,2.951,3.657,3.069,2.2599321468,69.10678531999999,139.70678532,80.90678531999997
2024-08-07,3.013,3.708,3.132,2.365213727,64.7786273,134.2786273,76.67862730000002
2024-08-08,3.009,3.699,3.131,2.3631468252,64.58531748,133.58531748,76.78531747999999
2024-08-09,2.965,3.644,3.085,2.3179681699,64.70318301,132.60318301000004,76.70318301
2024-08-12,2.969,3.642,3.081,2.3271464977,64.18535023000001,131.48535023,75.38535023000001
2024-08-13,2.924,3.576,3.029,2.2926891188,63.131088120000015,128.33108812000003,73.63108812000002
2024-08-14,2.916,3.567,3.02,2.2853210792,63.067892079999986,128.16789208,73.46789208
2024-08-15,2.981,3.639,3.093,2.3521344146,62.88655853999998,128.68655853999996,74.08655854
2024-08-16,2.983,3.641,3.097,2.3349911132,64.80088868,130.60088868,76.20088867999999
2024-08-19,2.974,3.624,3.083,2.3506021122,62.339788780000035,127.33978878000003,73.23978878000004
2024-08-20,2.944,3.594,3.042,2.326133018,61.786698199999975,126.78669819999998,71.58669819999997
2024-08-21,2.908,3.565,3.009,2.3059555781,60.20444219000001,125.90444219000001,70.30444219
2024-08-22,2.95,3.615,3.052,2.3222276477,62.77723523,129.27723523,72.97723522999999
2024-08-23,2.93,3.568,3.02,2.3545848339,57.54151661,121.34151660999999,66.54151660999999
2024-08-26,2.957,3.597,3.048,2.3611574784,59.584252159999984,123.58425215999999,68.68425216
2024-08-27,3.01,3.664,3.102,2.397613636,61.238636399999976,126.63863640000001,70.4386364
2024-08-28,2.987,3.65,3.094,2.3663694885,62.06305114999999,128.36305114999996,72.76305114999997
2024-08-29,2.993,3.656,3.101,2.3795267524,61.34732476,127.64732476000003,72.14732476
2024-08-30,3.012,3.691,3.123,2.3888297669,62.31702331000002,130.21702331,73.41702331000005
2024-09-02,3.038,3.705,3.149,2.4485558581,58.94441418999996,125.64441418999999,70.04441418999998
2024-09-03,3.002,3.675,3.105,2.3718172551,63.018274489999996,130.31827449,73.31827449000001
2024-09-04,2.932,3.585,3.033,2.3230518592,60.89481407999999,126.19481408,70.99481408
2024-09-05,2.907,3.567,3.019,2.3052108156,60.17891843999998,126.17891844,71.37891843999999
2024-09-06,2.885,3.556,3.0,2.3113879433,57.36120566999996,124.46120566999998,68.86120566999998
2024-09-09,2.884,3.548,2.999,2.2959799036,58.80200963999997,125.20200963999999,70.30200964
2024-09-10,2.85,3.514,2.965,2.2834241895,56.657581050000026,123.05758105,68.15758105
2024-09-11,2.817,3.464,2.929,2.2136942997,60.33057003,125.03057002999998,71.53057002999996
2024-09-12,2.85,3.542,2.963,2.2396543029,61.03456971000001,130.23456971,72.33456971000001
2024-09-13,2.84,3.514,2.944,2.2602491803,57.97508196999996,125.37508196999995,68.37508196999997
2024-09-16,2.827,3.478,2.918,2.2479888331,57.901116689999995,123.00111669000002,67.00111669000002
2024-09-17,2.857,3.5,2.943,2.2486269095,60.83730905000002,125.13730905,69.43730905000001
2024-09-18,2.918,3.573,3.002,2.2985907322,61.940926780000005,127.44092677999998,70.34092677999996
2024-09-19,2.93,3.555,2.993,2.3048459818,62.515401819999994,125.01540182,68.81540181999996
2024-09-20,2.964,3.56,3.003,2.3288316667,63.516833329999976,123.11683332999999,67.41683332999999
2024-09-23,2.947,3.518,2.964,2.3026272101,64.43727899000002,121.53727899,66.13727899000001
2024-09-24,2.914,3.48,2.931,2.2891839665,62.481603350000015,119.08160335,64.18160335
2024-09-25,2.981,3.538,2.992,2.291416671,68.9583329,124.65833289999999,70.05833290000001
2024-09-26,2.971,3.484,2.96,2.2537673608,71.72326392000001,123.02326392,70.62326392
2024-09-27,2.926,3.457,2.931,2.2521148846,67.38851154000001,120.48851153999998,67.88851154
2024-09-30,2.925,3.465,2.936,2.2367867384,68.82132615999996,122.82132615999997,69.92132615999998
2024-10-01,2.821,3.377,2.84,2.1442488285,67.67511715000003,123.27511714999999,69.57511715
2024-10-02,2.864,3.427,2.887,2.2298357908,63.41642091999997,119.71642091999999,65.71642091999999
2024-10-03,2.935,3.478,2.926,2.2890716162,64.59283837999999,118.89283838,63.69283838
2024-10-04,2.988,3.514,2.971,2.3213268231,66.66731768999998,119.26731768999997,64.96731768999999
2024-10-07,3.021,3.568,3.015,2.3680772013,65.29227986999997,119.99227986999999,64.69227987
2024-10-08,3.016,3.554,2.996,2.3786118387,63.73881613000001,117.53881612999999,61.738816130000004
2024-10-09,3.028,3.56,3.014,2.3672195539,66.07804460999999,119.27804461,64.67804460999997
2024-10-10,3.023,3.533,2.992,2.3821347867,64.08652133000001,115.08652133,60.98652133
2024-10-11,3.042,3.56,3.018,2.4091492224,63.285077759999986,115.08507776,60.88507775999999
2024-10-14,3.035,3.548,3.012,2.407755502,62.7244498,114.0244498,60.42444979999999
2024-10-15,2.961,3.465,2.946,2.3391978925,62.18021074999997,112.58021074999998,60.68021075000001
2024-10-16,2.918,3.41,2.898,2.2888657969,62.91342031,112.11342031,60.91342031
2024-10-17,2.938,3.405,2.906,2.3141522729,62.38477271000002,109.08477270999998,59.18477271000002
2024-10-18,2.899,3.36,2.874,2.2940883656,60.49116344000001,106.59116343999999,57.991163440000015
2024-10-21,3.013,3.511,3.0,2.3808484055,63.21515944999998,113.01515945,61.91515944999999
2024-10-22,3.053,3.554,3.03,2.3997309158,65.32690841999997,115.42690841999996,63.02690841999996
2024-10-23,3.036,3.524,3.007,2.4337504295,60.224957050000015,109.02495705000001,57.32495705000002
2024-10-24,2.987,3.47,2.948,2.3715160286,61.54839714000002,109.84839714000003,57.64839714000001
2024-10-25,3.041,3.511,2.994,2.397353001,64.3646999,111.36469990000002,59.66469990000003
2024-10-28,3.013,3.496,2.98,2.3810519633,63.194803669999985,111.49480367,59.894803669999995
2024-10-29,3.079,3.565,3.033,2.4331853634,64.58146366000004,113.18146366000002,59.98146366000001
2024-10-30,3.115,3.628,3.082,2.4724594585,64.25405415000003,115.55405415000001,60.95405414999999
2024-10-31,3.136,3.666,3.102,2.520945558,61.50544419999999,114.50544419999997,58.105444199999965
2024-11-01,3.162,3.686,3.115,2.4894847017,67.25152983,119.65152983,62.55152983000003
2024-11-04,3.138,3.668,3.095,2.487138698,65.0861302,118.08613020000003,60.78613020000003
2024-11-05,3.159,3.672,3.128,2.4983617341,66.06382658999999,117.36382659000002,62.96382659000002
2024-11-06,3.176,3.738,3.145,2.5113246974,66.46753026,122.66753025999999,63.367530259999995
2024-11-07,3.205,3.737,3.177,2.5240289566,68.09710434,121.29710434,65.29710434
2024-11-08,3.121,3.661,3.103,2.4700578721,65.09421279,119.09421279000001,63.294212790000024
2024-11-11,3.077,3.593,3.053,2.4420946519,63.49053480999998,115.09053480999998,61.09053480999997
2024-11-12,3.135,3.636,3.105,2.4280603265,70.69396735,120.79396735000003,67.69396735000002
2024-11-13,3.131,3.624,3.105,2.474171259,65.68287409999999,114.98287410000003,63.08287410000002
2024-11-14,3.081,3.547,3.045,2.4479041589,63.30958410999998,109.90958411,59.70958410999998
2024-11-15,3.083,3.556,3.051,2.4575629867,62.543701330000005,109.84370132999999,59.34370133
2024-11-18,3.102,3.573,3.069,2.4743486696,62.765133039999995,109.86513304,59.465133040000005
2024-11-19,3.081,3.554,3.044,2.4309080958,65.00919042,112.30919041999998,61.30919042000001
2024-11-20,3.1,3.575,3.051,2.4474474548,65.25525452000002,112.75525452000004,60.35525452000003
2024-11-21,3.101,3.576,3.038,2.3987406434,70.22593565999999,117.72593566,63.92593565999998
2024-11-22,3.047,3.505,2.973,2.3562386849,69.07613151000001,114.87613150999998,61.676131509999976
2024-11-25,3.023,3.479,2.938,2.3014732166,72.15267834000004,117.75267834000003,63.65267834000004
2024-11-26,3.031,3.461,2.937,2.2988076041,73.21923959000003,116.21923959,63.819239589999995
2024-11-27,3.015,3.404,2.891,2.261384337,75.36156630000002,114.2615663,62.9615663
2024-11-28,2.946,3.344,2.841,2.2248257945,72.11742055,111.91742054999997,61.61742055000001
2024-11-29,2.893,3.275,2.787,2.1852246483,70.77753516999996,108.97753516999997,60.17753516999997
2024-12-02,2.916,3.26,2.765,2.1381738703,77.78261296999997,112.18261296999997,62.682612969999994
2024-12-03,2.896,3.241,2.753,2.1245018989,77.14981010999998,111.64981010999999,62.84981010999999
2024-12-04,2.897,3.215,2.754,2.1609470857,73.60529142999997,105.40529142999998,59.30529142999998
2024-12-05,2.894,3.204,2.763,2.1952120266,69.87879734,100.87879734,56.778797339999976
2024-12-06,2.875,3.194,2.756,2.1639756999,71.10243001,103.00243001,59.202430009999986
2024-12-09,2.873,3.195,2.756,2.1848501571,68.81498429000001,101.01498428999997,57.11498428999997
2024-12-10,2.873,3.207,2.762,2.196991766,67.60082340000002,101.00082339999999,56.5008234
2024-12-11,2.892,3.196,2.763,2.2067122243,68.52877757,98.92877757000002,55.62877757
2024-12-12,2.975,3.337,2.848,2.2590743687,71.59256313000002,107.79256313000003,58.89256313
2024-12-13,3.034,3.389,2.918,2.3306589016,70.33410983999997,105.83410983999997,58.73410984
2024-12-16,3.044,3.399,2.931,2.3320425144,71.19574856000001,106.69574856000001,59.895748560000015
2024-12-17,3.036,3.387,2.924,2.3137164817,72.22835182999998,107.32835182999997,61.02835182999997
2024-12-18,3.054,3.409,2.94,2.339148239,71.48517609999998,106.98517609999998,60.08517609999999
2024-12-19,3.111,3.473,3.0,2.4054384768,70.55615232000001,106.75615231999997,59.45615231999999
2024-12-20,3.084,3.45,2.978,2.3746841926,70.93158073999999,107.53158074,60.33158074
2024-12-23,3.142,3.502,3.026,2.4023438214,73.96561785999998,109.96561785999997,62.365617859999965
2024-12-24,3.138,3.495,3.023,2.4054591254,73.25408745999997,108.95408746,61.754087459999994
2024-12-27,3.205,3.537,3.072,2.4317999928,77.32000072000002,110.52000072000001,64.02000072000003
2024-12-30,3.195,3.532,3.06,2.4473038368,74.76961631999997,108.46961631999999,61.26961631999998
